score,API名称,API链接,API_Host,Endpoint名称,Endpoint描述,Endpoint种类,Endpoint必须参数,Endpoint可选参数
0.5255985260009766,Pamfax,https://rapidapi.com/pamfax/api/pamfax/,pamfax-pamfax.p.rapidapi.com,GET:Send,Start the fax sending. Only successfull if all necessary data is set to the fax: at least 1 recipient and a cover page or a file uploaded. Will only work if user has enough credit to pay for the fax. You may pass in a datetime when the fax shall be sent. This must be a string...,FaxJob,[{}],"[{'参数名': ['send_at'], '参数类型': ['STRING'], '参数注意事项': ['Datetime when the fax shall be sent']}]"
0.5054043531417847,Scrape Phone Email Social Media Account Company Address,https://rapidapi.com/ixartz/api/scrape-phone-email-social-media-account-company-address/,scrape-phone-email-social-media-account-company-address.p.rapidapi.com,GET:Get business information,Scrape Phone Email Social Media Account Company Address,,"[{'参数名': ['domain'], '参数类型': ['STRING'], '参数注意事项': ['']}]",[{}]
0.47989875078201294,Pamfax,https://rapidapi.com/pamfax/api/pamfax/,pamfax-pamfax.p.rapidapi.com,GET:SendLater,Put the fax in the unpaid faxes queue. Only possible if user has NOT enough credit to send this fax directly. You may pass in a datetime when the fax shall be sent. This must be a string formatted in the users chosen culture (so exactly as you would show it to him) and may no...,FaxJob,[{}],"[{'参数名': ['send_at'], '参数类型': ['STRING'], '参数注意事项': ['Datetime when the fax shall be sent']}]"
0.46457186341285706,Pamfax,https://rapidapi.com/pamfax/api/pamfax/,pamfax-pamfax.p.rapidapi.com,GET:ListRecentFaxes,Returns a list of latest faxes for the user. Does not contain deleted and delayed faxes (See ListTrash for deleted faxes).,FaxHistory,[{}],"[{'参数名': ['count', 'data_to_list'], '参数类型': ['STRING', 'STRING'], '参数注意事项': ['The count of items to return. Valid values are between 1 and 100 (default: 15)', ""Any message types you want this function to return. Allowed models are 'sent', 'inbox', 'outbox'. Leave empty to get faxes of any type.""]}]"
0.46014469861984253,Ultimate SERP Project,https://rapidapi.com/relu-consultancy-relu-consultancy-default/api/ultimate-serp-project/,ultimate-serp-project.p.rapidapi.com,GET:ContactInfoFinder,"Discover the power of deep web crawling with our ContactInfoFinder API. The ""ContactInfoFinder"" endpoint is a powerful tool that extracts essential contact information, including emails, phone numbers, and physical addresses, directly from a website's ""Contact Us"" page.",,"[{'参数名': ['token', 'url'], '参数类型': ['STRING', 'STRING'], '参数注意事项': ['', '']}]",[{}]
0.4521602392196655,Pamfax,https://rapidapi.com/pamfax/api/pamfax/,pamfax-pamfax.p.rapidapi.com,GET:ListSentFaxes,List all sent faxes (successful or not),FaxHistory,[{}],"[{'参数名': ['current_page'], '参数类型': ['STRING'], '参数注意事项': ['The page which should be shown (default: 1)']}]"
0.44706273078918457,Online Email Validation and Discovery,https://rapidapi.com/manuelriel/api/online-email-validation-and-discovery/,crm-toolbox.p.rapidapi.com,GET:Guess email from name and domain,"Enter a first name, last name and domain. We will check common email patterns and test if they are correct.",,"[{'参数名': ['first', 'last', 'domain'], '参数类型': ['STRING', 'STRING', 'STRING'], '参数注意事项': ['', '', '']}]",[{}]
0.4379851818084717,Phone Validator API,https://rapidapi.com/inutil-inutil-default/api/phone-validator-api/,phone-validator-api.p.rapidapi.com,GET:Is mobile?,Returns true or false depending on whether the number is a mobile line or not.,,"[{'参数名': ['phone'], '参数类型': ['NUMBER'], '参数注意事项': ['']}]",[{}]
0.43599528074264526,Pamfax,https://rapidapi.com/pamfax/api/pamfax/,pamfax-pamfax.p.rapidapi.com,GET:SetRecipients,Creates recipients for the current fax. All recipients are replaced with the given ones! Note that each name may be 80 characters long. More characters will be cut off.,FaxJob,[{}],"[{'参数名': ['names'], '参数类型': ['STRING'], '参数注意事项': ['Optional array of recipient names, lnegth must match length of numbers argument']}]"
0.4322053790092468,Pamfax,https://rapidapi.com/pamfax/api/pamfax/,pamfax-pamfax.p.rapidapi.com,GET:GetNumberInfo,"Get some information about a fax number. Result contains zone, type, city, … Validates and corrects the number too.",NumberInfo,"[{'参数名': ['apikey', 'apicheck', 'faxnumber'], '参数类型': ['STRING', 'STRING', 'STRING'], '参数注意事项': ['description', 'description', 'The faxnumber to query (incl countrycode: +12139851886, min length: 8)']}]",[{}]
0.43080922961235046,Phone Validator API,https://rapidapi.com/inutil-inutil-default/api/phone-validator-api/,phone-validator-api.p.rapidapi.com,GET:Is possible?,"Validates phone number length, returns true or false.",,"[{'参数名': ['phone'], '参数类型': ['NUMBER'], '参数注意事项': ['']}]",[{}]
0.4296554923057556,Pamfax,https://rapidapi.com/pamfax/api/pamfax/,pamfax-pamfax.p.rapidapi.com,GET:GetPagePrice,"Calculate the expected price per page to a given fax number. Use GetNumberInfo when you do not need pricing information, as calculating expected price takes longer then just looking up the info for a number.",NumberInfo,"[{'参数名': ['apikey', 'apicheck', 'faxnumber'], '参数类型': ['STRING', 'STRING', 'STRING'], '参数注意事项': ['description', 'description', 'The faxnumber to query (incl countrycode: +12139851886, min length: 8). Login user first to get personalized prices.']}]",[{}]
0.4210893511772156,Phone Mass,https://rapidapi.com/natanhelp/api/phone-mass/,phone-mass.p.rapidapi.com,GET:Main Usage,"You know what this API will do.
Just provide a phone number.",,"[{'参数名': ['phone'], '参数类型': ['STRING'], '参数注意事项': ['']}]",[{}]
0.4189251661300659,Pamfax,https://rapidapi.com/pamfax/api/pamfax/,pamfax-pamfax.p.rapidapi.com,GET:ListUnpaidFaxes,"Lists all unpaid faxes That are waiting for a payment. When this user makes a transaction to add credit, these faxes will be sent automatically if they are younger that 2 hours.",FaxHistory,[{}],"[{'参数名': ['current_page', 'items_per_page'], '参数类型': ['STRING', 'STRING'], '参数注意事项': ['The page which should be shown (default: 1)', 'How many items are shown per page (default: 20)']}]"
0.4157341718673706,Phone Validator API,https://rapidapi.com/inutil-inutil-default/api/phone-validator-api/,phone-validator-api.p.rapidapi.com,GET:Fetch full metadata,This endpoint will return the full metadata of the number included on the request.,,"[{'参数名': ['phone'], '参数类型': ['NUMBER'], '参数注意事项': ['']}]",[{}]
0.4123349189758301,Pamfax,https://rapidapi.com/pamfax/api/pamfax/,pamfax-pamfax.p.rapidapi.com,GET:ListInboxFaxes,List all faxes in the inbox of the current user.,FaxHistory,[{}],"[{'参数名': ['current_page', 'items_per_page'], '参数类型': ['STRING', 'STRING'], '参数注意事项': ['The page which should be shown (default: 1)', 'How many items are shown per page (default: 20)']}]"
0.4119285047054291,Pamfax,https://rapidapi.com/pamfax/api/pamfax/,pamfax-pamfax.p.rapidapi.com,GET:ListAvailableCovers,"Returns a list of all coverpages the user may use. Result includes the ""no cover"" if the fax job already contains a file as in that case there's no need to add a cover.",FaxJob,[{}],"[{'参数名': ['defaults_if_empty'], '参数类型': ['STRING'], '参数注意事项': ['optional (default: true)']}]"
0.4078274369239807,Phone Validator API,https://rapidapi.com/inutil-inutil-default/api/phone-validator-api/,phone-validator-api.p.rapidapi.com,GET:Type,"Returns phone number type (fixed line, mobile, toll free, etc); or undefined if the number is invalid or if there are no phone number type regular expressions for this country in metadata.",,"[{'参数名': ['phone'], '参数类型': ['NUMBER'], '参数注意事项': ['']}]",[{}]
0.406830370426178,Email finder,https://rapidapi.com/nicholasbudiharsa/api/email-finder8/,email-finder8.p.rapidapi.com,GET:Fetch email of a person,"Get email of anyone in the internet. Best for lead generation, prospecting, and cold marketing.",,"[{'参数名': ['first_name', 'last_name', 'domain'], '参数类型': ['STRING', 'STRING', 'STRING'], '参数注意事项': ['', '', '']}]",[{}]
0.40671128034591675,Pamfax,https://rapidapi.com/pamfax/api/pamfax/,pamfax-pamfax.p.rapidapi.com,GET:CountFaxes,Returns the number of faxes from users history with a specific state.,FaxHistory,"[{'参数名': ['apikey', 'apicheck', 'type', 'usertoken'], '参数类型': ['STRING', 'STRING', 'STRING', 'STRING'], '参数注意事项': ['description', 'description', 'Possible values: history, inbox, inbox_unread, outbox or unpaid', '']}]",[{}]
0.40499937534332275,Comparable Companies,https://rapidapi.com/ComparableCompanies/api/comparable-companies/,comparable-companies.p.rapidapi.com,GET:/contacts,Returns a list of contact persons (incl. email addresses) at a given company.,contacts,"[{'参数名': ['domain'], '参数类型': ['STRING'], '参数注意事项': ['(Required) The company domain for which you want to look up contacts for (e.g. unilever.com). Providing a URL works as well, we will then parse the domain on our end.']}]",[{}]
0.4044835567474365,Pamfax,https://rapidapi.com/pamfax/api/pamfax/,pamfax-pamfax.p.rapidapi.com,GET:ListOutboxFaxes,Faxes in the outbox that are currently in the sending process,FaxHistory,[{}],"[{'参数名': ['current_page', 'items_per_page'], '参数类型': ['STRING', 'STRING'], '参数注意事项': ['The page which should be shown (default: 1)', 'How many items are shown per page (default: 20)']}]"
0.40007853507995605,Online Email Validation and Discovery,https://rapidapi.com/manuelriel/api/online-email-validation-and-discovery/,crm-toolbox.p.rapidapi.com,GET:Discover emails by domain,Find emails belonging to a domain. Useful to guess the address pattern used in a company.,,"[{'参数名': ['domain'], '参数类型': ['STRING'], '参数注意事项': ['']}]",[{}]
0.3986039459705353,Phone Validator API,https://rapidapi.com/inutil-inutil-default/api/phone-validator-api/,phone-validator-api.p.rapidapi.com,GET:Is valid?,"Validates both phone number length and the actual phone number digits, returns true or false.",,"[{'参数名': ['phone'], '参数类型': ['NUMBER'], '参数注意事项': ['']}]",[{}]
0.3925824761390686,Phone Validator API,https://rapidapi.com/inutil-inutil-default/api/phone-validator-api/,phone-validator-api.p.rapidapi.com,GET:Format number,Returns the phone number on standardized formats.,,"[{'参数名': ['phone'], '参数类型': ['NUMBER'], '参数注意事项': ['']}]",[{}]
0.3886856436729431,Phone Validator API,https://rapidapi.com/inutil-inutil-default/api/phone-validator-api/,phone-validator-api.p.rapidapi.com,GET:Is fixed?,Returns true or false depending on whether the number is fixed or not.,,"[{'参数名': ['phone'], '参数类型': ['NUMBER'], '参数注意事项': ['']}]",[{}]
0.38563141226768494,Irish Company Data,https://rapidapi.com/appaio/api/irish-company-data3/,irish-company-data3.p.rapidapi.com,GET:Search,"Here, you can search by either company name, company id, or company address in Ireland. This is sourced directly from government data, and ideal for KYB purposes.",default,[{}],"[{'参数名': ['company_name', 'company_num', 'address'], '参数类型': ['STRING', 'NUMBER', 'STRING'], '参数注意事项': ['', '', '']}]"
0.3838689923286438,Pamfax,https://rapidapi.com/pamfax/api/pamfax/,pamfax-pamfax.p.rapidapi.com,GET:GetFaxState,Returns the state of the current fax.,FaxJob,"[{'参数名': ['apikey', 'apicheck', 'usertoken'], '参数类型': ['STRING', 'STRING', 'STRING'], '参数注意事项': ['description', 'description', '']}]",[{}]
0.379317045211792,Pamfax,https://rapidapi.com/pamfax/api/pamfax/,pamfax-pamfax.p.rapidapi.com,GET:Create,"Creates a new fax in the API backend and returns it. If a fax job is currently in edit mode in this session, this fax job is returned instead. Note: This is not an error. It provides you with the possibility to continue with the fax.",FaxJob,"[{'参数名': ['apikey', 'apicheck', 'usertoken', 'user_ip', 'user_agent', 'origin'], '参数类型': ['STRING', 'STRING', 'STRING', 'STRING', 'STRING', 'STRING'], '参数注意事项': ['description', 'description', '', 'The IP address of the client (if available). If you pass an invalid IP address (i.e. just a ""0""), the current public caller IP will be used.', 'User agent string of the client device. If not available, put something descriptive (like ""iPhone OS 2.2"")', 'From where was this fax started? i.e. ""printer"", ""desktop"", ""home"", … For reporting and analysis purposes.']}]",[{}]
0.37837234139442444,International Phone Number Validation,https://rapidapi.com/Ag4memnon/api/international-phone-number-validation/,ag4memnon-international-phone-number-validation-v1.p.rapidapi.com,GET:phone_number,"Takes in a phone number and 2 character alpha country code (which can be retrieved from the countries endpoint) and returns a self-describing object describing the number. The API returns if the number is possible, as well as some geo-location data on where the number may be l...",,"[{'参数名': ['country_code_alpha2', 'phone_number'], '参数类型': ['STRING', 'STRING'], '参数注意事项': ['', '']}]",[{}]
0.37799733877182007,Phone Validator API,https://rapidapi.com/inutil-inutil-default/api/phone-validator-api/,phone-validator-api.p.rapidapi.com,GET:Country code number,Returns the digits between the + and the national number when the number is written in international format.,,"[{'参数名': ['phone'], '参数类型': ['NUMBER'], '参数注意事项': ['']}]",[{}]
0.37668514251708984,International Phone Number Validation,https://rapidapi.com/Ag4memnon/api/international-phone-number-validation/,ag4memnon-international-phone-number-validation-v1.p.rapidapi.com,GET:countries,Gets a list of countries compatible with the phone number validator,,[{}],[{}]
0.37349772453308105,Pamfax,https://rapidapi.com/pamfax/api/pamfax/,pamfax-pamfax.p.rapidapi.com,GET:ListCountries,"Returns a preview page for a fax. May be in progress, sent or from inbox.",Common,"[{'参数名': ['apikey', 'apicheck'], '参数类型': ['STRING', 'STRING'], '参数注意事项': ['description', 'description']}]",[{}]
0.3731229305267334,Business and company name API,https://rapidapi.com/propensterapi-propensterapi-default/api/business-and-company-name-api/,business-and-company-name-api.p.rapidapi.com,GET:Search Company By Name,Do you know the company name? you can make a search of company information with just the name. You will get hits of all companies and businesses that are matching that particular name.,,"[{'参数名': ['companyName', 'limit', 'page'], '参数类型': ['STRING', 'NUMBER', 'NUMBER'], '参数注意事项': ['', '', '']}]",[{}]
0.3727654814720154,regex_everything,https://rapidapi.com/walidmoultamis/api/regex_everything/,regex_everything.p.rapidapi.com,GET:check if it's an email,"returns true if it is an email
and false if it is not",,"[{'参数名': ['value'], '参数类型': ['STRING'], '参数注意事项': ['']}]",[{}]
0.3724428117275238,Technology User Lists,https://rapidapi.com/kerryblake/api/technology-user-lists/,technology-user-lists.p.rapidapi.com,GET:Salesforce Customers List,"With an experience of over two decades, Technology User Lists’ 100% accurate,",,[{}],[{}]
0.37204790115356445,Zillow Working API,https://rapidapi.com/sorowerhossan01/api/zillow-working-api/,zillow-working-api.p.rapidapi.com,GET:/search/byaddress,Let you search zillow website. you can input area/address or any customised filtered url here.,Search Zillow (Address or URL),"[{'参数名': ['query', 'page'], '参数类型': ['STRING', 'STRING'], '参数注意事项': ['', '']}]",[{}]
0.37151268124580383,German Company Data,https://rapidapi.com/Implisense/api/german-company-data/,german-company-data.p.rapidapi.com,GET:/companies/{id}/data,"This endpoint returns the basic information of the company with the given identifier. The information includes all the core data (name, address), web data if known (phone, fax, email, url, social media profiles), legal information (registry, founding date, capital), up to thre...",Get Data,"[{'参数名': ['id'], '参数类型': ['STRING'], '参数注意事项': ['The Implisense identifier of the company.']}]",[{}]
0.3710266053676605,firstApi,https://rapidapi.com/mohan21-mohan21-default/api/firstapi52/,firstapi52.p.rapidapi.com,GET:dsfafafas,et er wtwe,,[{}],[{}]
0.3677734136581421,HC Marketers,https://rapidapi.com/sophiaethan930/api/hc-marketers1/,hc-marketers1.p.rapidapi.com,GET:doctors email list,"Our Doctors Email List will help you connect with the top Doctors worldwide. Our list consists of medical specialists who are the best in diagnosing and treating heart disorders. With the correct Mailing Database, you can reach out to these specialists and collaborate with the...",,[{}],[{}]
0.36643803119659424,Pamfax,https://rapidapi.com/pamfax/api/pamfax/,pamfax-pamfax.p.rapidapi.com,GET:GetPreview,Returns the states of all preview pages. Call after fax is ready (GetFaxState returns FAX_READY_TO_SEND).,FaxJob,"[{'参数名': ['apikey', 'apicheck', 'usertoken'], '参数类型': ['STRING', 'STRING', 'STRING'], '参数注意事项': ['description', 'description', '']}]",[{}]
0.36553987860679626,Companies API,https://rapidapi.com/doitpom/api/companies-api4/,companies-api4.p.rapidapi.com,GET:Get Request for Companies,"Our API provides seamless integration with your customers' existing systems, granting them direct access to real-time, accurate, and reliable data on companies across various industries.",,[{}],[{}]
0.3649753928184509,Pamfax,https://rapidapi.com/pamfax/api/pamfax/,pamfax-pamfax.p.rapidapi.com,GET:ListFaxFiles,Get all uploaded files for the current fax,FaxJob,"[{'参数名': ['apikey', 'apicheck', 'usertoken'], '参数类型': ['STRING', 'STRING', 'STRING'], '参数注意事项': ['description', 'description', '']}]",[{}]
0.36221808195114136,Convert Company Name to Website URL,https://rapidapi.com/crazyapi/api/convert-company-name-to-website-url/,convert-company-name-to-website-url.p.rapidapi.com,GET:getWebsite,Get Company Website from Company Name,,"[{'参数名': ['name'], '参数类型': ['STRING'], '参数注意事项': ['']}]",[{}]
0.3598007559776306,Pamfax,https://rapidapi.com/pamfax/api/pamfax/,pamfax-pamfax.p.rapidapi.com,GET:ListRecipients,Returns the recipients for the current fax.,FaxJob,[{}],"[{'参数名': ['current_page', 'items_per_page'], '参数类型': ['STRING', 'STRING'], '参数注意事项': ['The page which should be shown (default: 1)', 'How many items are shown per page (default: 100)']}]"
0.3593778908252716,Pamfax,https://rapidapi.com/pamfax/api/pamfax/,pamfax-pamfax.p.rapidapi.com,GET:EmptyTrash,Removes all faxes from trash for user and if user is member of a company and has delete rights also for the owners inbox faxes,FaxHistory,"[{'参数名': ['apikey', 'apicheck', 'usertoken'], '参数类型': ['STRING', 'STRING', 'STRING'], '参数注意事项': ['description', 'description', '']}]",[{}]
0.3587334156036377,Phone Number Validation by IP Address,https://rapidapi.com/bigdatacloud-pty-ltd-bigdatacloud-pty-ltd-default/api/phone-number-validation-by-ip-address/,phone-number-validation-by-ip-address.p.rapidapi.com,GET:Phone Number Validation by IP,Validates phone number using IP address.,,[{}],"[{'参数名': ['localityLanguage'], '参数类型': ['STRING'], '参数注意事项': ['']}]"
0.3586142063140869,property insights,https://rapidapi.com/caopengau/api/property-insights1/,property-insights1.p.rapidapi.com,GET:domain residential listings,residential listings from domain site,,[{}],[{}]
0.35836589336395264,Postcode NL,https://rapidapi.com/edwardbrosens/api/postcode-nl/,edwardbrosens-postcode-nl-v1.p.rapidapi.com,GET:zipcode,Get Street and City based on zipcode,,[{}],"[{'参数名': ['mode'], '参数类型': ['STRING'], '参数注意事项': ['Mode, xml or json otherwhise you get json in plain text']}]"
0.35632359981536865,SIREN,https://rapidapi.com/fliot/api/siren/,siren.p.rapidapi.com,GET:url2siren,"From a website URL of a French company, get the company's SIREN registration number.",url2siren,"[{'参数名': ['protocol', 'domain'], '参数类型': ['STRING', 'STRING'], '参数注意事项': ['', '']}]",[{}]
0.35566478967666626,DeltaGain - UK Company Data and Accounts,https://rapidapi.com/deltagain/api/deltagain-uk-company-data-and-accounts/,deltagain.p.rapidapi.com,GET:Basic,"Information about a particular company, including name, registered office, accounts details, key dates and number of mortgages. Over 4 Million records.",Basic Company Data,"[{'参数名': ['company_number'], '参数类型': ['STRING'], '参数注意事项': ['']}]",[{}]
0.3549956977367401,Prepaid Legal API,https://rapidapi.com/businessangelsunited/api/prepaid-legal-api/,prepaid-legal-api.p.rapidapi.com,GET:Pre Paidlegal API,"Introducing the Prepaid Legal API: the ultimate solution for unleashing the full potential of web scraping in the legal domain! This API is a meticulously crafted masterpiece, designed to provide you with an unparalleled scraping experience.",,[{}],"[{'参数名': ['Legal'], '参数类型': ['STRING'], '参数注意事项': [""Introducing the Prepaid Legal API: the ultimate solution for unleashing the full potential of web scraping in the legal domain! This API is a meticulously crafted masterpiece, designed to provide you with an unparalleled scraping experience.\nPowered by the Web Scraper Express Deluxe, a state-of-the-art Node.js application built with the renowned Express framework, this API eliminates the hassles of server setup. It's like having a personal assistant handling all your web server needs, allowing you to focus on what truly matters.\nBut that's not all! With the Prepaid Legal API, you gain access to the formidable Axios library. Seamlessly make HTTP GET requests to any URL, effortlessly fetching legal data from the web. It's like having a dedicated fetcher working tirelessly to bring back the precise information you desire.\nAnd let's not forget the star of the show: the sensational Cheerio library. It's a game-changer in the world of web scraping, empowering you with jQuery-like selectors to extract relevant legal data from HTML responses. It's like having a treasure map leading you directly to the goldmine of information.\nBut wait, there's more! The Prepaid Legal API isn't just about scraping; it's about delivering the extracted information in style. With a single line of code, effortlessly send beautiful JSON responses to your clients, showcasing the legal information you've retrieved. It's like adding a shiny bow to a gift, leaving your clients impressed and eager for more.\nRest assured, we've also taken care of the messy parts. If any hiccups occur during the scraping process, the Prepaid Legal API has your back. It gracefully handles errors, logs them for easy debugging, and ensures your clients receive professional JSON responses with error messages and appropriate status codes.\nThe Prepaid Legal API isn't just code—it's a game-changer for legal data extraction. Whether you're a seasoned pro or embarking on your web scraping journey, this API will elevate your scraping skills to unprecedented heights. Don't miss out on this extraordinary opportunity to own a piece of cutting-edge technology.\nSo, why wait? Embrace the power of web scraping with the Prepaid Legal API today. Leave your clients in awe of your capabilities and surpass the competition. Seize this opportunity and unlock the path to extracting success!""]}]"
0.35489243268966675,SMS,https://rapidapi.com/plugincim-plugincim-default/api/sms144/,sms144.p.rapidapi.com,GET:SMS,SMS,,[{}],[{}]
0.35035187005996704,Business and company name API,https://rapidapi.com/propensterapi-propensterapi-default/api/business-and-company-name-api/,business-and-company-name-api.p.rapidapi.com,GET:Search By Registration Number,Search company information by the company or business' registration number issued by the CAC. It returns a single match if the registration number exists.,,"[{'参数名': ['regNumber'], '参数类型': ['STRING'], '参数注意事项': ['']}]",[{}]
0.3499044179916382,reminderof.me,https://rapidapi.com/ruggero/api/reminderof-me/,reminderofme.p.rapidapi.com,GET:User link hub,This endpoint allows you to retrieve a business card url list. You can use it to link a person's up-to-date link list to embed the contact in every context.,,"[{'参数名': ['username'], '参数类型': ['STRING'], '参数注意事项': ['The username chosen during the registration process']}]",[{}]
0.34945544600486755,GST Details & Filing Data,https://rapidapi.com/420vijay47/api/gst-details-filing-data/,gst-details-filing-data.p.rapidapi.com,GET:Get GST info & Filing Data,Just punch in the GSTIN & get company info & filing data.,,"[{'参数名': ['GSTIN'], '参数类型': ['STRING'], '参数注意事项': ['']}]",[{}]
0.3492080569267273,Crunchbase,https://rapidapi.com/shake-chillies-shake-chillies-default/api/crunchbase4/,crunchbase4.p.rapidapi.com,POST:Company details,Get company details such as,,[{}],[{}]
0.34871453046798706,Company Search,https://rapidapi.com/williambarberjr/api/company-search1/,company-search1.p.rapidapi.com,GET:CompanySearch,"Searches the web for matching companies returning three values for each match, the ""description"", ""title"", and ""url.""",,"[{'参数名': ['srchTerm'], '参数类型': ['STRING'], '参数注意事项': ['']}]",[{}]
0.3474375903606415,Jooble,https://rapidapi.com/jooble-jooble-default/api/jooble/,jooble.p.rapidapi.com,GET:John Holmes,8888,,[{}],[{}]
0.34691542387008667,email-regex-for-lazy,https://rapidapi.com/walidmoultamis/api/email-regex-for-lazy/,email-regex-for-lazy.p.rapidapi.com,GET:email regex,email regex return it if its an email,,"[{'参数名': ['value'], '参数类型': ['STRING'], '参数注意事项': ['']}]",[{}]
0.3466634154319763,Online Email Validation and Discovery,https://rapidapi.com/manuelriel/api/online-email-validation-and-discovery/,crm-toolbox.p.rapidapi.com,GET:Online validate email,Online validation of email address.,,"[{'参数名': ['email'], '参数类型': ['STRING'], '参数注意事项': ['']}]",[{}]
0.346505343914032,France Company Data,https://rapidapi.com/appaio/api/france-company-data/,france-company-data.p.rapidapi.com,GET:CompanySearchByName,"Do a broad search against the french company register; for example, one can search by name by using the term;",default,"[{'参数名': ['q'], '参数类型': ['STRING'], '参数注意事项': ['']}]",[{}]
0.3447822332382202,Crunchbase,https://rapidapi.com/veilleio-veilleio-default/api/crunchbase6/,crunchbase6.p.rapidapi.com,GET:Company Info,Provides access to scraped crunchbase company data.,,"[{'参数名': ['query'], '参数类型': ['STRING'], '参数注意事项': ['']}]",[{}]
0.34424567222595215,Companies in Dubai Free Zones,https://rapidapi.com/ggurjar333-Ihcu1gvzM24/api/companies-in-dubai-free-zones/,companies-in-dubai-free-zones.p.rapidapi.com,"GET:Electronics, Electrical, and ICT - Active Companies","Get all active Electronics, Electrical, and ICT businesses in Free zones",,[{}],[{}]
0.3440326452255249,Real Estate Market Metrics,https://rapidapi.com/dbeaudway/api/real-estate-market-metrics/,real-estate-market-metrics.p.rapidapi.com,GET:Information on Counties,Returns a list of all counties available with their name and region code. The region code can be used as a parameter in county data requests.,,[{}],[{}]
0.34068161249160767,regex_everything,https://rapidapi.com/walidmoultamis/api/regex_everything/,regex_everything.p.rapidapi.com,GET:check if it's an email_copy,"returns true if it is an email
and false if it is not",,[{}],[{}]
0.3404726982116699,Email Scraper,https://rapidapi.com/WRT/api/email-scraper/,email-scraper.p.rapidapi.com,GET:email-extractor,Get emails scraped from url provided,,"[{'参数名': ['url'], '参数类型': ['STRING'], '参数注意事项': ['']}]",[{}]
0.34008699655532837,Phone Number Validation and Verification,https://rapidapi.com/standingapi-standingapi-default/api/phone-number-validation-and-verification1/,phone-number-validation-and-verification1.p.rapidapi.com,GET:Validation Endpoint,Phone Number Validation and Verification API simply requires your phone number you'd like to check:,,"[{'参数名': ['phone'], '参数类型': ['STRING'], '参数注意事项': ['The phone number to validate and verify.']}]",[{}]
0.3393706679344177,France Company Data,https://rapidapi.com/appaio/api/france-company-data/,france-company-data.p.rapidapi.com,GET:CompanySearchByID,Search by a french company's SIREN or SIRET number - for example 642050199,default,"[{'参数名': ['id'], '参数类型': ['NUMBER'], '参数注意事项': ['']}]",[{}]
0.3388323187828064,IPQ Proxy Detection and Email Verification,https://rapidapi.com/IPQualityScore/api/ipq-proxy-detection-and-email-verification/,ipqualityscore-ipq-proxy-detection-v1.p.rapidapi.com,GET:IPQS Email Verification,"Verify if an email address exists with the mail service provider and detect disposable/fake email addresses commonly used by malicious fraudsters. This service is great for verifying user accounts, detecting fraudulent users/signups, and cleansing email marketing lists.",,"[{'参数名': ['apikey', 'email', 'format'], '参数类型': ['STRING', 'STRING', 'STRING'], '参数注意事项': ['API Key - Obtained from Creating a Free Account at IPQualityScore.com', 'Email Address to Query', 'The returned format can be in \\""json\\"" or \\""xml\\""']}]",[{}]
0.33862680196762085,Pamfax,https://rapidapi.com/pamfax/api/pamfax/,pamfax-pamfax.p.rapidapi.com,GET:ListTrash,Lists all faxes in trash.,FaxHistory,[{}],"[{'参数名': ['current_page', 'items_per_page'], '参数类型': ['STRING', 'STRING'], '参数注意事项': ['The page which should be shown (default: 1)', 'How many items are shown per page (default: 20)']}]"
0.3359527289867401,Linkedin Public Search,https://rapidapi.com/sametstalker/api/linkedin-public-search/,linkedin-public-search.p.rapidapi.com,GET:peoplesearch,Search peoples with name and surname keywords,,[{}],"[{'参数名': ['page'], '参数类型': ['STRING'], '参数注意事项': ['']}]"
0.3358341157436371,Realty Mole Property,https://rapidapi.com/realtymole/api/realty-mole-property-api/,realty-mole-property-api.p.rapidapi.com,GET:Rental Market Data,"Returns rental data for a single US zip code, including rent averages, rental listing composition, and historical rent trends. More info.",Market Data,"[{'参数名': ['zipCode'], '参数类型': ['STRING'], '参数注意事项': ['A valid 5-digit US zip code']}]",[{}]
0.3358094096183777,Dock API,https://rapidapi.com/dock-labs-ag-dock-labs-ag-default/api/dock-api1/,dock-api1.p.rapidapi.com,GET:/data/history,Gets the call history for your account,data,[{}],[{}]
0.3342263996601105,Powerful GSTIN Tool,https://rapidapi.com/velocityhub/api/powerful-gstin-tool/,powerful-gstin-tool.p.rapidapi.com,GET:Search GST by Company Name,Retrieve GST numbers and corresponding company names that match your search term,,"[{'参数名': ['name'], '参数类型': ['STRING'], '参数注意事项': ['']}]",[{}]
0.33418428897857666,Email Validator,https://rapidapi.com/belchiorarkad-FqvHs2EDOtP/api/email-validator51/,email-validator51.p.rapidapi.com,GET:Fast Validator,"Your personal sentinel against invalid email addresses. It tirelessly checks whether an email exists, is active, and not disposable.
Feed it an **email **query parameter and in return, it will provide detailed insights about the email address, including its status and t...",,"[{'参数名': ['email'], '参数类型': ['STRING'], '参数注意事项': ['']}]",[{}]
0.3341068923473358,123win0com,https://rapidapi.com/123win0com/api/123win0com/,123win0com.p.rapidapi.com,GET:123win0com,123Win0.com là một nhà cái trực tuyến được biết đến trong lĩnh vực cá cược và giải trí trực tuyến. Với nhiều năm kinh nghiệm hoạt động trong ngành,,[{}],[{}]
0.3333323895931244,Comprehensive Business Insights for Finnish Companies,https://rapidapi.com/woorati/api/comprehensive-business-insights-for-finnish-companies/,comprehensive-business-insights-for-finnish-companies.p.rapidapi.com,POST:Company detail,Company detail info,,[{}],[{}]
0.3332642614841461,SIREN,https://rapidapi.com/fliot/api/siren/,siren.p.rapidapi.com,POST:url2siren,"From a website URL of a French company, get the company's SIREN registration number.",url2siren,[{}],[{}]
0.32986319065093994,ICKALE,https://rapidapi.com/altintasiletisim/api/ickale/,ickale.p.rapidapi.com,GET:CustomerName,Müşteri isimlerini listeler,,[{}],[{}]
0.3295605182647705,Stockx pricing data and market analytics,https://rapidapi.com/oamdynamics/api/stockx-pricing-data-and-market-analytics/,stockx-pricing-data-and-market-analytics.p.rapidapi.com,GET:data,Receive stockx data.,,[{}],"[{'参数名': ['payout', 'sizeSales'], '参数类型': ['STRING', 'STRING'], '参数注意事项': ['', '']}]"
0.3292919397354126,Chartbeat,https://rapidapi.com/chartbeat/api/chartbeat/,mashape-community-chartbeat.p.rapidapi.com,GET:Live Quick Stats v3,"Returns an overview summary of the people on your domain right now. The number of people on a page, reading, writing, idle, etc… This call returns real-time data.",,"[{'参数名': ['apikey', 'host', 'jsonp', 'path'], '参数类型': ['STRING', 'STRING', 'STRING', 'STRING'], '参数注意事项': ['Your API Key.', 'The domain of the site you would like to query represented as a string.', 'The name of a function to wrap the return data in.', 'A specific path. If not given, data is from all paths. e.g. the path of http://chartbeat.com/signup/ is /signup/.']}]",[{}]
0.32708674669265747,Built on Wordpress,https://rapidapi.com/tom-VlOpEjPtv/api/built-on-wordpress/,built-on-wordpress.p.rapidapi.com,GET:Check URL,Provide a URL in a https://domain.com format and this API will tell you if that website is built on Wordpress.,,"[{'参数名': ['domain'], '参数类型': ['STRING'], '参数注意事项': ['']}]",[{}]
0.32684463262557983,Zip2Tax USA: Simplify Tax Rate Lookup,https://rapidapi.com/nemanjajanjic3/api/zip2tax-usa-simplify-tax-rate-lookup/,zip2tax-usa-simplify-tax-rate-lookup.p.rapidapi.com,GET:RetrieveTaxRateByZIP,Straightforward and efficient API function that allows users to obtain precise tax rate information by providing a ZIP code as input.,,"[{'参数名': ['zip'], '参数类型': ['STRING'], '参数注意事项': ['']}]",[{}]
0.3266580104827881,Website Categorization API,https://rapidapi.com/jakobgreenfeld/api/website-categorization-api/,website-categorization-api.p.rapidapi.com,GET:Categorize Website,Returns the top 3 categories for any website.,,"[{'参数名': ['url'], '参数类型': ['STRING'], '参数注意事项': ['']}]",[{}]
0.3260195255279541,Company Consultation Reportero Industrial Mexicano API,https://rapidapi.com/ZadotDev/api/company-consultation-reportero-industrial-mexicano-api/,company-consultation-reportero-industrial-mexicano-api.p.rapidapi.com,GET:Company By Name,Return company data,Consult Companies,"[{'参数名': ['name'], '参数类型': ['STRING'], '参数注意事项': ['']}]",[{}]
0.32528239488601685,Yaware.TimeTracker,https://rapidapi.com/api4yaware/api/yaware-timetracker/,api4yaware-yaware-data.p.rapidapi.com,POST:getManagers,Returns managers by email,,[{}],"[{'参数名': ['searchData[email]'], '参数类型': ['STRING'], '参数注意事项': ['Email of mananger to search']}]"
0.32504045963287354,Budgets AI Contacts DB,https://rapidapi.com/anand-3YLlqAijFU/api/budgets-ai-contacts-db/,budgets-ai-contacts-db.p.rapidapi.com,GET:Budgets Contacts,Given a Linkedin URL stub get the contact data for the professional,,"[{'参数名': ['linkedin_url'], '参数类型': ['STRING'], '参数注意事项': ['']}]",[{}]
0.32382380962371826,Company Enrichment,https://rapidapi.com/standingapi-standingapi-default/api/company-enrichment/,company-enrichment.p.rapidapi.com,GET:Company Enrichment Endpoint,"With Company Enrichment API, you can get the company details of any domain.",,"[{'参数名': ['domain'], '参数类型': ['STRING'], '参数注意事项': ['The domain of the company you want to get data from.']}]",[{}]
0.3235201835632324,Comparable Companies,https://rapidapi.com/ComparableCompanies/api/comparable-companies/,comparable-companies.p.rapidapi.com,GET:/similar,"The key feature of the comparable-companies API. This endpoint will return a list of companies that are similar to the one that has been provided. The endpoint will also return information about the queried domain through the variable ""frontend_company_info"".",similar,"[{'参数名': ['domain', 'limit'], '参数类型': ['STRING', 'NUMBER'], '参数注意事项': ['(Required) The company domain for which you want to look up similar companies for (e.g. unilever.com). Providing a URL works as well, we will then parse the domain on our end.', '(Optional) Max number of results to return. A lower limit leads to faster response times. Results beyond that limit are included in the response field \\""next_companies\\"" which only shows their domain name and similarity percentage.']}]",[{}]
0.3228464126586914,UK Property,https://rapidapi.com/kallumparr/api/uk-property/,uk-property.p.rapidapi.com,GET:Domestic EPC Search,Retrieves a maximum of the 10 closest properties to the supplied latitude and longitude.,,"[{'参数名': ['latitude', 'longitude', 'compliant'], '参数类型': ['STRING', 'STRING', 'BOOLEAN'], '参数注意事项': ['', '', '']}]",[{}]
0.32261377573013306,Chartbeat,https://rapidapi.com/chartbeat/api/chartbeat/,mashape-community-chartbeat.p.rapidapi.com,GET:Historical Traffic Series,Returns series of the traffic sources and/or page load time where the default time span of each data point is 5 minutes. You should use this call if you want to see a more granular picture of your data.,,"[{'参数名': ['apikey', 'host', 'jsonp', 'human', 'start', 'end', 'limit', 'fields'], '参数类型': ['STRING', 'STRING', 'STRING', 'STRING', 'STRING', 'STRING', 'STRING', 'STRING'], '参数注意事项': ['Your API Key.', 'The domain of the site you would like to query represented as a string.', 'The name of a function to wrap the return data in.', 'A boolean that tells the api call to return human readable start and end time in the form YYYY-mm-dd HH:MM:SS, as opposed to the unix timestamp. Default: false.', 'A string in the form of a unix timestamp, YYYY-mm-dd, YY-mm-dd HH:MM:SS or a time delta, where the time delta specified is start time prior to now. NOTE: start is only accepted in EST. Default: The start of today.', 'A string in the form of a unix timestamp, YYYY-mm-dd, YY-mm-dd HH:MM:SS. NOTE: end is only accepted in EST. Default: The end of today.', 'An integer or string that specifies the number of snapshots to return. e.g. 100 or time span from start to return snapshots for e.g. 10minutes, 3days, respectively. Default: the entire time span between start and end.', 'One or a comma separated list of: return: the number of returning visitors. new: the number of new visitors. people: the number of people on the domain. read: the number of people reading on the domain. domload: the DOM load time. engaged_time_avg: the average enagaged time. write: the number of people writing on the domain. idle: the number of people idle on the domain. internal: the number of people coming from an internal referrer. social: the number of people coming from social services. Default: people.']}]",[{}]
0.32259196043014526,American Company Business Data,https://rapidapi.com/zilinskivan/api/american-company-business-data/,american-company-business-data.p.rapidapi.com,GET:Search,Search business contacts,,"[{'参数名': ['s', 'c', 'p', 'ls'], '参数类型': ['STRING', 'STRING', 'NUMBER', 'NUMBER'], '参数注意事项': ['Search Query. Example: bank, sport, music … etc', 'Country Selector. Available Options: US, GB', 'Search by: 1 - company name, 2- address, 3-email, 4-web, 5-industry, 6-zip', 'Limit Start Page Offset: 0,50,100,150,…N']}]",[{}]
0.32249748706817627,QRLoot,https://rapidapi.com/raerae9919/api/qrloot/,qrloot.p.rapidapi.com,GET:Obtain YouTube Webpage QRCode,Getting the QRCode for YouTube.com,,[{}],"[{'参数名': ['url'], '参数类型': ['STRING'], '参数注意事项': ['']}]"
0.32241207361221313,QRCodeGeneratorAPI,https://rapidapi.com/salmanakbar264/api/qrcodegeneratorapi1/,qrcodegeneratorapi1.p.rapidapi.com,GET:GenerateQRCode,"This endpoint allows you to generate a QR code image based on the provided data. The data can be any text or URL that you want to encode into the QR code. The generated QR code image can be downloaded and used for various purposes, such as sharing information or linking to web...",,"[{'参数名': ['data'], '参数类型': ['STRING'], '参数注意事项': ['']}]",[{}]
0.32072657346725464,Postcodr,https://rapidapi.com/redgalaxy-redgalaxy-default/api/postcodr/,postcodr.p.rapidapi.com,GET:Lookup by postcode,Get addresses assigned to a specified postcode.,,"[{'参数名': ['q'], '参数类型': ['STRING'], '参数注意事项': ['']}]",[{}]
0.32071220874786377,ProProfs Knowledge Base Software,https://rapidapi.com/sameerbhatia/api/proprofs-knowledge-base-software/,sameerbhatia-proprofs-knowledge-base-software.p.rapidapi.com,GET:Knowledge Management Software,online knowledgebase,,[{}],[{}]
0.32069262862205505,German Company Data,https://rapidapi.com/appaio/api/german-company-data1/,german-company-data1.p.rapidapi.com,GET:AddressByCompanyId,Get company registered addresses by company ID,Basic operations,"[{'参数名': ['companyId__exact'], '参数类型': ['STRING'], '参数注意事项': ['']}]",[{}]
0.3206847608089447,Chartbeat,https://rapidapi.com/chartbeat/api/chartbeat/,mashape-community-chartbeat.p.rapidapi.com,GET:Live Histogram v3,"Returns a histogram where field values are summarized within ranges, as specified by breaks. The resulting histogram is returned as a list with one more element than the number of breaks. This call returns real-time data.",,"[{'参数名': ['apikey', 'host', 'jsonp', 'keys', 'breaks', 'path'], '参数类型': ['STRING', 'STRING', 'STRING', 'STRING', 'STRING', 'STRING'], '参数注意事项': ['Your API Key.', 'The domain of the site you would like to query represented as a string.', 'The name of a function to wrap the return data in.', ""The keys represent what data to return. To save on space, short names are used for values in several of the real-time API calls. One or a comma separated list of: pagetimer: Time to finish loading the dom. time_spent: Number of seconds on the page. domain: The domain name of the document (what's in the browser bar). uid: The chartbeat account. host: The reported domain (the dashboard the data goes to). title: Page title. new: First time visitor for the site in the last 30 days. path: Path of the page from location.pathname. referrer: Referrer from document.referrer. token: Temporary uuidevent's page session (regenerated when moving to another page). user: User token. window_height: window.innerHeight or document.body.offsetHeight. scroll_top: window.pageYOffset or document.body.scrollTop or document.documentElement.scrollTop. page_height: document.body.scrollHeight. read: The number of people reading. write: The number of people writing. idle: The number of people idle."", 'How to break the histogram data. e.g. 1,2,10 would return values from 0-1,1-2,2-10,10+. This function only works with numeric field values.', 'A specific path. If not given, data is from all paths. e.g. the path of http://chartbeat.com/signup/ is /signup/.']}]",[{}]
0.3205658793449402,German Company Data,https://rapidapi.com/Implisense/api/german-company-data/,german-company-data.p.rapidapi.com,GET:/companies/{id}/people,"This endpoint returns the information about people associated with the company with the given identifier. The information includes names, roles, email addresses, and phone numbers, if available.",Get Data,"[{'参数名': ['id'], '参数类型': ['STRING'], '参数注意事项': ['']}]",[{}]
0.3205033242702484,Zillow Working API,https://rapidapi.com/sorowerhossan01/api/zillow-working-api/,zillow-working-api.p.rapidapi.com,GET:/By Zillow URL,"Input Zillow URL: https://www.zillow.com/homes/3071%20IMPERIAL%20ST%20JACKSONVILLE,%20FL-%2032254/44466838_zpid/",Property Info - Advanced,[{}],"[{'参数名': ['url'], '参数类型': ['STRING'], '参数注意事项': ['']}]"
0.3203586935997009,Phone Validator API,https://rapidapi.com/inutil-inutil-default/api/phone-validator-api/,phone-validator-api.p.rapidapi.com,GET:Country ISO 3166,"Returns the officially assigned ISO alpha-2 country code, on ISO 3166-1 alpha-2 format.",,"[{'参数名': ['phone'], '参数类型': ['NUMBER'], '参数注意事项': ['']}]",[{}]
0.31952157616615295,Random Profession,https://rapidapi.com/ntokodouglas7-Y88hcHeUdv/api/random-profession/,random-profession.p.rapidapi.com,GET:Get user profession information,Endpoint retrieves user general information along with the corresponding profession.,,[{}],[{}]
0.31922006607055664,Japan company data,https://rapidapi.com/appaio/api/japan-company-data/,japan-company-data.p.rapidapi.com,GET:Search By Name,"This endpoint allows you to search for a Japanese company by name, such as ""間宮""",JP Company Data,"[{'参数名': ['name', 'limit', 'page'], '参数类型': ['STRING', 'NUMBER', 'NUMBER'], '参数注意事项': ['', '', '']}]",[{}]
0.3187394142150879,Real Estate Property API,https://rapidapi.com/certiapi-certiapi-default/api/real-estate-property-api/,real-estate-property-api.p.rapidapi.com,GET:Get Property Details by Address,"This endpoint will show all property details by its Address.
Send a URL parameter named ""assembledAddress"".
Optional Parameters for accuracy:
city
state
zip",,[{}],"[{'参数名': ['city', 'state', 'zip'], '参数类型': ['STRING', 'STRING', 'STRING'], '参数注意事项': ['', '', '']}]"
0.31773805618286133,DeltaGain - UK Company Data and Accounts,https://rapidapi.com/deltagain/api/deltagain-uk-company-data-and-accounts/,deltagain.p.rapidapi.com,GET:Search,Search Company or Officer,Basic Company Data,"[{'参数名': ['q'], '参数类型': ['STRING'], '参数注意事项': ['']}]",[{}]
0.31755009293556213,Pamfax,https://rapidapi.com/pamfax/api/pamfax/,pamfax-pamfax.p.rapidapi.com,GET:RemoveAllRecipients,Removes all recipients for the current fax.,FaxJob,"[{'参数名': ['apikey', 'apicheck', 'usertoken'], '参数类型': ['STRING', 'STRING', 'STRING'], '参数注意事项': ['description', 'description', '']}]",[{}]
0.3174988031387329,validate,https://rapidapi.com/vaideeswaran23-Qlt7-9KNZV/api/validate3/,validate3.p.rapidapi.com,GET:validate,"Simply validate the email by passing it in the query parameter.
The response json contains status key which will tell whether an email is valid or not.
status key can have 3 values
1) valid - indicates a valid email
2) invalid - indicates an invalid ema...",,"[{'参数名': ['email'], '参数类型': ['STRING'], '参数注意事项': ['']}]",[{}]
0.31646624207496643,Companies in Dubai Free Zones,https://rapidapi.com/ggurjar333-Ihcu1gvzM24/api/companies-in-dubai-free-zones/,companies-in-dubai-free-zones.p.rapidapi.com,GET:Active Companies,This endpoint returns all active businesses in Dubai Free Zones,,[{}],[{}]
0.3159768581390381,Web scraping and proxy,https://rapidapi.com/standingapi-standingapi-default/api/web-scraping-and-proxy/,web-scraping-and-proxy.p.rapidapi.com,GET:Target URL,"To make a request, you simply include the target URL API will return the data from that site. Optional configuration options, like proxies, location of the request, and more are possible to include.",,"[{'参数名': ['url'], '参数类型': ['STRING'], '参数注意事项': ['The URL to extract the data from. Note that this parameter should include the full HTTP Protocol (http:// or https://). If your URL has parameters, you should encode it. For example the & character would be encoded to %26. Your should check your language for native support of URL encoding or use a third party library.']}]",[{}]
0.31578558683395386,Email Validator,https://rapidapi.com/belchiorarkad-FqvHs2EDOtP/api/email-validator51/,email-validator51.p.rapidapi.com,GET:No FreeEmail,"The custodian of your professional standards. This endpoint ensures that only business and non-free email addresses make it through your registration process. It checks an email query parameter and reports back whether it belongs to a free provider or not, helping you maintain...",,"[{'参数名': ['email'], '参数类型': ['STRING'], '参数注意事项': ['']}]",[{}]
0.3155388832092285,Pamfax,https://rapidapi.com/pamfax/api/pamfax/,pamfax-pamfax.p.rapidapi.com,GET:StartPreviewCreation,Starts creating the preview for this fax. Call after fax is ready (GetFaxState returns FAX_READY_TO_SEND) DEPRECATED! Use FaxJob::GetPreview instead,FaxJob,"[{'参数名': ['apikey', 'apicheck', 'usertoken'], '参数类型': ['STRING', 'STRING', 'STRING'], '参数注意事项': ['description', 'description', '']}]",[{}]
0.3154528737068176,Powerful GSTIN Tool,https://rapidapi.com/velocityhub/api/powerful-gstin-tool/,powerful-gstin-tool.p.rapidapi.com,GET:Retrieve Address Information from GSTIN,"Retrieve address information associated with a given GSTIN (Goods and Services Tax Identification Number). GSTINs often have multiple associated addresses, including a principal place of business and additional addresses.",,"[{'参数名': ['GSTIN'], '参数类型': ['STRING'], '参数注意事项': ['']}]",[{}]
0.3145270347595215,Zillow Working API,https://rapidapi.com/sorowerhossan01/api/zillow-working-api/,zillow-working-api.p.rapidapi.com,GET:/search/byurl,Search by any zillow search URL. You can use any customised filter on Zillow then copy the url and paste it here.,Search Zillow (Address or URL),"[{'参数名': ['url'], '参数类型': ['STRING'], '参数注意事项': ['']}]",[{}]
0.3143060505390167,ipage_cep,https://rapidapi.com/diogenes/api/ipage_cep/,ipage_cep.p.rapidapi.com,GET:Zip code,Returns the address from the entered zip code,,"[{'参数名': ['cep', 'key'], '参数类型': ['STRING', 'STRING'], '参数注意事项': ['Brazilian zip code', 'access key']}]",[{}]
0.314108282327652,Yaware.TimeTracker,https://rapidapi.com/api4yaware/api/yaware-timetracker/,api4yaware-yaware-data.p.rapidapi.com,POST:getEmployees,Returns employees by passed parameters,,[{}],"[{'参数名': ['searchData[lastname]', 'searchData[email]', 'searchData[firstname]'], '参数类型': ['STRING', 'STRING', 'STRING'], '参数注意事项': [""Employess's lastname to search"", 'Email of employee', '']}]"
0.3139416575431824,Chartbeat,https://rapidapi.com/chartbeat/api/chartbeat/,mashape-community-chartbeat.p.rapidapi.com,GET:Historical Social Stats,"Returns social activity summarized over the given timespan. You should use this call if you want to discover broad information about your data where we already did the work providing the max, min, average or median.",,"[{'参数名': ['apikey', 'host', 'jsonp', 'human', 'start', 'end', 'properties', 'fields'], '参数类型': ['STRING', 'STRING', 'STRING', 'STRING', 'STRING', 'STRING', 'STRING', 'STRING'], '参数注意事项': ['Your API Key.', 'The domain of the site you would like to query represented as a string.', 'The name of a function to wrap the return data in.', 'A boolean that tells the api call to return human readable start and end time in the form YYYY-mm-dd HH:MM:SS, as opposed to the unix timestamp. Default: false.', 'A string in the form of a unix timestamp, YYYY-mm-dd, YY-mm-dd HH:MM:SS or a time delta, where the time delta specified is start time prior to now. NOTE: start is only accepted in EST. Default: 30 days ago.', 'A string in the form of a unix timestamp, YYYY-mm-dd, YY-mm-dd HH:MM:SS. NOTE: end is only accepted in EST. Default: The end of today.', 'The stat to apply to the data. Can be one or a comma separated list of max, min, avg, median. Default: max.', ""One or a comma separated list of: tw_url_mentions: how many times your site's url is mentioned on Twitter in the given time span. tw_handle_mentions: the amount of times your Twitter handle is mentioned on Twitter in the given time span. fb_page_likes: the number of likes on your Facebook page in the given time span. fb_domain_activity: the number of times someone likes or shares a page on your website through the Facebook widget in the given time span. Default: tw_url_mentions,fb_domain_activity.""]}]",[{}]
0.3139066696166992,GTmetrix,https://rapidapi.com/gtmetrix/api/gtmetrix/,gtmetrix-gtmetrix.p.rapidapi.com,GET:browsers,Retrieve a list of available browsers,,[{}],[{}]
0.31319865584373474,User Agent Parser,https://rapidapi.com/bigdatacloud-pty-ltd-bigdatacloud-pty-ltd-default/api/user-agent-parser1/,user-agent-parser1.p.rapidapi.com,GET:User Agent Parser,Returns parsed data from UA string in a readable format.,,"[{'参数名': ['userAgentRaw'], '参数类型': ['STRING'], '参数注意事项': ['']}]",[{}]
0.31296491622924805,Pamfax,https://rapidapi.com/pamfax/api/pamfax/,pamfax-pamfax.p.rapidapi.com,GET:ListSupportedFileTypes,Returns the supported file types for documents that can be faxed.,Common,"[{'参数名': ['apikey', 'apicheck'], '参数类型': ['STRING', 'STRING'], '参数注意事项': ['description', 'description']}]",[{}]
0.3128526508808136,Budgets AI Contacts DB,https://rapidapi.com/anand-3YLlqAijFU/api/budgets-ai-contacts-db/,budgets-ai-contacts-db.p.rapidapi.com,GET:Email_Linkedin,Returns the Linkedin if from email,,[{}],"[{'参数名': ['email'], '参数类型': ['STRING'], '参数注意事项': ['']}]"
0.3122250437736511,Zoopla,https://rapidapi.com/apidojo/api/zoopla/,zoopla.p.rapidapi.com,GET:properties/get-broadband,Get broadband information,properties,"[{'参数名': ['listing_id'], '参数类型': ['NUMBER'], '参数注意事项': ['The value of listing_id field returned in …/properties/list endpoint']}]",[{}]
0.31123924255371094,Zillow Working API,https://rapidapi.com/sorowerhossan01/api/zillow-working-api/,zillow-working-api.p.rapidapi.com,GET:By Zpid,Get Property Details By ZPID( you can see the zpid in the zillow url),Property Info - Minimalistic,"[{'参数名': ['zpid'], '参数类型': ['STRING'], '参数注意事项': ['']}]",[{}]
0.31103116273880005,Idealista,https://rapidapi.com/apidojo/api/idealista2/,idealista2.p.rapidapi.com,GET:zois/detail,Get information about specific zone of interest,zone of interest,[{}],"[{'参数名': ['country', 'language'], '参数类型': ['STRING', 'STRING'], '参数注意事项': ['One of the following it|es|pt', 'One of the following en|es|it|pt|de|fr|ro|ru|pl|sv|fi|nb|nl']}]"
0.3102859556674957,Companies in Dubai Free Zones,https://rapidapi.com/ggurjar333-Ihcu1gvzM24/api/companies-in-dubai-free-zones/,companies-in-dubai-free-zones.p.rapidapi.com,GET:FZCO (Individual & Non-Individual) - Active Companies,Get all active FZCO (Individual & Non-Individual) businesses in Free zones,,[{}],[{}]
0.30970704555511475,Ultimate SERP Project,https://rapidapi.com/relu-consultancy-relu-consultancy-default/api/ultimate-serp-project/,ultimate-serp-project.p.rapidapi.com,GET:Search Engine Results Scraper,"Submit a search term / keyword, location, page number, and search engine, and our API will quickly scrape and return all relevant result data - including website links, descriptions, sponsored/non-sponsored status, and listing numbers.",,"[{'参数名': ['token', 'keyword', 'engine', 'location', 'page'], '参数类型': ['STRING', 'STRING', 'STRING', 'STRING', 'STRING'], '参数注意事项': ['', 'Enter your SEARCH TERM / KEYWORD', 'Search Engine Names', 'two letter country code', 'Search up to a certain page. How many pages of results do you want? Maximum up to 2 pages are allowed']}]",[{}]
0.30960702896118164,Zillow Working API,https://rapidapi.com/sorowerhossan01/api/zillow-working-api/,zillow-working-api.p.rapidapi.com,GET:By Property Address,Minimalistic yet advanced. The API will find it's ZPID from property address at backend with 100% accuracy then get's you the property details.,Property Info - Minimalistic,"[{'参数名': ['propertyaddress'], '参数类型': ['STRING'], '参数注意事项': ['']}]",[{}]
0.30918240547180176,Netherlands Company Data,https://rapidapi.com/appaio/api/netherlands-company-data/,netherlands-company-data.p.rapidapi.com,GET:Company Profile,Get information about a Dutch company from it's KVK number.,default,"[{'参数名': ['kvk'], '参数类型': ['NUMBER'], '参数注意事项': ['']}]",[{}]
0.3090701699256897,German Company Data,https://rapidapi.com/appaio/api/german-company-data1/,german-company-data1.p.rapidapi.com,GET:ReferenceNumbersByCompanyId,Look up the reference numbers of a company (court register etc.) from company ID.,Basic operations,"[{'参数名': ['companyId__exact'], '参数类型': ['STRING'], '参数注意事项': ['']}]",[{}]
0.30896860361099243,Companies in Dubai Free Zones,https://rapidapi.com/ggurjar333-Ihcu1gvzM24/api/companies-in-dubai-free-zones/,companies-in-dubai-free-zones.p.rapidapi.com,GET:FZCO (Non-Individual) - Active Companies,Get all active FZCO (Non-Individual) businesses in Free zones,,[{}],[{}]
0.30871817469596863,567 Live app 2022,https://rapidapi.com/567liveapp/api/567-live-app-2022/,567-live-app-2022.p.rapidapi.com,GET:567 Live | Tải App Mới Nhất 2022 Tại Trang Chủ Chính Thức,"567 Live có trang chủ 567live.io duy nhất chính xác. Cung cấp đủ link tải 567 live app an toàn cho bạn phiên bản mới nhất.
Địa chỉ : 99 Giải Phóng, Đồng Tâm, Hai Bà Trưng, Hà Nội
Google map",,[{}],[{}]
0.30855563282966614,Forbes worlds billionaires list,https://rapidapi.com/snldnc-kpCtDKbxo_F/api/forbes-worlds-billionaires-list/,forbes-worlds-billionaires-list.p.rapidapi.com,GET:Get Billionaires,This method can get you full list of Forbes billionaires by year.If you want you can search by name or filtered by country or country of citizenship. This api can get list of people page by page and you can search max 100 limit per one request.,,[{}],"[{'参数名': ['name', 'country', 'countryOfCitizenship'], '参数类型': ['STRING', 'STRING', 'STRING'], '参数注意事项': ['', '', '']}]"
0.3081093430519104,Yelp Business API,https://rapidapi.com/sorowerhossan01/api/yelp-business-api/,yelp-business-api.p.rapidapi.com,GET:Each Business Scrape By URL,Scrape By Yelp URL. Ex. https://www.yelp.com/biz/capital-blossom-day-spa-washington,,"[{'参数名': ['url'], '参数类型': ['STRING'], '参数注意事项': ['']}]",[{}]
0.3074820637702942,Pamfax,https://rapidapi.com/pamfax/api/pamfax/,pamfax-pamfax.p.rapidapi.com,GET:RemoveCover,Removes the cover from fax,FaxJob,"[{'参数名': ['apikey', 'apicheck', 'usertoken'], '参数类型': ['STRING', 'STRING', 'STRING'], '参数注意事项': ['description', 'description', '']}]",[{}]
0.3070724606513977,Real Estate Market Metrics,https://rapidapi.com/dbeaudway/api/real-estate-market-metrics/,real-estate-market-metrics.p.rapidapi.com,GET:Information on Metropolitan Statistical Areas (MSA),Returns a list of all MSAs available with their name and region code. The region code can be used as a parameter in MSA data requests.,,[{}],[{}]
0.30695128440856934,DeltaGain - UK Company Data and Accounts,https://rapidapi.com/deltagain/api/deltagain-uk-company-data-and-accounts/,deltagain.p.rapidapi.com,GET:Financials,Financial Accounts for the previous 10 years for those companies that have filled electronically.,Advanced Company Information,"[{'参数名': ['company_number'], '参数类型': ['STRING'], '参数注意事项': ['']}]",[{}]
0.30691084265708923,Realty Mole Property,https://rapidapi.com/realtymole/api/realty-mole-property-api/,realty-mole-property-api.p.rapidapi.com,GET:Property Records,"Search for property records in a geographical area, or around a specific address. Returns the property features, owner details, tax assessment, and other property information. More i...",Property Data,[{}],"[{'参数名': ['address', 'city', 'state', 'zipCode', 'latitude', 'longitude', 'radius', 'propertyType', 'bedrooms', 'bathrooms', 'limit', 'offset'], '参数类型': ['STRING', 'STRING', 'STRING', 'STRING', 'NUMBER', 'NUMBER', 'NUMBER', 'STRING', 'NUMBER', 'NUMBER', 'NUMBER', 'NUMBER'], '参数注意事项': [""The address of the property, in the format of 'Street, City, State, Zip'. Used to retrieve data for a specific property, or together with the radius parameter to search for properties in a specific area"", 'The name of the city, used to search for properties in a specific city', 'The 2-character state abbreviation, used to search for properties in a specific state', 'The 5-digit zip code, used to search for properties in a specific zip code', 'The latitude of the search area. Use the latitude/longitude and radius parameters to search for properties in a specific area', 'The longitude of the search area. Use the latitude/longitude and radius parameters to search for properties in a specific area', 'The radius of the search area, in kilometers. Use in combination with the latitude/longitude or address parameters to search for properties in a specific area', 'The type of the property, used to search for properties matching this criteria. Supported values are: Single Family, Condo, Townhouse, Manufactured, Duplex-Triplex, Apartment, Land', 'The number of bedrooms, used to search for properties matching this criteria', 'The number of bathrooms, used to search for properties matching this criteria. Supports fractions to indicate partial bathrooms', 'The maximum number of property records to return, between 1 and 500. Defaults to 50 if not provided', 'The index of the first property record to return, used to paginate through large lists of results. Defaults to 0 if not provided']}]"
0.30678921937942505,5ka_Porocila,https://rapidapi.com/narocila/api/5ka_porocila/,5ka_porocila.p.rapidapi.com,GET:parse_data,description,,[{}],"[{'参数名': ['data'], '参数类型': ['STRING'], '参数注意事项': ['']}]"
0.3065261244773865,Yaware.TimeTracker,https://rapidapi.com/api4yaware/api/yaware-timetracker/,api4yaware-yaware-data.p.rapidapi.com,POST:getUsers,Get users by passed params,,[{}],"[{'参数名': ['searchData[firstname]', 'searchData[lastname]', 'searchData[email]'], '参数类型': ['STRING', 'STRING', 'STRING'], '参数注意事项': ['First name of user', 'Last name of user', 'Email of user']}]"
0.30649837851524353,Yaware.TimeTracker,https://rapidapi.com/api4yaware/api/yaware-timetracker/,api4yaware-yaware-data.p.rapidapi.com,POST:getUserLastActivity,Returns users last activity by email,,[{}],[{}]
0.3056356608867645,Email Search by EmailSherlock,https://rapidapi.com/infopay/api/email-search-by-emailsherlock/,emailsherlock.p.rapidapi.com,GET:EmailSherlock,EmailSherlock _api,api,"[{'参数名': ['email', 'client_ref'], '参数类型': ['STRING', 'STRING'], '参数注意事项': ['Email address to be searched', 'IP address of the client sending the request']}]",[{}]
0.30553972721099854,Powerful GSTIN Tool,https://rapidapi.com/velocityhub/api/powerful-gstin-tool/,powerful-gstin-tool.p.rapidapi.com,GET:Retrieve GST Details,Retrieves GST details for a given entity based on their GSTIN (Goods and Services Tax Identification Number),,"[{'参数名': ['GSTIN'], '参数类型': ['STRING'], '参数注意事项': ['']}]",[{}]
0.3049754798412323,Timeneye Time Tracking,https://rapidapi.com/dmdigital/api/timeneye-time-tracking/,dmdigital-timeneye-time-tracking.p.rapidapi.com,POST:getEntry,Returns details for the requested entry. Only user's entries can be retrieved.,,[{}],[{}]
0.3047359585762024,Users,https://rapidapi.com/rajbhupia/api/users148/,users148.p.rapidapi.com,GET:User Listing,User Listing,,[{}],[{}]
0.3036733865737915,Zillow Working API,https://rapidapi.com/sorowerhossan01/api/zillow-working-api/,zillow-working-api.p.rapidapi.com,GET:/By Zpid,"INPUT: ZPID(44466838)
Get Property Details By ZPID( you can see the zpid in the zillow url)",Property Info - Advanced,"[{'参数名': ['zpid'], '参数类型': ['STRING'], '参数注意事项': ['']}]",[{}]
0.30339640378952026,Belgium Company Data,https://rapidapi.com/appaio/api/belgium-company-data/,belgium-company-data.p.rapidapi.com,GET:SearchbyCompanyId,This API endpoint allows you to search for a Belgian company by its company ID,api.aspx,"[{'参数名': ['id'], '参数类型': ['NUMBER'], '参数注意事项': ['']}]",[{}]
0.3032149374485016,Companies in Dubai Free Zones,https://rapidapi.com/ggurjar333-Ihcu1gvzM24/api/companies-in-dubai-free-zones/,companies-in-dubai-free-zones.p.rapidapi.com,GET:FZCO (Individual) - Active Companies,Get all active FZCO (Individual) businesses in Free zones,,[{}],[{}]
0.30311650037765503,Dock API,https://rapidapi.com/dock-labs-ag-dock-labs-ag-default/api/dock-api1/,dock-api1.p.rapidapi.com,GET:/data/stats,Gets some statistics for your account,data,[{}],[{}]
0.30255836248397827,Tor detect,https://rapidapi.com/alexdonder999/api/tor-detect/,tor-detect.p.rapidapi.com,GET:Check IP,Check IP and get info,,[{}],"[{'参数名': ['geo'], '参数类型': ['BOOLEAN'], '参数注意事项': ['']}]"
0.301993727684021,Powerful GSTIN Tool,https://rapidapi.com/velocityhub/api/powerful-gstin-tool/,powerful-gstin-tool.p.rapidapi.com,GET:Retrieve GST Details - Mini,Retrieves basic GST details for a given entity based on their GSTIN (Goods and Services Tax Identification Number). This endpoint provides a subset of GST information.,,"[{'参数名': ['GSTIN'], '参数类型': ['STRING'], '参数注意事项': ['']}]",[{}]
0.3017764091491699,Unofficial Redfin,https://rapidapi.com/apidojo/api/unofficial-redfin/,unofficial-redfin.p.rapidapi.com,GET:auto-complete,Get auto complete suggestions by term or phrase.,,"[{'参数名': ['location'], '参数类型': ['STRING'], '参数注意事项': ['Any terms or phrases that you are familiar with.']}]",[{}]
0.3016625642776489,Realty Mole Property,https://rapidapi.com/realtymole/api/realty-mole-property-api/,realty-mole-property-api.p.rapidapi.com,GET:Property Sale Listings,"Search for sale listings in a geographical area or around a specific location. Returns the listed price, date, property features, and other listing information. More info.",Property Listings,[{}],"[{'参数名': ['address', 'city', 'state', 'zipCode', 'latitude', 'longitude', 'radius', 'propertyType', 'bedrooms', 'bathrooms', 'status', 'daysOld', 'limit', 'offset'], '参数类型': ['STRING', 'STRING', 'STRING', 'STRING', 'NUMBER', 'NUMBER', 'NUMBER', 'STRING', 'NUMBER', 'NUMBER', 'STRING', 'NUMBER', 'NUMBER', 'NUMBER'], '参数注意事项': [""The address of the property, in the format of 'Street, City, State, Zip'. Used to retrieve data for a specific property, or together with the radius parameter to search for listings in a specific area"", 'The name of the city, used to search for listings in a specific city', 'The two-character state abbreviation, used to search for listings in a specific state', 'The 5-digit zip code, used to search for listings in a specific zip code', 'The latitude of the search area. Use the latitude/longitude and radius parameters to search for listings in a specific area', 'The longitude of the search area. Use the latitude/longitude and radius parameters to search for listings in a specific area', 'The radius of the search area, in kilometers. Use in combination with the latitude/longitude or address parameters to search for listings in a specific area', 'The type of the property, used to search for listings matching this criteria. Supported values are: Single Family, Condo, Townhouse, Manufactured, Duplex-Triplex, Apartment, Land', 'The number of bedrooms, used to search for listings matching this criteria', 'The number of bathrooms, used to search for listings matching this criteria. Supports fractions to indicate partial bathrooms', 'The current listing status, used to search for listings matching this criteria. Supported values are: Active, Inactive', 'The maximum number of days since a property was listed on the market, with a minimum of 1', 'The maximum number of listings to return, between 1 and 500. Defaults to 50 if not provided', 'The index of the first listing to return, used to paginate through large lists of results. Defaults to 0 if not provided']}]"
0.3013334274291992,OFAC Service,https://rapidapi.com/archieamarsanaa/api/ofac-service/,ofac-service.p.rapidapi.com,GET:GET /data/info,Gets an information about OFAC database.,,[{}],[{}]
0.3013279438018799,Realtor,https://rapidapi.com/epctex-epctex-default/api/realtor26/,realtor26.p.rapidapi.com,GET:locationLookup,Lookup for locations that are available to use. This endpoint's key attribute is necessary for search requests.,Location,"[{'参数名': ['location'], '参数类型': ['STRING'], '参数注意事项': ['Location for the search results']}]",[{}]
0.30116403102874756,Realty in CA,https://rapidapi.com/apidojo/api/realty-in-ca1/,realty-in-ca1.p.rapidapi.com,GET:locations/v2/auto-complete,"Get auto complete suggestions by city, ward, street name or an actual address",,[{}],"[{'参数名': ['CultureId', 'IncludeLocations'], '参数类型': ['NUMBER', 'BOOLEAN'], '参数注意事项': ['1 - English|2 - French', 'Whether or not include locations']}]"
0.3011265695095062,Zillow Working API,https://rapidapi.com/sorowerhossan01/api/zillow-working-api/,zillow-working-api.p.rapidapi.com,GET:By Zillow URL,"put any property url from zillow:
ex. https://www.zillow.com/homes/3071%20IMPERIAL%20ST%20JACKSONVILLE,%20FL-%2032254/44466838_zpid/",Property Info - Minimalistic,[{}],"[{'参数名': ['url'], '参数类型': ['STRING'], '参数注意事项': ['']}]"
0.30111461877822876,Real Estate Market Metrics,https://rapidapi.com/dbeaudway/api/real-estate-market-metrics/,real-estate-market-metrics.p.rapidapi.com,GET:Information on States,Returns a list of all states available with their name and region code. The region code can be used as a parameter in state data requests.,,[{}],[{}]
0.300795316696167,hk,https://rapidapi.com/synque-synque-default/api/hk4/,hk4.p.rapidapi.com,GET:Place Search,"Search for places in the FSQ Places database using a location and querying by name, category name, taste label, or chain name. For example, search for ""coffee"" to get back a list of recommended coffee shops.",,"[{'参数名': ['ll', 'radius'], '参数类型': ['STRING', 'STRING'], '参数注意事项': ['The latitude/longitude around which to retrieve place information. This must be specified as latitude,longitude (e.g., ll=41.8781,-87.6298). One of ll, ne and sw, or near must be specified.', 'Defines the distance (in meters) within which to bias place results. The maximum allowed radius is 100,000 meters.']}]",[{}]
0.3007432818412781,CompanyScout,https://rapidapi.com/companyscout/api/companyscout/,companyscout.p.rapidapi.com,GET:/v1/companies/{countryCode}/{registrationNumber},"Retrieves a company by its registration number.
The registration number is a unique identifier for the company in the data source registry.",v1,"[{'参数名': ['countryCode', 'registrationNumber'], '参数类型': ['STRING', 'STRING'], '参数注意事项': ['Country code of the company.', 'Official registration number of the company.']}]",[{}]
0.3004976511001587,GTmetrix,https://rapidapi.com/gtmetrix/api/gtmetrix/,gtmetrix-gtmetrix.p.rapidapi.com,GET:browser,Fetch a browser's details and supported features,,"[{'参数名': ['browser_id'], '参数类型': ['STRING'], '参数注意事项': ['Browser ID']}]",[{}]
0.3000907599925995,Useful Business 1001 Functions,https://rapidapi.com/tec-2-scale-tec-2-scale-default/api/useful-business-1001-functions/,useful-business-1001-functions.p.rapidapi.com,POST:DetectFreeMails,"The ""Detect Free Mails"" endpoint is an API that allows users to determine if an email address is a business email or a free email service. To use this endpoint, users must provide an email address as input. The endpoint will then check if the email address belongs to a free em...",Business,[{}],[{}]
0.29977816343307495,UK Property Listings,https://rapidapi.com/kallumparr/api/uk-property-listings/,uk-property-listings.p.rapidapi.com,GET:For Sale,Retrieves For Sale listings from Zoopla.,,"[{'参数名': ['postcode'], '参数类型': ['STRING'], '参数注意事项': ['']}]",[{}]
0.29934820532798767,Pamfax,https://rapidapi.com/pamfax/api/pamfax/,pamfax-pamfax.p.rapidapi.com,GET:ResetNotifications,Resets the notification options for the current fax to their default values. Notification options will be set to what is set for the user as default.,FaxJob,"[{'参数名': ['apikey', 'apicheck', 'usertoken'], '参数类型': ['STRING', 'STRING', 'STRING'], '参数注意事项': ['description', 'description', '']}]",[{}]
0.29924145340919495,Useful Business 1001 Functions,https://rapidapi.com/tec-2-scale-tec-2-scale-default/api/useful-business-1001-functions/,useful-business-1001-functions.p.rapidapi.com,POST:DetectHolidays,This endpoint can be used to return the holidays periods in a given year and country specifying its countryCode,Business,[{}],[{}]
0.2988772988319397,NEW 88 Link Dang Nhap Dang ky Nha Cai NEW88 Chinh Thuc,https://rapidapi.com/new88vi/api/new-88-link-dang-nhap-dang-ky-nha-cai-new88-chinh-thuc/,new-88-link-dang-nhap-dang-ky-nha-cai-new88-chinh-thuc.p.rapidapi.com,GET:NEW 88 Link Dang Nhap Dang ky Nha Cai NEW88 Chinh Thuc,"New88 - new88vinet là nhà cái cá cược trực tuyến uy tín top đầu ở khu vực Việt Nam và Đông Nam Á.
Các sản phẩm cá cược được kiểm duyệt và phân phối độc quyền bởi tập đoàn Taipei Đài Loan.",,[{}],[{}]
0.29833921790122986,Da Ga Truc Tiep Xem Da Ga Cua Dao Cua Sat Thomo,https://rapidapi.com/daga988com/api/da-ga-truc-tiep-xem-da-ga-cua-dao-cua-sat-thomo/,da-ga-truc-tiep-xem-da-ga-cua-dao-cua-sat-thomo.p.rapidapi.com,GET:Da Ga Truc Tiep Xem Da Ga Cua Dao Cua Sat Thomo,Đá gà trực tiếp ⭐️ Xem đá gà cựa sắt thomo & cựa dao là hình thức chơi cá cược phổ biến hiện nay ⭐️ được phát trực tiếp 12h mỗi ngày trên daga988.com,,[{}],[{}]
0.2976415157318115,German Company Data,https://rapidapi.com/Implisense/api/german-company-data/,german-company-data.p.rapidapi.com,POST:/companies/data,"This endpoint returns the basic information of the company, much as GET /companies/{id}/data does. The difference is that you don't need the company identifier in advance. This endpoint assists in finding companies and their identifiers via some fixed attributes, such as compa...",Get Data,[{}],[{}]
0.2974606454372406,Pamfax,https://rapidapi.com/pamfax/api/pamfax/,pamfax-pamfax.p.rapidapi.com,GET:SetNotifications,"Sets the notification options for the current fax. Notification options that are not in the array will not be changed/resetted. Note: defaults for notification settings will be taken from users account, so potentially not need to call this on every fax. DEPRECATED! We do not...",FaxJob,[{}],"[{'参数名': ['group_notification', 'error_notification', 'save_defaults'], '参数类型': ['NUMBER', 'NUMBER', 'NUMBER'], '参数注意事项': ['Send grouped notifications for the whole job (makes sense only if multiple recipients)', 'Send only notificatiosn when an error occured', 'Save Notification-Settings to user´s Profile']}]"
0.29742616415023804,Companies in Dubai Free Zones,https://rapidapi.com/ggurjar333-Ihcu1gvzM24/api/companies-in-dubai-free-zones/,companies-in-dubai-free-zones.p.rapidapi.com,GET:FZ-LLC (Non-Individual) - Active Companies,Get all active FZ-LLC (Non-Individual) businesses in Free zones,,[{}],[{}]
0.29712048172950745,DeltaGain - UK Company Data and Accounts,https://rapidapi.com/deltagain/api/deltagain-uk-company-data-and-accounts/,deltagain.p.rapidapi.com,GET:Land,Properties registered with the UK Land Registry,Advanced Company Information,"[{'参数名': ['company_number'], '参数类型': ['STRING'], '参数注意事项': ['']}]",[{}]
0.296988844871521,Yaware.TimeTracker,https://rapidapi.com/api4yaware/api/yaware-timetracker/,api4yaware-yaware-data.p.rapidapi.com,POST:getEmployeeLastActivity,Returns employees last activity date,,"[{'参数名': ['access_key', 'email'], '参数类型': ['STRING', 'STRING'], '参数注意事项': ['Example: 943d5027a30a2800f53e3b62bcbf67e2-1293709475', ""Employee's Email""]}]",[{}]
0.2969769239425659,UK Property,https://rapidapi.com/kallumparr/api/uk-property/,uk-property.p.rapidapi.com,GET:Domestic EPC Certificate,Retrieves the URL for a specified property's EPC rating.,,[{}],"[{'参数名': ['houseNumber', 'redirect'], '参数类型': ['STRING', 'BOOLEAN'], '参数注意事项': ['', '']}]"
0.296871542930603,Domain Authority,https://rapidapi.com/hassan.cs91/api/domain-authority1/,domain-authority1.p.rapidapi.com,GET:Domain/URL Metrics,This Will Get Domain Authority and Page Rank For Any Domain/URL,,"[{'参数名': ['url'], '参数类型': ['STRING'], '参数注意事项': ['']}]",[{}]
0.29655149579048157,Company Domain Finder,https://rapidapi.com/jakobgreenfeld/api/company-domain-finder/,company-domain-finder.p.rapidapi.com,GET:Get Company Domain,Enter the name of a company and the API will return the matching domain.,,"[{'参数名': ['company_name'], '参数类型': ['STRING'], '参数注意事项': ['']}]",[{}]
0.2963181734085083,Zillow Working API,https://rapidapi.com/sorowerhossan01/api/zillow-working-api/,zillow-working-api.p.rapidapi.com,GET:/pricehistory/byzpid,Gives you price history of a property. Good for making charts or analysing present value.,"Prop. (Tax Info, PriceHistory)","[{'参数名': ['zpid'], '参数类型': ['STRING'], '参数注意事项': ['']}]",[{}]
0.295465350151062,QR-generator,https://rapidapi.com/chitrankdixit/api/qr-generator13/,qr-generator13.p.rapidapi.com,GET:qr code generate,This endpoint generate the qr code by taking the url of the website,,"[{'参数名': ['url'], '参数类型': ['STRING'], '参数注意事项': ['']}]",[{}]
0.29543378949165344,Domain Available,https://rapidapi.com/8529728-canada-inc-8529728-canada-inc-default/api/domain-available1/,domain-available1.p.rapidapi.com,GET:Check Domain,Check whether a domain is available,,"[{'参数名': ['domain_name'], '参数类型': ['STRING'], '参数注意事项': ['']}]",[{}]
0.2946479320526123,EU VAT Number Details,https://rapidapi.com/danielz/api/eu-vat-number-details/,eu-vat-number-details.p.rapidapi.com,GET:Get EU VAT Number details,Check if the EU VAT number is valid and optionally lookup the company name and address.,,[{}],"[{'参数名': ['lookup'], '参数类型': ['BOOLEAN'], '参数注意事项': ['Perform lookup on the VAT number']}]"
0.29463452100753784,USPTO Trademark,https://rapidapi.com/pentium10/api/uspto-trademark/,uspto-trademark.p.rapidapi.com,GET:/v1/serialSearch,Does a serial number search and returns details about the trademark attributes.,,"[{'参数名': ['serial_number'], '参数类型': ['STRING'], '参数注意事项': ['']}]",[{}]
0.29426342248916626,Local Business Listing Finder,https://rapidapi.com/alreadycoded/api/local-business-listing-finder/,local-business-listing-finder.p.rapidapi.com,POST:query and location,"It accept business name or search term in query parameter & city, address, zip code, or neighborhood in location parameter & in search_within_miles parameter accept values 1, 3, 5, 10, 25 or 0 & in max_results parameter accept values 50, 100, 250, 500, or 1000.",,[{}],[{}]
0.2940920889377594,Companies in Dubai Free Zones,https://rapidapi.com/ggurjar333-Ihcu1gvzM24/api/companies-in-dubai-free-zones/,companies-in-dubai-free-zones.p.rapidapi.com,GET:Pharmaceutical and Medical Equipments - Active Companies,Get all active Pharmaceutical and Medical Equipments businesses in Free zones,,[{}],[{}]
0.2940868139266968,Realtor Data API for Real Estate,https://rapidapi.com/vuesdata/api/realtor-data-api-for-real-estate/,realtor-data-api-for-real-estate.p.rapidapi.com,GET:RealtorAgentList,"This endpoint will give you the Realtor Agent List with the data as given below, if you provide the city, state_code and page.
Parameters:
city: San Jose or New York
state_code: CA or NY
page: min = 1 and max can be depends on the total number of result...",,"[{'参数名': ['city', 'state_code', 'page'], '参数类型': ['STRING', 'STRING', 'STRING'], '参数注意事项': ['', '', '']}]",[{}]
0.2940637469291687,Realty Mole Property,https://rapidapi.com/realtymole/api/realty-mole-property-api/,realty-mole-property-api.p.rapidapi.com,GET:Property Value Estimate,Returns a property value estimate and comparable sale listings for an address or lat/long coordinate. Providing property feature parameters will improve the estimate accuracy. More i...,Property Valuation,[{}],"[{'参数名': ['address', 'latitude', 'longitude', 'propertyType', 'bedrooms', 'bathrooms', 'squareFootage', 'maxRadius', 'daysOld', 'compCount'], '参数类型': ['STRING', 'NUMBER', 'NUMBER', 'STRING', 'NUMBER', 'NUMBER', 'NUMBER', 'NUMBER', 'NUMBER', 'NUMBER'], '参数注意事项': [""The property address, in the format of 'Street, City, State, Zip'. You need to provide either the address or the latitude/longitude parameters"", 'The latitude of the property. The latitude/longitude can be provided instead of the address parameter', 'The longitude of the property. The latitude/longitude can be provided instead of the address parameter', 'The type of the property. Supported values are: Single Family, Condo, Townhouse, Manufactured, Duplex-Triplex, Apartment, Land', 'The number of bedrooms in the property', 'The number of bathrooms in the property. Supports fractions to indicate partial bathrooms', 'The total living area size of the property, in square feet', 'The maximum distance between comparable listings and the subject property, in kilometers. Defaults to 50 if not provided', 'The maximum number of days since comparable listings were last seen on the market, with a minimum of 1', 'The number of comparable listings returned by the API, between 5 and 25. Defaults to 10 if not provided']}]"
0.29398638010025024,AE2888 Nha cai Da Ga Bong Da Casino Uy Tin,https://rapidapi.com/ae288vn/api/ae2888-nha-cai-da-ga-bong-da-casino-uy-tin/,ae2888-nha-cai-da-ga-bong-da-casino-uy-tin.p.rapidapi.com,GET:AE2888 -,"AE2888 - ae288vn.com ✔️ trò đánh bạc trực tuyến hấp dẫn nhất, được giới thiệu bởi sòng bạc Việt Nam, nhiều trò chơi sội động, AE288 ✔️ chắc chắn là sự lựa chọn tốt nhất AE3888",,[{}],[{}]
0.2936885356903076,New York DMV Open Data API,https://rapidapi.com/meshooidsf/api/new-york-dmv-open-data-api/,new-york-dmv-open-data-api.p.rapidapi.com,GET:search,Search the new york DMV dataset (2023),default,[{}],"[{'参数名': ['apikey', 'state', 'plate'], '参数类型': ['STRING', 'STRING', 'STRING'], '参数注意事项': ['', '', '']}]"
0.2930752635002136,Testing out Sharing w/ Rachael,https://rapidapi.com/fortellis-apisteam/api/testing-out-sharing-w-rachael/,testing-out-sharing-w-rachael.p.rapidapi.com,GET:LastName,Last name of customer,,[{}],"[{'参数名': ['lastName'], '参数类型': ['STRING'], '参数注意事项': ['last name here']}]"
0.2927462160587311,Realty in CA,https://rapidapi.com/apidojo/api/realty-in-ca1/,realty-in-ca1.p.rapidapi.com,GET:locations/auto-complete,"Get auto complete suggestions by city, ward, street name",,[{}],"[{'参数名': ['CultureId'], '参数类型': ['NUMBER'], '参数注意事项': ['1 - English|2 - French']}]"
0.2926906943321228,Email Validation,https://rapidapi.com/hassan.cs91/api/email-validation24/,email-validation24.p.rapidapi.com,GET:Validate Emails,Validate any email address,,[{}],"[{'参数名': ['email'], '参数类型': ['STRING'], '参数注意事项': ['']}]"
0.2921271026134491,DeltaGain - UK Company Data and Accounts,https://rapidapi.com/deltagain/api/deltagain-uk-company-data-and-accounts/,deltagain.p.rapidapi.com,GET:Mortgages and Charges,Mortgages and Chargers,Basic Company Data,"[{'参数名': ['company_number'], '参数类型': ['STRING'], '参数注意事项': ['']}]",[{}]
0.29192280769348145,Pamfax,https://rapidapi.com/pamfax/api/pamfax/,pamfax-pamfax.p.rapidapi.com,GET:AddRemoteFile,"Add a remote file to the fax. The url parameter may contain username:password for basic http auth, but this is the only supported authentication method. URL Examples: http://myusername:a...",FaxJob,"[{'参数名': ['apikey', 'apicheck', 'usertoken', 'url'], '参数类型': ['STRING', 'STRING', 'STRING', 'STRING'], '参数注意事项': ['description', 'description', '', 'The url of the file to add']}]",[{}]
0.29162055253982544,Phone Number Validation API,https://rapidapi.com/dreamwebapis/api/phone-number-validation-api/,phone-number-validation-api.p.rapidapi.com,POST:checkNumber,"Instructions:
Send a POST request to the ""/checkNumber"" endpoint with the following parameters:
""number"": The phone number you want to validate. If the number is in international format with a ""+"" sign and the country's international callin...",,[{}],[{}]
0.29141587018966675,The World Bank API,https://rapidapi.com/assafbarButterfly/api/the-world-bank-api/,the-world-bank-api.p.rapidapi.com,GET:search.worldbank,The World Bank API,,[{}],"[{'参数名': ['format', 'qterm', 'fl'], '参数类型': ['STRING', 'STRING', 'STRING'], '参数注意事项': ['', '', '']}]"
0.29136741161346436,Comprehensive Business Insights for Finnish Companies,https://rapidapi.com/woorati/api/comprehensive-business-insights-for-finnish-companies/,comprehensive-business-insights-for-finnish-companies.p.rapidapi.com,POST:Company search,"At least one parameter must be provided, but you can also provide multiple at the same time.",,[{}],[{}]
0.2911794185638428,Seloger,https://rapidapi.com/apidojo/api/seloger/,seloger.p.rapidapi.com,GET:locations/search,Search location by term or phrase,,"[{'参数名': ['searchTerm'], '参数类型': ['STRING'], '参数注意事项': ['Any term or phrase that you are familiar with']}]",[{}]
0.29114145040512085,REST COUNTRY,https://rapidapi.com/santrarahul7070/api/rest-country/,rest-country.p.rapidapi.com,GET:Calling by Calling Code or Mobile Code,Calling by Calling Code or Mobile Code,,"[{'参数名': ['callingcode'], '参数类型': ['STRING'], '参数注意事项': ['']}]",[{}]
0.2909800410270691,Shwe 2D Live Api,https://rapidapi.com/Thawtarlamin/api/shwe-2d-live-api/,shwe-2d-live-api.p.rapidapi.com,GET:Daily Live,Daily Live Perfect,,[{}],[{}]
0.29094642400741577,Realty Mole Property,https://rapidapi.com/realtymole/api/realty-mole-property-api/,realty-mole-property-api.p.rapidapi.com,GET:Property Rental Listings,"Search for rental listings in a geographical area or around a specific location. Returns the listed rent, date, property features, and other listing information. More info.",Property Listings,[{}],"[{'参数名': ['address', 'city', 'state', 'zipCode', 'latitude', 'longitude', 'radius', 'propertyType', 'bedrooms', 'bathrooms', 'status', 'daysOld', 'limit', 'offset'], '参数类型': ['STRING', 'STRING', 'STRING', 'STRING', 'NUMBER', 'NUMBER', 'NUMBER', 'STRING', 'NUMBER', 'NUMBER', 'STRING', 'NUMBER', 'NUMBER', 'NUMBER'], '参数注意事项': [""The address of the property, in the format of 'Street, City, State, Zip'. Used to retrieve data for a specific property, or together with the radius parameter to search for listings in a specific area"", 'The name of the city, used to search for listings in a specific city', 'The two-character state abbreviation, used to search for listings in a specific state', 'The 5-digit zip code, used to search for listings in a specific zip code', 'The latitude of the search area. Use the latitude/longitude and radius parameters to search for listings in a specific area', 'The longitude of the search area. Use the latitude/longitude and radius parameters to search for listings in a specific area', 'The radius of the search area, in kilometers. Use in combination with the latitude/longitude or address parameters to search for listings in a specific area', 'The type of the property, used to search for listings matching this criteria. Supported values are: Single Family, Condo, Townhouse, Manufactured, Duplex-Triplex, Apartment', 'The number of bedrooms, used to search for listings matching this criteria', 'The number of bathrooms, used to search for listings matching this criteria. Supports fractions to indicate partial bathrooms', 'The current listing status, used to search for listings matching this criteria. Supported values are: Active, Inactive', 'The maximum number of days since a property was listed on the market, with a minimum of 1', 'The maximum number of listings to return, between 1 and 500. Defaults to 50 if not provided', 'The index of the first listing to return, used to paginate through large lists of results. Defaults to 0 if not provided']}]"
0.290357381105423,Email Checker - Disposable or Invalid,https://rapidapi.com/evlar-evlar-default/api/email-checker-disposable-or-invalid/,email-checker-disposable-or-invalid.p.rapidapi.com,GET:Validate Email,Validate Email,,"[{'参数名': ['email'], '参数类型': ['STRING'], '参数注意事项': ['']}]",[{}]
0.2900863289833069,Useful Business 1001 Functions,https://rapidapi.com/tec-2-scale-tec-2-scale-default/api/useful-business-1001-functions/,useful-business-1001-functions.p.rapidapi.com,POST:Detect Gender by Name,Given a firstName this endpoint returns whether the person is likely to be a female or male individual.,Business,[{}],[{}]
0.29005903005599976,taikucasino,https://rapidapi.com/taikucasinoapp/api/taikucasino/,taikucasino.p.rapidapi.com,GET:taikucasino,"taikucasino.app trang tải app kubet chính thức. Tải Ku casino, KU casinp app, KU app, App ku casino phiên bản mới nhất 2022 cho iPhone và Android tại taikucasino.app - Website chính thức của KU Casino. #taikubet #taiappkubet #kubet /m/033_l8 /m/033_l8 #Casino
Địa chỉ ...",,[{}],[{}]
0.2900342345237732,Pamfax,https://rapidapi.com/pamfax/api/pamfax/,pamfax-pamfax.p.rapidapi.com,GET:RemoveAllFiles,Remove all uploaded files from the current fax,FaxJob,"[{'参数名': ['apikey', 'apicheck', 'usertoken'], '参数类型': ['STRING', 'STRING', 'STRING'], '参数注意事项': ['description', 'description', '']}]",[{}]
0.29002994298934937,Companies in Dubai Free Zones,https://rapidapi.com/ggurjar333-Ihcu1gvzM24/api/companies-in-dubai-free-zones/,companies-in-dubai-free-zones.p.rapidapi.com,GET:Automobiles and Vehicles - Active Companies,Get all active Automobiles and Vehicles businesses in Free zones,,[{}],[{}]
0.2900034189224243,DeltaGain - UK Company Data and Accounts,https://rapidapi.com/deltagain/api/deltagain-uk-company-data-and-accounts/,deltagain.p.rapidapi.com,GET:Persons with Significant Control,Persons with Significant Control,Basic Company Data,"[{'参数名': ['company_number'], '参数类型': ['STRING'], '参数注意事项': ['']}]",[{}]
0.28967589139938354,UK Property,https://rapidapi.com/kallumparr/api/uk-property/,uk-property.p.rapidapi.com,GET:Planning Application Authority Search,Retrieves the URL for a supplied postcode local authority.,,[{}],"[{'参数名': ['redirect'], '参数类型': ['BOOLEAN'], '参数注意事项': ['']}]"
0.2896577715873718,UK Property Listings,https://rapidapi.com/kallumparr/api/uk-property-listings/,uk-property-listings.p.rapidapi.com,GET:For Sale - Quick Sale,Retrieves Quick Sale listings from PropertyData.,,"[{'参数名': ['postcode'], '参数类型': ['STRING'], '参数注意事项': ['']}]",[{}]
0.28964635729789734,German Company Data,https://rapidapi.com/Implisense/api/german-company-data/,german-company-data.p.rapidapi.com,POST:/lookup,IMPORTANT: This endpoint is replicated here for convenience only. You can obtain the exact same endpoint free of charge from the Implisense German Company Lookup and Activity...,Explore,[{}],[{}]
0.2895190417766571,Croatia Company Data,https://rapidapi.com/appaio/api/croatia-company-data/,croatia-company-data.p.rapidapi.com,GET:Search by MBS or OIB,Search the Croatian company register by either MBS or OIB company identifiers (osobni identifikacijski broj),api,"[{'参数名': ['tipIdentifikatora', 'expand_relations', 'identifikator'], '参数类型': ['STRING', 'STRING', 'NUMBER'], '参数注意事项': ['', '', '']}]",[{}]
0.289458692073822,UK Property Listings,https://rapidapi.com/kallumparr/api/uk-property-listings/,uk-property-listings.p.rapidapi.com,GET:For Sale - No Chain,Retrieves No Chain listings from PropertyData.,,"[{'参数名': ['postcode'], '参数类型': ['STRING'], '参数注意事项': ['']}]",[{}]
0.28935396671295166,Blog,https://rapidapi.com/tusharv/api/blog19/,blog19.p.rapidapi.com,GET:jake,this is jack endpoiont.,,"[{'参数名': ['jay'], '参数类型': ['STRING'], '参数注意事项': ['']}]",[{}]
0.28922492265701294,Realtor Data API for Real Estate,https://rapidapi.com/vuesdata/api/realtor-data-api-for-real-estate/,realtor-data-api-for-real-estate.p.rapidapi.com,GET:RealtorSchoolList,"This endpoint will give you the Realtor School List with the data as given below, if you provide the city, state_code and page.
Parameters:
city: San Jose or New York etc
state_code: CA or NY etc
school_level: It can be either one of them (elementary, m...",,"[{'参数名': ['city', 'state_code', 'school_level', 'page'], '参数类型': ['STRING', 'STRING', 'STRING', 'STRING'], '参数注意事项': ['', '', '', '']}]",[{}]
0.2886686325073242,AE6888 Link vao nha cai AE688 2022,https://rapidapi.com/ae6888net/api/ae6888-link-vao-nha-cai-ae688-2022/,ae6888-link-vao-nha-cai-ae688-2022.p.rapidapi.com,GET:AE6888 Link vao nha cai AE688 Trang Chu dang ky chinh thuc ],"AE6888 - Ae6888.net⭐ Trang chủ đăng ký, đăng nhập AE888 mới nhất ⭐️ bao gồm: đá gà thomo, tài xỉu, thể thao, lô đề online ⭐️ Link vào ae388 - ae688 - ae88 chính thức.",,[{}],[{}]
0.28833726048469543,USPTO Trademark,https://rapidapi.com/pentium10/api/uspto-trademark/,uspto-trademark.p.rapidapi.com,GET:v1/ownerSearch,"Does a search on owner name or postcode and returns details about the trademarks found for that owner. Duplicate owner results can be returned by this endpoint, especially when an owner had an address change.",,[{}],"[{'参数名': ['search_keyword', 'postcode'], '参数类型': ['STRING', 'STRING'], '参数注意事项': [""This is the search keyword such as 'ferr' that will return results for 'ferrari'.\nYou can use literal 'null' if you don't want to use this param."", ""This is the postcode such as '95066' that will return results for owners with that postcode in their application. Be aware attorneys might omit postcode from fillings, so those results cannot be returned as they don't have postcode attached as metadata.\nYou can use literal 'null' if you don't want to use this param.""]}]"
0.28823307156562805,Search 10K,https://rapidapi.com/alpharesearchio9/api/search-10k/,search-10k.p.rapidapi.com,GET:Search 10K and 10Q,API to search across 10K and 10Q of multiple companies at the same time to extract key information among SEC filings,,"[{'参数名': ['symbol', 'keyword'], '参数类型': ['STRING', 'STRING'], '参数注意事项': ['', '']}]",[{}]
0.28821372985839844,Diversity Data IO,https://rapidapi.com/gapjumpers/api/diversity-data-io/,diversity-data-io.p.rapidapi.com,GET:Gender and Ethnicity,Returns gender and ethnicity of a full name,,"[{'参数名': ['fullname'], '参数类型': ['STRING'], '参数注意事项': ['Full name to include first name, middle name (optional) and last name.']}]",[{}]
0.28786882758140564,Chartbeat,https://rapidapi.com/chartbeat/api/chartbeat/,mashape-community-chartbeat.p.rapidapi.com,GET:Historical Traffic Stats,Returns traffic sources and/or page load time summarized over the given timespan. You should use this call if you want to discover broad information about your data where we already did the work providing the max or min.,,[{}],"[{'参数名': ['host'], '参数类型': ['STRING'], '参数注意事项': ['']}]"
0.2877129912376404,Zillow Working API,https://rapidapi.com/sorowerhossan01/api/zillow-working-api/,zillow-working-api.p.rapidapi.com,GET:/clientc/byurl,"** This endpoint has Neighborhood walk, transit and bike score.",Custom Endpoints (clients),"[{'参数名': ['url'], '参数类型': ['STRING'], '参数注意事项': ['']}]",[{}]
0.28755003213882446,Yelp Business API,https://rapidapi.com/sorowerhossan01/api/yelp-business-api/,yelp-business-api.p.rapidapi.com,GET:Search,"Search any business type in any location. Ex. Coffee Shop, New York",,"[{'参数名': ['query', 'location', 'page'], '参数类型': ['STRING', 'STRING', 'STRING'], '参数注意事项': ['', '', '']}]",[{}]
0.2872554063796997,instagram video download,https://rapidapi.com/ztt2920671/api/instagram-video-download1/,instagram-video-download1.p.rapidapi.com,POST:get link info,Get the user information of the shared connection and the video download address without watermark,,[{}],[{}]
0.2872466444969177,Clutch.co,https://rapidapi.com/epctex-epctex-default/api/clutch-co/,clutch-co.p.rapidapi.com,GET:getCompany,Returns all the detailed information of a company by its slug,Company,"[{'参数名': ['slug'], '参数类型': ['STRING'], '参数注意事项': ['Company Slug']}]",[{}]
0.28711116313934326,11BET,https://rapidapi.com/11betlink/api/11bet/,11bet.p.rapidapi.com,GET:11bet link,"11BET ⭐️trang Web cá cược thể thao, bóng đá đỉnh cao uy tín nhất Việt Nam ⭐️ Có những ưu đãi lớn cho người chơi, Link truy cập vào nhà cái 11bet mới nhất.",,[{}],[{}]
0.28648900985717773,Fotocasa,https://rapidapi.com/scraperium/api/fotocasa1/,fotocasa1.p.rapidapi.com,GET:Get Suggestions,Get location suggestions (autocomplete),,"[{'参数名': ['query'], '参数类型': ['STRING'], '参数注意事项': ['']}]",[{}]
0.28637081384658813,Project Gutenberg API,https://rapidapi.com/rabahdjebbes6-VpFXFzqdF1R/api/project-gutenberg-api/,project-gutenberg-api.p.rapidapi.com,GET:Extract Info,"Get all the informations about a book using it's ID
Informations :",,"[{'参数名': ['id'], '参数类型': ['STRING'], '参数注意事项': ['']}]",[{}]
0.28626739978790283,Idealista,https://rapidapi.com/apidojo/api/idealista2/,idealista2.p.rapidapi.com,GET:auto-complete,Get auto complete suggestion by term or phrase,,[{}],"[{'参数名': ['country'], '参数类型': ['STRING'], '参数注意事项': ['One of the following it|es|pt']}]"
0.28574860095977783,Powerful GSTIN Tool,https://rapidapi.com/velocityhub/api/powerful-gstin-tool/,powerful-gstin-tool.p.rapidapi.com,GET:Retrieve PAN Information from GSTIN,Retrieve PAN (Permanent Account Number) information associated with a given GSTIN (Goods and Services Tax Identification Number).,,"[{'参数名': ['GSTIN'], '参数类型': ['STRING'], '参数注意事项': ['']}]",[{}]
0.2857438623905182,Realty in US,https://rapidapi.com/apidojo/api/realty-in-us/,realty-in-us.p.rapidapi.com,GET:locations/auto-complete (Deprecated),"Get auto complete suggestions by city, ward, street name to pass in other endpoints. This endpoint also helps to get a specific property id by its address",,"[{'参数名': ['input'], '参数类型': ['STRING'], '参数注意事项': ['Name of cities, districts, places']}]",[{}]
0.2844420075416565,SIREN,https://rapidapi.com/fliot/api/siren/,siren.p.rapidapi.com,GET:siren2url,Get an URL link from a French SIREN reference. This API works with all French companies having a website (a 404 response is returned for companies having no website).,siren2url,"[{'参数名': ['siren'], '参数类型': ['NUMBER'], '参数注意事项': ['']}]",[{}]
0.2837914824485779,Realty in US,https://rapidapi.com/apidojo/api/realty-in-us/,realty-in-us.p.rapidapi.com,GET:locations/v2/auto-complete,"Get auto complete suggestions by city, ward, street name to pass in other endpoints. This endpoint also helps to get a specific property id by its address",,[{}],"[{'参数名': ['limit'], '参数类型': ['NUMBER'], '参数注意事项': ['The number of items per response, for paging purpose']}]"
0.2837209105491638,ipage_cep,https://rapidapi.com/diogenes/api/ipage_cep/,ipage_cep.p.rapidapi.com,GET:Cnpj,Returns address from company CNPJ,,"[{'参数名': ['key', 'cnpj'], '参数类型': ['STRING', 'STRING'], '参数注意事项': ['access key', 'Brazilian Company Registration Number']}]",[{}]
0.283572793006897,Yaware.TimeTracker,https://rapidapi.com/api4yaware/api/yaware-timetracker/,api4yaware-yaware-data.p.rapidapi.com,POST:getEmployeeStatus,Returns employees status by email,,[{}],[{}]
0.28344500064849854,DOMAINE nc,https://rapidapi.com/opt-nc-opt-nc-default/api/domaine-nc/,domaine-nc.p.rapidapi.com,GET:GET All domaines,Get all domain names,Domaine,[{}],[{}]
0.28342553973197937,Chartbeat,https://rapidapi.com/chartbeat/api/chartbeat/,mashape-community-chartbeat.p.rapidapi.com,GET:Historical Engagement Series,Returns series of the engaged seconds where the default time span of each data point is 5 minutes. You should use this call if you want to see a more granular picture of your data.,,[{}],"[{'参数名': ['host'], '参数类型': ['STRING'], '参数注意事项': ['']}]"
0.2832186818122864,Companies in Dubai Free Zones,https://rapidapi.com/ggurjar333-Ihcu1gvzM24/api/companies-in-dubai-free-zones/,companies-in-dubai-free-zones.p.rapidapi.com,GET:Plastic and Chemical Products - Active Companies,Get all active Plastic and Chemical Products businesses in Free zones,,[{}],[{}]
0.28318506479263306,Edgar Filings (13D),https://rapidapi.com/iTrakData/api/edgar-filings-13d/,edgar-filings-13d.p.rapidapi.com,POST:Search by URL,Fetches filing information from an SEC URL,,"[{'参数名': ['url'], '参数类型': ['STRING'], '参数注意事项': ['']}]",[{}]
0.2830505073070526,Japan company data,https://rapidapi.com/appaio/api/japan-company-data/,japan-company-data.p.rapidapi.com,GET:Search By Corporate ID,"This endpoint allows you to search by Corporate ID, i.e. 4030001044808",JP Company Data,"[{'参数名': ['CorporateID'], '参数类型': ['STRING'], '参数注意事项': ['']}]",[{}]
0.28248539566993713,Digital Marketing,https://rapidapi.com/munfidah-we-munfidah-we-default/api/digital-marketing2/,digital-marketing2.p.rapidapi.com,GET:digital marketing,digital marketing blog marketing,,[{}],[{}]
0.28234925866127014,Global Coupon and Sales Feed,https://rapidapi.com/nayef2757-bbZ5ND8RSLM/api/global-coupon-and-sales-feed/,global-coupon-and-sales-feed.p.rapidapi.com,GET:SearchStores,"Autocomplete search for stores return StoreId, Name, Coupons Count, Sales, Store Country…. ""StoreId"" important to get all coupons and sales for a particular store.",,"[{'参数名': ['storeName'], '参数类型': ['STRING'], '参数注意事项': ['search for stores']}]",[{}]
0.28234925866127014,Global Coupon and Sales Feed,https://rapidapi.com/nayef2757-bbZ5ND8RSLM/api/global-coupon-and-sales-feed/,global-coupon-and-sales-feed.p.rapidapi.com,GET:SearchStores,"Autocomplete search for stores return StoreId, Name, Coupons Count, Sales, Store Country…. ""StoreId"" important to get all coupons and sales for a particular store.",,"[{'参数名': ['storeName'], '参数类型': ['STRING'], '参数注意事项': ['search for stores']}]",[{}]
0.2822479009628296,Hotspot VPN,https://rapidapi.com/hotspotvpnusa/api/hotspot-vpn/,hotspot-vpn.p.rapidapi.com,GET:Hotspot VPN,Hotspot VPN enhances the security of your browsed data by encrypting it. The data encryption makes sure to keep no records of the internet activities online. Grab the unlimited deal with our imitable services and high-quality support.,,[{}],[{}]
0.2817853093147278,Business License Search US,https://rapidapi.com/digital-insights-digital-insights-default/api/business-license-search-us/,business-license-search-us.p.rapidapi.com,GET:Company Name Search,Search business licenses by company name and state,,"[{'参数名': ['state', 'Company'], '参数类型': ['STRING', 'STRING'], '参数注意事项': ['', '']}]",[{}]
0.2810073792934418,789bettnet,https://rapidapi.com/789bettnet/api/789bettnet/,789bettnet.p.rapidapi.com,GET:789betlinkvao2022,"789bet là nhà cái cá cược trực tuyến uy tín top đầu khu vực châu Á, cung cấp các dịch vụ cá cược như casino, cá cược thể thao, nổ hũ, bắn cá, tài xỉu.",,[{}],[{}]
0.28069624304771423,Unofficial Redfin,https://rapidapi.com/apidojo/api/unofficial-redfin/,unofficial-redfin.p.rapidapi.com,GET:properties/get-flood-info,Get flood info,properties,"[{'参数名': ['fipsCode', 'apn', 'lat', 'lng'], '参数类型': ['STRING', 'STRING', 'NUMBER', 'NUMBER'], '参数注意事项': ['The value of fipsCode field returned in …/properties/get-parcel-bounds endpoint.', 'The value of apn field returned in …/properties/get-parcel-bounds endpoint.', 'The latitude of GEO location', 'The longitude of GEO location']}]",[{}]
0.28031858801841736,Business and company name API,https://rapidapi.com/propensterapi-propensterapi-default/api/business-and-company-name-api/,business-and-company-name-api.p.rapidapi.com,GET:Get All Companies (Paginated),This endpoint gets all the companies and business as in the CAC database.,,"[{'参数名': ['limit', 'page'], '参数类型': ['NUMBER', 'NUMBER'], '参数注意事项': ['', '']}]",[{}]
0.28030672669410706,Dock API,https://rapidapi.com/dock-labs-ag-dock-labs-ag-default/api/dock-api1/,dock-api1.p.rapidapi.com,GET:/dids/{did},"Returns the complete information about the provided ""did"" which is provided via parameters text box. More info about Get DID",dids,"[{'参数名': ['did'], '参数类型': ['STRING'], '参数注意事项': ['A DID']}]",[{}]
0.2801763713359833,firstApi,https://rapidapi.com/mohan21-mohan21-default/api/firstapi52/,firstapi52.p.rapidapi.com,GET:dfasf,asfasfasf,,[{}],[{}]
0.2795059084892273,Realty in CA,https://rapidapi.com/apidojo/api/realty-in-ca1/,realty-in-ca1.p.rapidapi.com,GET:keywords/list,List all supported tags/keywords for filtering,,[{}],[{}]
0.2793872058391571,Holidays API,https://rapidapi.com/mbiombanistefen/api/holidays-api/,holidays-api.p.rapidapi.com,GET:/holidays/<province>,"This endpoint allows you to retrieve a list of all holidays, grouped by name",,"[{'参数名': ['province'], '参数类型': ['STRING'], '参数注意事项': ['']}]",[{}]
0.279336154460907,Opensea Data,https://rapidapi.com/pguardiario/api/opensea-data/,opensea-data.p.rapidapi.com,GET:Autocomplete,Autocomplete endpoint for looking up collections (active ones show first),,"[{'参数名': ['search'], '参数类型': ['STRING'], '参数注意事项': ['']}]",[{}]
0.2792722284793854,What People Are Searching For?,https://rapidapi.com/hassan.cs91/api/what-people-are-searching-for/,what-people-are-searching-for.p.rapidapi.com,GET:Get Question Keywords,Discover popular questions,,"[{'参数名': ['keyword', 'language', 'country'], '参数类型': ['STRING', 'STRING', 'STRING'], '参数注意事项': ['', '', '']}]",[{}]
0.2790096700191498,Chartbeat,https://rapidapi.com/chartbeat/api/chartbeat/,mashape-community-chartbeat.p.rapidapi.com,GET:Live Geo v3,Returns geographical information about the most recent visitors. This call returns sampled data.,,"[{'参数名': ['apikey', 'host', 'jsonp', 'path', 'limit'], '参数类型': ['STRING', 'STRING', 'STRING', 'STRING', 'STRING'], '参数注意事项': ['Your API Key.', 'The domain of the site you would like to query represented as a string.', 'The name of a function to wrap the return data in.', 'A specific path. If not given, data is from all paths. e.g. the path of http://chartbeat.com/signup/ is /signup/.', 'The max number of recent data to return. Default: 100.']}]",[{}]
0.27888062596321106,Companies in Dubai Free Zones,https://rapidapi.com/ggurjar333-Ihcu1gvzM24/api/companies-in-dubai-free-zones/,companies-in-dubai-free-zones.p.rapidapi.com,GET:Machinery and equipment Trading - Active Companies,Get all active Machinery and equipment Trading businesses in Free zones,,[{}],[{}]
0.27868786454200745,Realty in AU,https://rapidapi.com/apidojo/api/realty-in-au/,realty-in-au.p.rapidapi.com,GET:auto-complete,Get suggestions by term or phrase. The returned data will be used with …/properties/list endpoint,,"[{'参数名': ['query'], '参数类型': ['STRING'], '参数注意事项': ['Any term or phrase you are familiar with. It can be an address to get the property id directly to use with …/properties/detail endpoint.']}]",[{}]
0.2786709666252136,Companies in Dubai Free Zones,https://rapidapi.com/ggurjar333-Ihcu1gvzM24/api/companies-in-dubai-free-zones/,companies-in-dubai-free-zones.p.rapidapi.com,GET:Consumer Products - Active Companies,Get all active Consumer Products businesses in Free zones,,[{}],[{}]
0.2784997224807739,Companies in Dubai Free Zones,https://rapidapi.com/ggurjar333-Ihcu1gvzM24/api/companies-in-dubai-free-zones/,companies-in-dubai-free-zones.p.rapidapi.com,GET:Consultancy and Bussiness Management - Active Companies,Get all active Consultancy and Bussiness Management businesses in Free zones,,[{}],[{}]
0.2784249186515808,Yaware.TimeTracker,https://rapidapi.com/api4yaware/api/yaware-timetracker/,api4yaware-yaware-data.p.rapidapi.com,POST:getUserStatus,Returns users status by email,,[{}],[{}]
0.2783527076244354,Chartbeat,https://rapidapi.com/chartbeat/api/chartbeat/,mashape-community-chartbeat.p.rapidapi.com,GET:Historical Social Series,Returns series of the social activity where the default time span between each data point is 5 minutes. You should use this call if you want to see a more granular picture of your data.,,[{}],"[{'参数名': ['host'], '参数类型': ['STRING'], '参数注意事项': ['']}]"
0.27832722663879395,Linkedin Public Search,https://rapidapi.com/sametstalker/api/linkedin-public-search/,linkedin-public-search.p.rapidapi.com,POST:getpeoplebyurl,Retrieve person details with profile URL,,[{}],[{}]
0.2782938480377197,How to get webflow discount,https://rapidapi.com/webflowcoupons/api/how-to-get-webflow-discount/,how-to-get-webflow-discount.p.rapidapi.com,GET:How To Get Discount On WebFlow,"Webflow is a web-based, design and development tool that is primarily used in developing responsive websites. It comes with a versatile drag-and-drop interface that presents the users with an easy way to create their website.",,[{}],[{}]
0.27829235792160034,IPO Announcer,https://rapidapi.com/shahisa-qV-1R6IqU/api/ipo-announcer/,ipo-announcer.p.rapidapi.com,GET:Get Individual IPO Lister Listing,Returns Listings of Upcoming IPOs from an Individual Lister,,"[{'参数名': ['ipoId'], '参数类型': ['STRING'], '参数注意事项': ['']}]",[{}]
0.27828723192214966,Companies in Dubai Free Zones,https://rapidapi.com/ggurjar333-Ihcu1gvzM24/api/companies-in-dubai-free-zones/,companies-in-dubai-free-zones.p.rapidapi.com,GET:Engines and Machines - Active Companies,Get all active Engines and Machines businesses in Free zones,,[{}],[{}]
0.2778901159763336,Email Validation and Verification,https://rapidapi.com/standingapi-standingapi-default/api/email-validation-and-verification4/,email-validation-and-verification4.p.rapidapi.com,GET:Email Validation API,"Email Validation and Verification API requires only a single email.
Checking a misspelled email.
Checking a malformed email.",,[{}],"[{'参数名': ['auto_correct'], '参数类型': ['STRING'], '参数注意事项': ['You can chose to disable auto correct. To do so, just input false for the auto correct param. By default, auto_correct is turned on.']}]"
0.27760499715805054,Pamfax,https://rapidapi.com/pamfax/api/pamfax/,pamfax-pamfax.p.rapidapi.com,GET:GetGeoIPInformation,Returns Geo information based on the given IP address (IPV4),Common,"[{'参数名': ['apikey', 'apicheck', 'ip'], '参数类型': ['STRING', 'STRING', 'STRING'], '参数注意事项': ['description', 'description', 'the ip to get geo information off']}]",[{}]
0.2775368094444275,German Company Data,https://rapidapi.com/Implisense/api/german-company-data/,german-company-data.p.rapidapi.com,POST:/companies/people,"This endpoint returns the information about people associated with the company, much as GET /companies/{id}/people does. The difference is that you don't need the company identifier in advance. This endpoint assists in finding companies and their identifiers via some fixed att...",Get Data,[{}],[{}]
0.2773890495300293,US Public Schools API,https://rapidapi.com/dearponce-yPccHXkVcOT/api/us-public-schools-api/,us-public-schools-api.p.rapidapi.com,GET:Get schools by Zipcode,This endpoint will give you a list of most schools in the specified zipcode.,,"[{'参数名': ['zipcode'], '参数类型': ['NUMBER'], '参数注意事项': ['']}]",[{}]
0.27729102969169617,Smart OCR,https://rapidapi.com/onesteinbv-onesteinbv-default/api/smart-ocr3/,smart-ocr3.p.rapidapi.com,POST:Extract Invoice Information,"Extract products, customer, and price information from PDF or image",,[{}],[{}]
0.27718281745910645,Companies in Dubai Free Zones,https://rapidapi.com/ggurjar333-Ihcu1gvzM24/api/companies-in-dubai-free-zones/,companies-in-dubai-free-zones.p.rapidapi.com,GET:Engineering and Building Materials - Active Companies,Get all active Engineering and Building Materials businesses in Free zones,,[{}],[{}]
0.2768763601779938,Powerful GSTIN Tool,https://rapidapi.com/velocityhub/api/powerful-gstin-tool/,powerful-gstin-tool.p.rapidapi.com,GET:Verify GSTIN Status,This endpoint allows you to verify the status of a GSTIN (Goods and Services Tax Identification Number). It provides information on whether the specified GSTIN is currently active or not.,,"[{'参数名': ['GSTIN'], '参数类型': ['STRING'], '参数注意事项': ['']}]",[{}]
0.2766733765602112,Netherlands Company Data,https://rapidapi.com/appaio/api/netherlands-company-data/,netherlands-company-data.p.rapidapi.com,GET:Search by KVK Number,"Search the Dutch Company register by name (handelsnaam) or by KVK, RSIN or vestigingsnummer identifiers.",default,[{}],"[{'参数名': ['vestigingsnummer', 'rsin', 'handelsnaam'], '参数类型': ['NUMBER', 'NUMBER', 'STRING'], '参数注意事项': ['', '', '']}]"
0.2766658067703247,Biz News API,https://rapidapi.com/srmarohit/api/biz-news-api/,biz-news-api.p.rapidapi.com,GET:Get /news,It returns the entire market related data from the multiple resources.,,[{}],"[{'参数名': ['q'], '参数类型': ['STRING'], '参数注意事项': ['']}]"
0.2765185832977295,Chartbeat,https://rapidapi.com/chartbeat/api/chartbeat/,mashape-community-chartbeat.p.rapidapi.com,GET:Live Top Pages v3,"Returns a list of pages, ordered by which ones have most visitors right now. This call returns real-time data.",,"[{'参数名': ['apikey', 'host', 'jsonp', 'limit'], '参数类型': ['STRING', 'STRING', 'STRING', 'STRING'], '参数注意事项': ['Your API Key.', 'The domain of the site you would like to query represented as a string.', 'The name of a function to wrap the return data in/', 'limit The max number of pages to return. Default: 10.']}]",[{}]
0.27645888924598694,Companies in Dubai Free Zones,https://rapidapi.com/ggurjar333-Ihcu1gvzM24/api/companies-in-dubai-free-zones/,companies-in-dubai-free-zones.p.rapidapi.com,GET:Financial Services/Insurance - Active Companies,Get all active Financial Services/Insurance businesses in Free zones,,[{}],[{}]
0.2761962115764618,Yaware.TimeTracker,https://rapidapi.com/api4yaware/api/yaware-timetracker/,api4yaware-yaware-data.p.rapidapi.com,POST:getManager,Returns manager by email,,[{}],[{}]
0.275889128446579,Chartbeat,https://rapidapi.com/chartbeat/api/chartbeat/,mashape-community-chartbeat.p.rapidapi.com,GET:Live Path Summary v3,"Returns summary data (refer to the summary API call), but for top paths of given a host. This call returns real-time data.",,"[{'参数名': ['apikey', 'jsonp', 'host', 'keys', 'types'], '参数类型': ['STRING', 'STRING', 'STRING', 'STRING', 'STRING'], '参数注意事项': ['Your API Key.', 'The name of a function to wrap the return data in.', 'The domain of the site you would like to query represented as a string.', ""The keys represent what data to return. To save on space, short names are used for values in several of the real-time API calls. One or a comma separated list of: pagetimer: Time to finish loading the dom. time_spent: Number of seconds on the page. domain: The domain name of the document (what's in the browser bar). uid: The chartbeat account. host: The reported domain (the dashboard the data goes to). title: Page title. new: First time visitor for the site in the last 30 days. path: Path of the page from location.pathname. referrer: Referrer from document.referrer. token: Temporary uuidevent's page session (regenerated when moving to another page). user: User token. window_height: window.innerHeight or document.body.offsetHeight. scroll_top: window.pageYOffset or document.body.scrollTop or document.documentElement.scrollTop. page_height: document.body.scrollHeight. read: The number of people reading. write: The number of people writing. idle: The number of people idle."", 'How to return the key data, either n or s (numeric or string). Default: n']}]",[{}]
0.27522599697113037,German Company Data,https://rapidapi.com/appaio/api/german-company-data1/,german-company-data1.p.rapidapi.com,GET:PositionsByCompanyId,Look up company directors by company id,Basic operations,"[{'参数名': ['companyId__exact'], '参数类型': ['STRING'], '参数注意事项': ['']}]",[{}]
0.27520978450775146,Linkedin Public Search,https://rapidapi.com/sametstalker/api/linkedin-public-search/,linkedin-public-search.p.rapidapi.com,GET:companysearch,Search companies with name keyword,,[{}],"[{'参数名': ['page'], '参数类型': ['STRING'], '参数注意事项': ['']}]"
0.2750634551048279,Email Verifier,https://rapidapi.com/EmailVerifierApi/api/email-verifier/,email-verifier-api.p.rapidapi.com,GET:/v2/,Email Verifier Api,,"[{'参数名': ['apiKey', 'email'], '参数类型': ['STRING', 'STRING'], '参数注意事项': ['Signup at https://www.emailverifierapi.com to receive a free apiKey.', 'The email address to be verified']}]",[{}]
0.27479103207588196,EK88 dang nhap dang ky nha cai truc tuyen,https://rapidapi.com/ek88betpro/api/ek88-dang-nhap-dang-ky-nha-cai-truc-tuyen/,ek88-dang-nhap-dang-ky-nha-cai-truc-tuyen.p.rapidapi.com,GET:EK88 dang nhap dang ky nha cai,"EK88 là nhà cái uy tín hàng đầu châu Á, nhà cái EK88 cung cấp tỷ lệ cược tốt nhất, nhiều khuyến mãi, link vào EK88 nhanh không bị chặn mới nhất 2022.",,[{}],[{}]
0.2742224335670471,Project Gutenberg API,https://rapidapi.com/rabahdjebbes6-VpFXFzqdF1R/api/project-gutenberg-api/,project-gutenberg-api.p.rapidapi.com,GET:Search Books,Search for books using full name or just a snippit and get the book's ID.,,"[{'参数名': ['term'], '参数类型': ['STRING'], '参数注意事项': ['']}]",[{}]
0.2741464674472809,Global Coupon and Sales Feed,https://rapidapi.com/nayef2757-bbZ5ND8RSLM/api/global-coupon-and-sales-feed/,global-coupon-and-sales-feed.p.rapidapi.com,GET:store,"Get All Coupons, Sales, Coupons Count, Store Logo, Store URL, Country, About Section… Enter ""storeId"" to get All the good stuff for a particular store.",,"[{'参数名': ['storeId'], '参数类型': ['STRING'], '参数注意事项': ['Enter storeId received from \\\\""search endpoint\\\\""']}]",[{}]
0.27408111095428467,Clutch.co,https://rapidapi.com/epctex-epctex-default/api/clutch-co/,clutch-co.p.rapidapi.com,GET:search,Returns all the companies that matches up by the keywords,Company,[{}],"[{'参数名': ['page'], '参数类型': ['STRING'], '参数注意事项': ['Page for the pagination of the search results']}]"
0.27373006939888,Yaware.TimeTracker,https://rapidapi.com/api4yaware/api/yaware-timetracker/,api4yaware-yaware-data.p.rapidapi.com,POST:getUser,Get user by email,,[{}],[{}]
0.27362245321273804,REIT Property Data,https://rapidapi.com/reit-data-market-reit-data-market-default/api/reit-property-data1/,reit-property-data1.p.rapidapi.com,GET:reit-index,"Get a list of all available data including which REITs are available, the dates of collection, and the property types found in those REITs. No parameters required.",,[{}],[{}]
0.27357563376426697,vCloud Air Ondemand Calculator,https://rapidapi.com/vipulrajdeep/api/vcloud-air-ondemand-calculator/,vipulrajdeep-vcloud-ondemand-calculator-v1.p.rapidapi.com,GET:/ondemand/datacenter,For fetching Datacenter Data,OnDemand API,[{}],[{}]
0.27346861362457275,Domainr,https://rapidapi.com/domainr/api/domainr/,domainr.p.rapidapi.com,GET:/v2/search,Responds with search suggestions related to the query.,v2,[{}],"[{'参数名': ['location', 'registrar', 'defaults'], '参数类型': ['STRING', 'STRING', 'STRING'], '参数注意事项': ['Optional two-character country code, to include Geo TLDs.', 'Optionally restrict returned results to those supported by a registrar.', 'Optionally include a comma-separated list of zones to include by default.']}]"
0.2731832265853882,IBAN Decoder,https://rapidapi.com/ibanchecker/api/iban-decoder/,iban-decoder.p.rapidapi.com,GET:Get IBAN info,Get information about IBAN,,"[{'参数名': ['iban', 'format'], '参数类型': ['STRING', 'ENUM'], '参数注意事项': ['', '']}]",[{}]
0.27315443754196167,Pamfax,https://rapidapi.com/pamfax/api/pamfax/,pamfax-pamfax.p.rapidapi.com,GET:ListRecentRecipients,Returns a list of the last recipient This is fixed to a maximum of 20 records.,FaxHistory,"[{'参数名': ['apikey', 'apicheck', 'usertoken'], '参数类型': ['STRING', 'STRING', 'STRING'], '参数注意事项': ['description', 'description', '']}]",[{}]
0.27305030822753906,tructiepdagatv,https://rapidapi.com/tructiepdagatv/api/tructiepdagatv/,tructiepdagatv.p.rapidapi.com,GET:Trực tiếp đá gà TV,"Trực tiếp đá gà TV là website xem đá gà trực tiếp hôm nay, xem đá gà campuchia, đá gà cựa sắt thomo và chia sẻ thông tin, kinh nghiệm bổ ích về việc nuôi gà cũng như kiến thức nuôi gà hiệu quả. Các giải đá gà lớn nhỏ từ đá gà tre, gà chọi và nhiều giải khác. Hãy nhanh chóng tr...",,[{}],[{}]
0.272919625043869,Holidays API,https://rapidapi.com/mbiombanistefen/api/holidays-api/,holidays-api.p.rapidapi.com,GET:/holidays/<province>/<type>,This endpoint allows you to retrieve a list of all holidays in a specific province with a specific type,,"[{'参数名': ['province', 'type'], '参数类型': ['STRING', 'STRING'], '参数注意事项': ['', '']}]",[{}]
0.2729070782661438,Business License Search US,https://rapidapi.com/digital-insights-digital-insights-default/api/business-license-search-us/,business-license-search-us.p.rapidapi.com,GET:Name Search,Search business licenses by name,,"[{'参数名': ['state', 'FirstName', 'LastName'], '参数类型': ['STRING', 'STRING', 'STRING'], '参数注意事项': ['', '', '']}]",[{}]
0.2728208899497986,DeltaGain - UK Company Data and Accounts,https://rapidapi.com/deltagain/api/deltagain-uk-company-data-and-accounts/,deltagain.p.rapidapi.com,GET:Officers,Company Officers - Directors and Secretaries,Basic Company Data,"[{'参数名': ['company_number'], '参数类型': ['STRING'], '参数注意事项': ['']}]",[{}]
0.2727903127670288,Address and ZIP lookup,https://rapidapi.com/geoapify-gmbh-geoapify/api/address-and-zip-lookup/,address-and-zip-lookup.p.rapidapi.com,GET:Geocoding,"Parse, validate, and locate an address or place",,[{}],"[{'参数名': ['limit', 'type', 'lat', 'lon', 'lang', 'bias', 'filter'], '参数类型': ['STRING', 'STRING', 'STRING', 'STRING', 'STRING', 'STRING', 'STRING'], '参数注意事项': ['Maximum number of results', ""Desired result granularity. Possible values: 'country', 'state', 'city', 'postcode', 'street', 'amenity'."", 'Location bias latitude (requires \\\\\\\\""lon\\\\\\\\"")', 'Location bias longitude (requires \\\\\\\\""lat\\\\\\\\"")', 'Preferable results language code (en, de, it, fr)', 'Prefer places by country, boundary, circle, location:\nby circle - circle:lon,lat,radiusMeters, for example, bias=circle:-87.770231,41.878968,5000\nby rectangle - rect:lon1,lat1,lon2,lat2, for example , bias=rect:-89.097540,39.668983,-88.399274,40.383412\nby country - comma-separated ISO 3166-1 Alpha-2 country codes (in lower case), for example, bias=countrycode:de,es,fr\nby proximity - proximity:lon,lat, for example, bias=proximity:41.2257145,52.971411', 'Filter places by country, boundary, circle:\nby circle - circle:lon,lat,radiusMeters, for example, filter=circle:-87.770231,41.878968,5000\nby rectangle - rect:lon1,lat1,lon2,lat2, for example , filter=rect:-89.097540,39.668983,-88.399274,40.383412\nby country - comma-separated ISO 3166-1 Alpha-2 country codes (in lower case), for example, filter=countrycode:de,es,fr']}]"
0.27210795879364014,awin68,https://rapidapi.com/awin68/api/awin68/,awin68.p.rapidapi.com,GET:AWIN NHA CAI 2022,"AWIN68 là trang cá cược đảm bảo uy tín hàng đầu trong năm 2022, có máy chủ chính thức được đặt tại Philippines. Chuyên cung cấp đến cho người chơi nhiều sản phẩm game đổi thưởng, dịch vụ trực tuyến với chất lượng vượt trội. Truy cập awin68.info ngay để thưởng thức ngay hàng lo...",,[{}],[{}]
0.27195096015930176,Real Estate Market Metrics,https://rapidapi.com/dbeaudway/api/real-estate-market-metrics/,real-estate-market-metrics.p.rapidapi.com,GET:Real Estate Data on County,This returns a collection of metrics and indicators by county. Providing year and month query parameters allows you to retrieve a specific month. Not providing parameters will retrieve the most recent month record.,,[{}],"[{'参数名': ['year', 'month'], '参数类型': ['STRING', 'STRING'], '参数注意事项': ['', '']}]"
0.27192699909210205,Crypto Changes live,https://rapidapi.com/rogerkingdom10/api/crypto-changes-live/,crypto-changes-live.p.rapidapi.com,GET:Get All Crypto Currency News And Updates,"This End point will return Back all Crypto Currency News, Information and Updates from all over the World",,[{}],[{}]
0.2716817259788513,UAE Real Estate,https://rapidapi.com/dotlas-dotlas-default/api/uae-real-estate/,uae-real-estate.p.rapidapi.com,GET:locate_district_districts_locate_get,About:,Districts,"[{'参数名': ['latitude', 'longitude'], '参数类型': ['NUMBER', 'NUMBER'], '参数注意事项': ['', '']}]",[{}]
0.27161741256713867,Simplified Property Data,https://rapidapi.com/bytient-bytient-default/api/simplified-property-data/,simplified-property-data.p.rapidapi.com,GET:Property Lookup,Gets detailed information about a property listing,,"[{'参数名': ['id'], '参数类型': ['STRING'], '参数注意事项': ['']}]",[{}]
0.27122944593429565,Zillow Working API,https://rapidapi.com/sorowerhossan01/api/zillow-working-api/,zillow-working-api.p.rapidapi.com,GET:/By Property Address,"INPUT: Property Address(3071 Imperial St, Jacksonville, FL 32254)",Property Info - Advanced,"[{'参数名': ['propertyaddress'], '参数类型': ['STRING'], '参数注意事项': ['']}]",[{}]
0.27118200063705444,LinkedIn Profile Data,https://rapidapi.com/wazznco-wazznco-default/api/linkedin-profile-data2/,linkedin-profile-data2.p.rapidapi.com,GET:Profile data,Get LinkedIn profile data with username,,"[{'参数名': ['username'], '参数类型': ['STRING'], '参数注意事项': ['']}]",[{}]
0.27079907059669495,GST Return Status,https://rapidapi.com/adarshmadrecha/api/gst-return-status/,gst-return-status.p.rapidapi.com,GET:/gstin,Get Details about GSTIN (GST number) and following,,"[{'参数名': ['gstin'], '参数类型': ['STRING'], '参数注意事项': ['']}]",[{}]
0.2707722783088684,German Company Data,https://rapidapi.com/Implisense/api/german-company-data/,german-company-data.p.rapidapi.com,GET:/companies/{id}/financials/exists,"This endpoint returns the list of years for which financial key figures (balance sheet total, revenue, profit, number of employees) for the company with the given identifier are available. The purpose of this endpoint is to give the user the opportunity to avoid potentially ex...",Check Fillling Level,"[{'参数名': ['id'], '参数类型': ['STRING'], '参数注意事项': ['']}]",[{}]
0.2705393433570862,REST COUNTRY,https://rapidapi.com/santrarahul7070/api/rest-country/,rest-country.p.rapidapi.com,GET:Calling by Country Name,Calling by Country Name,,"[{'参数名': ['name'], '参数类型': ['STRING'], '参数注意事项': ['']}]",[{}]
0.2705168128013611,LinkedIn geoUrn Codes,https://rapidapi.com/tom-VlOpEjPtv/api/linkedin-geourn-codes/,linkedin-geourn-codes.p.rapidapi.com,GET:Get Location geoUrn,This requires an exact match (case insensitive),,"[{'参数名': ['Location', 'MatchType'], '参数类型': ['STRING', 'STRING'], '参数注意事项': ['', '']}]",[{}]
0.2702704966068268,Datafield,https://rapidapi.com/antoinederoche/api/datafield-1/,community-datafield.p.rapidapi.com,GET:Details of a user,Get details of a user,Users,"[{'参数名': ['id'], '参数类型': ['STRING'], '参数注意事项': ['']}]",[{}]
0.2701200842857361,REIT Property Data,https://rapidapi.com/reit-data-market-reit-data-market-default/api/reit-property-data1/,reit-property-data1.p.rapidapi.com,GET:property,Get IDs of properties. Geography and calendar filters are optional.,,[{}],"[{'参数名': ['geo_level', 'qy', 'geo_value'], '参数类型': ['STRING', 'STRING', 'STRING'], '参数注意事项': [""Must be used with geo_value parameter. Used to specify a geography level to restrict search. Valid geo_level values include zip_code,state,country, countygeoid, and msageoid. Example's of different geo_value values are below.\nNote - US states and Canadian provinces are referred to by 2 character codes. All other states and provinces use full name designation\nExample usage\ngeo_level = zip_code and geo_value = 10010 to get all properties for zip code in NYC\ngeo_level = state and geo_value = NY to get all properties for a REIT in New York state\ngeo_level = country and geo_value = US to get all US properties for a REIT"", 'This is the Quarter & Year (QY) the data was scraped. Use this parameter to query a specifc collection of data. If no QY is provided, defaults to latest data collection for specified REIT.', 'Must be used with geo_level parameter. Used to specify a geography level to restrict search. Valid geo_level values include zip_code, state,country,countygeoid and msageoid. Examples of different geo_value values are below.\nNote - US states and Canadian provinces are referred to by 2 character codes. All other states and provinces use full name designation\nExample usage\ngeo_level = zip_code and geo_value = 10010 to get all properties for zip code in NYC\ngeo_level = state and geo_value = NY to get all properties for a REIT in New York state\ngeo_level = country and geo_value = US to get all US properties for a REIT']}]"
0.2699459195137024,comemhomelab,https://rapidapi.com/comemhomelab/api/comemhomelab/,comemhomelab.p.rapidapi.com,GET:comemhomelab,"Cỏ Mềm Homelab là thương hiệu mỹ phẩm thiên nhiên lành và thật được chiết xuất từ thảo mộc an toàn với con người đặc biệt là bà bầu, trẻ em và da kích ứng",,[{}],[{}]
0.2699439525604248,Zoopla,https://rapidapi.com/apidojo/api/zoopla/,zoopla.p.rapidapi.com,GET:auto-complete,Get auto complete suggestion by term or phrase,,[{}],"[{'参数名': ['search_type'], '参数类型': ['STRING'], '参数注意事项': ['One of the following properties|listings. Use listings value to get suggestion for …/properties/list endpoint. Use properties value to get suggestion for …/house-prices/estimate endpoint.']}]"
0.2698405385017395,ZAR-CAR,https://rapidapi.com/wellmabdemicha/api/zar-car/,zar-car.p.rapidapi.com,GET:Lookup,zar-car lookup,,"[{'参数名': ['key', 'action', 'id'], '参数类型': ['STRING', 'STRING', 'STRING'], '参数注意事项': ['', '', '']}]",[{}]
0.2697450518608093,Realty in CA,https://rapidapi.com/apidojo/api/realty-in-ca1/,realty-in-ca1.p.rapidapi.com,GET:agents/detail,Get detail information of an agent,agents,[{}],"[{'参数名': ['CultureId'], '参数类型': ['NUMBER'], '参数注意事项': ['1 - English|2 - French']}]"
0.26972389221191406,Yaware.TimeTracker,https://rapidapi.com/api4yaware/api/yaware-timetracker/,api4yaware-yaware-data.p.rapidapi.com,POST:getEmployee,Returns employees by email,,"[{'参数名': ['access_key', 'email'], '参数类型': ['STRING', 'STRING'], '参数注意事项': ['Example: 943d5027a30a2800f53e3b62bcbf67e2-1293709475', ""Employee's Email""]}]",[{}]
0.26885664463043213,Companies in Dubai Free Zones,https://rapidapi.com/ggurjar333-Ihcu1gvzM24/api/companies-in-dubai-free-zones/,companies-in-dubai-free-zones.p.rapidapi.com,GET:Blocked Companies,Get all blocked business in Free Zones,,[{}],[{}]
0.2687540352344513,QR ID Tracker API,https://rapidapi.com/progwhiz1/api/qr-id-tracker-api/,qr-id-tracker-api.p.rapidapi.com,POST:QRID Tracker,"The following document provides the specifications to be able to use the following API’s
 QR ID Code Creation JSON encoding of parameters API
 Administrative Validation Mobile Apps",,[{}],[{}]
0.26838988065719604,Yaware.TimeTracker,https://rapidapi.com/api4yaware/api/yaware-timetracker/,api4yaware-yaware-data.p.rapidapi.com,POST:getDetailedReportByDay,Get detailed report for users by day,,[{}],"[{'参数名': ['group', 'part', 'user'], '参数类型': ['STRING', 'NUMBER', 'STRING'], '参数注意事项': ['ID of group to get data for', '', 'ID of user to get stats data for']}]"
0.26830989122390747,Idealista,https://rapidapi.com/scraperium/api/idealista7/,idealista7.p.rapidapi.com,GET:Get Suggestions,Get location suggestions (autocomplete),Locations,"[{'参数名': ['prefix', 'location', 'propertyType', 'operation'], '参数类型': ['STRING', 'ENUM', 'STRING', 'STRING'], '参数注意事项': ['', 'One of the following values: es|pt|it', '', '']}]",[{}]
0.2682671844959259,AE5888 Trang chu dang ky dang nhap 2022,https://rapidapi.com/ae5888me/api/ae5888-trang-chu-dang-ky-dang-nhap-2022/,ae5888-trang-chu-dang-ky-dang-nhap-2022.p.rapidapi.com,GET:AE5888 Trang chu dang ky dang nhap AE888 AE388,"AE5888- ae5888.me ⭐ Trang chủ đăng ký, đăng nhập AE888 mới nhất ⭐️ bao gồm: đá gà thomo, tài xỉu, thể thao, lô đề online ⭐️ Link vào ae388 - ae88 - ae888 chính thức. /m/033_l8 /m/033_l8 #Casino #đăng_ký_ae5888 #nạp_tiền_ae5888 #tải_app_ae5888 #link_vào_ae5888 #dangkyae5888 #...",,[{}],[{}]
0.26796287298202515,Cars Bids,https://rapidapi.com/echolite/api/cars-bids/,cars-bids.p.rapidapi.com,GET:FullDatabase,main,,[{}],[{}]
0.2677011489868164,UK Property Listings,https://rapidapi.com/kallumparr/api/uk-property-listings/,uk-property-listings.p.rapidapi.com,GET:For Sale - High Rental Demand,Retrieves High Rental Demand listings from PropertyData.,,"[{'参数名': ['postcode'], '参数类型': ['STRING'], '参数注意事项': ['']}]",[{}]
0.26749008893966675,Da ga Thomo67 truc tiep,https://rapidapi.com/thomo678net/api/da-ga-thomo67-truc-tiep/,da-ga-thomo67-truc-tiep.p.rapidapi.com,GET:Da ga Thomo67 truc tiep,Thomo67 ✓ Xem đá gà trực tiếp Thomo hôm nay mới nhất tại Thomo 678 ✓ Trực tiếp đá gà cựa sắt Thomo Campuchia hôm nay tại bồ gà 999 & 67.,,[{}],[{}]
0.2671796381473541,Comparable Companies,https://rapidapi.com/ComparableCompanies/api/comparable-companies/,comparable-companies.p.rapidapi.com,GET:/rating,Enables the user to rate the output returned by the /similar API. It is advisable to refresh results after ratings have been submitted as the algorithm fine-tunes its output based on them. Re-searching a company is always free of charge.,rating,"[{'参数名': ['comp_company_id', 'rating', 'main_company_id'], '参数类型': ['STRING', 'NUMBER', 'STRING'], '参数注意事项': ['(Required) domain_name of the comparable company which is being rated', '(Required) The rating given by the user ranging from 0 to 10. Ratings above 5 will fine-tune the algorithm to find more companies similar to that one.', '(Required) The company domain which was queried']}]",[{}]
0.2669082283973694,LODE88,https://rapidapi.com/lode888com/api/lode88/,lode88.p.rapidapi.com,GET:LODE88,"lode88 - lode888.com ⭐️ Là cty lô đề trên mạng, đánh số đề tại LODE88 đảm bảo tỷ lệ ăn cao, rút & nạp tiền nhanh, an toàn. Có bí kíp soi cầu lô đề, số đề…",,[{}],[{}]
0.2667825520038605,US Realtors - Real Estate Agents,https://rapidapi.com/digital-insights-digital-insights-default/api/us-realtors-real-estate-agents/,us-realtors-real-estate-agents.p.rapidapi.com,GET:Search By License Number,Search US realtors database by License Number,,"[{'参数名': ['LicenseNumber'], '参数类型': ['STRING'], '参数注意事项': ['']}]",[{}]
0.26676106452941895,Edgar Filings (13D),https://rapidapi.com/iTrakData/api/edgar-filings-13d/,edgar-filings-13d.p.rapidapi.com,POST:Historical Filings,Search for Historical Data by date (ex. '2018-12-31'),,"[{'参数名': ['date'], '参数类型': ['STRING'], '参数注意事项': ['']}]",[{}]
0.266633003950119,US Housing Market Data,https://rapidapi.com/arielherrera/api/us-housing-market-data/,us-housing-market-data.p.rapidapi.com,GET:Region Ids,Search for region IDs for the housing market economic data.,,[{}],"[{'参数名': ['region_type'], '参数类型': ['STRING'], '参数注意事项': ['Valid region_types include \\""metro\\"", \\""state\\"", \\""county\\"", \\""city\\"", \\""zipcode\\"", and \\""neighborhood\\""']}]"
0.2664716839790344,Best Florida Taxi Service,https://rapidapi.com/gueshebakunx/api/best-florida-taxi-service/,best-florida-taxi-service.p.rapidapi.com,GET:get,Get details of our taxis,default,[{}],"[{'参数名': ['plate', 'state', 'apikey'], '参数类型': ['STRING', 'STRING', 'STRING'], '参数注意事项': ['', '', '']}]"
0.26645195484161377,May88 link vao nha cai nhan quan 2022,https://rapidapi.com/may88live/api/may88-link-vao-nha-cai-nhan-quan-2022/,may88-link-vao-nha-cai-nhan-quan-2022.p.rapidapi.com,GET:May88 link vao nha cai 2022,"May88.live - May88 ⭐️ Link vào may88 mới nhất, web cá cược thể thao trực tuyến, Casino, Keno, Lô đề, Slot game đa dạng với nhiều thể loại cá cược.",,[{}],[{}]
0.2663646638393402,QR Code Generator and Downloader,https://rapidapi.com/sbasu7020/api/qr-code-generator-and-downloader/,qr-code-generator-and-downloader.p.rapidapi.com,GET:QR Code Generator,Input URL as string and convert it to QR code image and send it back as api response,,[{}],"[{'参数名': ['url'], '参数类型': ['STRING'], '参数注意事项': ['']}]"
0.26615604758262634,German Company Data,https://rapidapi.com/Implisense/api/german-company-data/,german-company-data.p.rapidapi.com,POST:/companies/financials/exists,"This endpoint returns the list of years for which financial key figures (balance sheet total, revenue, profit, number of employees) for the company with the given identifier are available, much as GET /companies/{id}/financials/exists does. The difference is that you don't nee...",Check Fillling Level,[{}],[{}]
0.2659716308116913,Chartbeat,https://rapidapi.com/chartbeat/api/chartbeat/,mashape-community-chartbeat.p.rapidapi.com,GET:Live Referrers v3,Returns a list of referrers for the domain.,,"[{'参数名': ['apikey', 'host', 'jsonp', 'path', 'limit'], '参数类型': ['STRING', 'STRING', 'STRING', 'STRING', 'STRING'], '参数注意事项': ['Your API Key.', 'The domain of the site you would like to query represented as a string.', 'The name of a function to wrap the return data in.', 'A specific path. If not given, data is from all paths. e.g. the path of http://chartbeat.com/signup/ is /signup/.', 'The max number of referrers to return. Default: 10.']}]",[{}]
0.2659687399864197,sabasportscc,https://rapidapi.com/anthonyhrwbdo85/api/sabasportscc/,sabasportscc.p.rapidapi.com,GET:saba,https://www.sabasports.cc/ Saba Sport CC là nhà cung cấp tỉ lệ kèo nhà cái trực tuyến có đông người chơi nhất hiện nay. Tham gia cá cược bóng đá online tại sảnh Saba Sports Việt Nam - thể thao Saba tại sabasports.cc,,[{}],[{}]
0.2658807635307312,bongdaao,https://rapidapi.com/bongdaao/api/bongdaao/,bongdaao.p.rapidapi.com,GET:bongdaao,"Bongdaao.online |Bóng đá ảo Online là trò chơi cá độ đổi thưởng thú vị và được ưa chuộng hiện nay. Các trận đấu bóng đá ảo được lập trình sẵn, diễn ra ngẫu nhiên giữa các đội bóng",,[{}],[{}]
0.26585283875465393,Employment Job Change Tracker,https://rapidapi.com/kc35-kc35-default/api/employment-job-change-tracker/,employment-job-change-tracker.p.rapidapi.com,GET:Check Employment,track job changes,,"[{'参数名': ['LinkedIn_PERSON_Profile_URL', 'LinkedIn_COMPANY_Profile_URL'], '参数类型': ['STRING', 'STRING'], '参数注意事项': ['', '']}]",[{}]
0.2658224105834961,123CACA,https://rapidapi.com/nusutari/api/123caca/,123caca.p.rapidapi.com,GET:samburg boologn,visit https://123goal.info,,[{}],[{}]
0.26562345027923584,FatturaCheck,https://rapidapi.com/simontribus1996/api/fatturacheck/,fatturacheck.p.rapidapi.com,POST:P7M Endpoint,"Checks the give P7M-XML-Structure and values against the ""Tracciato fattura elettronica B2B""",,[{}],[{}]
0.26498568058013916,UK Property,https://rapidapi.com/kallumparr/api/uk-property/,uk-property.p.rapidapi.com,GET:NOMIS Authority Search,Retrieves the URL for a supplied postcode NOMIS local authority.,,[{}],"[{'参数名': ['redirect'], '参数类型': ['BOOLEAN'], '参数注意事项': ['']}]"
0.2649206817150116,Abuse IP Check,https://rapidapi.com/standingapi-standingapi-default/api/abuse-ip-check/,abuse-ip-check.p.rapidapi.com,GET:CHECK Endpoint,The check endpoint accepts a single IP address (v4 or v6). Optionally you may set the maxAgeInDays parameter to only return reports within the last x amount of days.,,[{}],"[{'参数名': ['maxAgeInDays'], '参数类型': ['STRING'], '参数注意事项': ['default : 30\nmin : 1\nmax : 365']}]"
0.2647894620895386,MyBusiness - AI Generated Business Name Generator,https://rapidapi.com/ub-creations-ltd-ub-creations-ltd-default/api/mybusiness-ai-generated-business-name-generator/,mybusiness-ai-generated-business-name-generator.p.rapidapi.com,GET:Generate Business Name,Generate awesome business name powered by AI,,"[{'参数名': ['business_detail'], '参数类型': ['STRING'], '参数注意事项': ['']}]",[{}]
0.2643946707248688,Opensea Data,https://rapidapi.com/pguardiario/api/opensea-data/,opensea-data.p.rapidapi.com,GET:History,30 day stats history for a collection,,"[{'参数名': ['slug'], '参数类型': ['STRING'], '参数注意事项': ['']}]",[{}]
0.2643281817436218,Bayut,https://rapidapi.com/apidojo/api/bayut/,bayut.p.rapidapi.com,GET:auto-complete,Get suggestions of locations by term or phrase,,[{}],"[{'参数名': ['hitsPerPage', 'page', 'lang'], '参数类型': ['NUMBER', 'NUMBER', 'STRING'], '参数注意事项': ['For paging purpose', 'For paging purpose', 'One of the following : en|ar']}]"
0.26432567834854126,Allianze BPO Services,https://rapidapi.com/batistalexandraa-Fcxz1BDUu_/api/allianze-bpo-services2/,allianze-bpo-services2.p.rapidapi.com,GET:Business,Business,,[{}],[{}]
0.26418453454971313,Tenant Management Api,https://rapidapi.com/petergachau57-DmftCqBhxKg/api/tenant-management-api/,tenant-management-api.p.rapidapi.com,GET:Peter Gachau,API,,[{}],"[{'参数名': ['url'], '参数类型': ['STRING'], '参数注意事项': ['']}]"
0.26399511098861694,Realty in CA,https://rapidapi.com/apidojo/api/realty-in-ca1/,realty-in-ca1.p.rapidapi.com,GET:agents/list,List agents with options and filters,agents,[{}],"[{'参数名': ['CurrentPage', 'RecordsPerPage', 'SortOrder', 'SortBy', 'CultureId', 'FirstName', 'LastName', 'CompanyName', 'City', 'ProvinceIds', 'Languages', 'Specialties', 'Designations', 'isCccMember'], '参数类型': ['NUMBER', 'NUMBER', 'STRING', 'NUMBER', 'NUMBER', 'STRING', 'STRING', 'STRING', 'STRING', 'NUMBER', 'NUMBER', 'NUMBER', 'NUMBER', 'BOOLEAN'], '参数注意事项': ['For paging purpose', 'Number items returned per request, max 50', 'A - ascending | D - descending', '11-No Preference|3-Last Name|2-First Name|8-City|9-Province', '1 - English|2 - French', ""Search by agent's first name"", ""Search by agent's last name"", 'Search by company name', 'Search by city name', 'One of the following : 1-Alberta|3-British Columbia|8-Manitoba|6-New Brunswick|10-Newfoundland & Labrador|11-Northwest Territories|5-Nova Scotia|9-Nunavut|2-Ontario|12-Prince Edward Island|4-Quebec|7-Saskatchewan|13-Yukon', 'One of the following : 1-English|2-French|3-Chinese (Mandarin)|36-Chinese (Cantonese)|9-Punjabi |23-Hindi|13-Tagalog (Filipino)|11-Arabic |19-Russian|5-German |55-Aboriginal languages|50-Afrikaans|54-Albanian|22-American Sign Language (ASL)|56-Amharic|42-Armenian|106-Assyrian|57-Azeri|58-Bahasa Malaysia|39-Bangla|59-Belorussian|35-Bulgarian|40-Burmese|60-Catalan|105-Chaldean|16-Cree |61-Creole|25-Croatian|26-Czech|27-Danish|43-Dari|12-Dutch |62-Estonian|45-Farsi|51-Finnish|63-Flemish|64-Friesian|65-Galla|66-Gan|67-Georgian|14-Greek |47-Gujarati|68-Hakka|69-Hausa|28-Hebrew|29-Hungarian|70-Icelandic|71-Indonesian|17-Inuktitut (Inuit) |4-Italian |18-Japanese|72-Javanese|73-Jin-yu|74-Kannada|75-Kazakh|76-Kejia|77-Khmer|78-Kiswahili|79-Konkani|20-Korean|80-Kurdish|81-Lao|30-Latvian|53-Lithuanian|82-Luxembourgish|48-Macedonian|83-Malagasy|84-Malay|85-Malayalam|49-Malaysian|31-Maltese|86-Marathi|87-Miny|88-Mongolian|32-Norwegian |89-Pakhto|44-Pashto|24-Persian|6-Polish |8-Portuguese |41-Romanian|33-Serbian|90-Serbo-Croatian|91-Sindhi|92-Sinhala|21-Slovak|52-Slovenian|94-Somali|7-Spanish |95-Sunda|37-Swedish|104-Tajik|46-Tamil|96-Tchi|97-Telugu|98-Thai|99-Tigrinya|34-Turkish|10-Ukrainian |38-Urdu|100-Uzbek|15-Vietnamese |101-Xiang|102-Yiddish|103-Yue', 'One of the following : 2-Residential Property Management|4-Residential Brokerage|8-Residential Development|10-Residential Valuation|12-Residential Financing|14-Residential Leasing|16-Residential Legal|18-Residential Relocation|17-Relocation|28-2nd Home|33-Age Restricted/Active Adult Community Properties|36-Agriculture Land|9-Appraisal|3-Business Brokerage|35-Condos|5-Consulting|7-Development Land|24-Farm/Ranch|32-Golf Community Properties|25-Hospitality|21-Industrial|11-Investment|29-Luxury Homes|23-Multi-Family|22-Office|1-Property Management|26-Recreational|31-Resort Properties|20-Retail|30-Seasonal/Vacation Rentals|27-Waterfront Properties', ""One of the following : 1-Accredited Buyer Representative|2-Accredited Buyer Representative Manager|3-At Home With Diversity Certification|4-Accredited Land Consultant|5-Accredited Residential Manager® |6-Associate Reserve Planner|7-Certified Commercial Investment Member|8-Certified International Property Specialist|9-Certified Leasing Officer|10-Certified Manager of Condominiums|11-Certified Property Manager® |12-Certified Real Estate Specialist|13-Certified Real Estate Brokerage Manager|14-Counselor of Real Estate|15-Certified in Real Estate Finance|16-Certified Reserve Planner|17-Certified Residential Specialist® |18-Certified Residential Underwriter|19-REALTOR e-PRO®|20-Fellow of the Real Estate Institute|21-Fellow of the Real Estate Institute (Appraisal Specialist)|22-Fellow of the Real Estate Institute (Executive)|23-General Accredited Appraiser|24-Graduate REALTOR® Institute|26-Performance Management Network|27-Residential Accredited Appraiser|28-REALTOR® Association Certified Executive|29-Real Estate Professional Assistant|30-Accredited Appraiser Canadian Institute|31-Market Value Appraiser-Residential|33-Accredited Leasing Officer |34-Accredited Mortgage Professional |35-Accredited Senior Appraiser|36-Certified Valuation Analyst|37-Certified Mold Remediation|38-Certified Professional Residential Property Manager|39-Canadian Residential Appraiser|40-Fellows of the Royal Institution of Chartered Surveyors |41-Member, Appraisal Institute|42-Professional Land Economist|43-Real Property Administrator®|44-Society of Industrial and Office REALTORS®|45-Senior Residential Appraiser|46-Canadian Employee Relocation Professional|47-Canadian Employee Relocation Council Relocation Specialist™|48-Relocation Resort Specialist|49-Senior Real Estate Specialist|50-Certified Lease Professional Designation|51-Designated Agency Representatives |52-Distinguished Real Estate Instructor™|53-Unknown|54-Certified Condo Specialist|55-Canadian REALTOR® Association Executive|56-NAR's Green Designation|57-ACCREDITED GREENAGENT® -Residential|58-ACCREDITED GREENBROKER® - Commercial|59-EcoBroker®|60-Transnational Referral Certified|61-Certified Negotiation Expert|62-Member of the Royal Institute of Charter Surveyors|63-Certified Reserve Fund Planner|64-Accredited Staging Professional|65-Resort & Second-Home Property Specialist|66-Short Sales and Foreclose Resource|67-Business Corporation Owned by a Real Estate Broker|68-Canadian Personal Property Appraiser|69-Seller Representative Specialist |70-Accredited Senior Agent|71-Certified Luxury Home Marketing Specialist|72-Royal Institute of Chartered Surveyors|73-Accredited Commercial Professional|74-Master Certified Negotiation Expert|75-Associate of the Canadian Condominium Institute|76-Real Estate Negotiation Expert|77-Military Relocation Professional|78-Pricing Strategy Advisor|79-Accredited Luxury Home Specialist|80-Performance Management Network Designation|81-Certified in Marketing of Real Estate|82-Residential Construction Certified|83-Certified New Home Specialist |84-Chartered Accountant|85-Chartered Professional Accountant|86-Certified General Accountant|87-Certified Management Accountant|88-BoundaryWise|89-Chartered Financial Analyst"", 'false|true : REALTORS® that are affiliates of the Canadian Commercial Network']}]"
0.2632850408554077,ipage_cep,https://rapidapi.com/diogenes/api/ipage_cep/,ipage_cep.p.rapidapi.com,GET:Address,"Retuns the address from the state, city and street",,"[{'参数名': ['cidade', 'uf', 'key', 'logradouro'], '参数类型': ['STRING', 'STRING', 'STRING', 'STRING'], '参数注意事项': [""City's name"", 'Acronym of federative unit.Ex .: sp', 'access key', 'Address you want to find']}]",[{}]
0.26279908418655396,UK Property Listings,https://rapidapi.com/kallumparr/api/uk-property-listings/,uk-property-listings.p.rapidapi.com,GET:For Sale - High Rental Yield,Retrieves High Rental Yield listings from PropertyData.,,"[{'参数名': ['postcode'], '参数类型': ['STRING'], '参数注意事项': ['']}]",[{}]
0.26259395480155945,Companies in Dubai Free Zones,https://rapidapi.com/ggurjar333-Ihcu1gvzM24/api/companies-in-dubai-free-zones/,companies-in-dubai-free-zones.p.rapidapi.com,GET:Packaging and Printing Materials - Active Companies,Get all active Packaging and Printing Materials businesses in Free zones,,[{}],[{}]
0.2625904083251953,Chartbeat,https://rapidapi.com/chartbeat/api/chartbeat/,mashape-community-chartbeat.p.rapidapi.com,GET:Live Recent v3,Returns information about the most recent visitors to a given host. This call returns real-time data.,,"[{'参数名': ['apikey', 'path', 'host', 'jsonp', 'limit'], '参数类型': ['STRING', 'STRING', 'STRING', 'STRING', 'STRING'], '参数注意事项': ['Your API Key.', 'A specific path. If not given, data is from all paths. e.g. the path of http://chartbeat.com/signup/ is /signup/.', 'The domain of the site you would like to query represented as a string.', 'The name of a function to wrap the return data in.', 'The max number of recent visitors to return. Default: 50.']}]",[{}]
0.26254236698150635,Clutch.co,https://rapidapi.com/epctex-epctex-default/api/clutch-co/,clutch-co.p.rapidapi.com,GET:getPortfolio,Returns all the portfolio information of a company by its slug,Portfolio,[{}],"[{'参数名': ['page'], '参数类型': ['STRING'], '参数注意事项': ['Page of the reviews']}]"
0.26238834857940674,thomo678,https://rapidapi.com/thomonet/api/thomo678/,thomo678.p.rapidapi.com,GET:Thomo67,Thomo67 thomo678.com ✔️ nhà cái cá cược Đá Gà thomo trực tiếp uy tín số 1️⃣ Việt Nam ✔️ đến với thomo678 bạn sẽ được tặng 6888k thành viên mới ✔️,,[{}],[{}]
0.2621142566204071,Dock API,https://rapidapi.com/dock-labs-ag-dock-labs-ag-default/api/dock-api1/,dock-api1.p.rapidapi.com,GET:/data/limits,Gets the plan limits for your account,data,[{}],[{}]
0.2619091272354126,Edgar Filings (13D),https://rapidapi.com/iTrakData/api/edgar-filings-13d/,edgar-filings-13d.p.rapidapi.com,POST:Search Filings,"Search by term (form, description, company, etc…) for filings. Max 100 results.",,"[{'参数名': ['term'], '参数类型': ['STRING'], '参数注意事项': ['']}]",[{}]
0.2615109086036682,111,https://rapidapi.com/cxolast/api/1117/,1117.p.rapidapi.com,GET:fdfdf,fdfdf,category,[{}],[{}]
0.26106834411621094,IPQ Proxy Detection and Email Verification,https://rapidapi.com/IPQualityScore/api/ipq-proxy-detection-and-email-verification/,ipqualityscore-ipq-proxy-detection-v1.p.rapidapi.com,GET:IPQS Proxy Detection,"This service will analyze an IP address in real-time and detect if it is a proxy, VPN, or Tor connection. Our system uses a mix of honeypots, real-time blacklists, and forensic analysis to provide the most accurate proxy detection service. Give this service a try with over 5,0...",,[{}],"[{'参数名': ['user_agent', 'strictness'], '参数类型': ['STRING', 'NUMBER'], '参数注意事项': ['Optionally pass the user agent variable to also flag bad user agents/browsers', 'Adjust the strictness of the check, with 0 being the lowest and 5 being the strictest.']}]"
0.26105424761772156,Real Estate Property API,https://rapidapi.com/certiapi-certiapi-default/api/real-estate-property-api/,real-estate-property-api.p.rapidapi.com,GET:Get Property Details by Id,"This endpoint will show all property details by its Id.
Send a URL parameter named ""id"" with a number.
Example: ?id=1000",,"[{'参数名': ['id'], '参数类型': ['NUMBER'], '参数注意事项': ['']}]",[{}]
0.26101183891296387,Denmark Company Data,https://rapidapi.com/appaio/api/denmark-company-data/,denmark-company-data.p.rapidapi.com,GET:Search by company ID,"Using Elastic search, you can use this API endpoint to search by company ID (CVR number) in Denmark",default,"[{'参数名': ['q'], '参数类型': ['STRING'], '参数注意事项': ['']}]",[{}]
0.2609214782714844,Concord Contract Management,https://rapidapi.com/concordworldwide/api/concord-contract-management/,concordworldwide-concord-contract-management-v1.p.rapidapi.com,GET:Get Metadata,Retrieve the metadata associated with a contract in your contract database.,,[{}],[{}]
0.2606068253517151,Pokemon API,https://rapidapi.com/hamidahjamiatul/api/pokemon-api3/,pokemon-api3.p.rapidapi.com,GET:pokemon,Pokemon,,"[{'参数名': ['name'], '参数类型': ['STRING'], '参数注意事项': ['']}]",[{}]
0.2605171501636505,UAE Real Estate,https://rapidapi.com/dotlas-dotlas-default/api/uae-real-estate/,uae-real-estate.p.rapidapi.com,GET:get_districts_catalogue_districts_get,About:,API Catalogue,"[{'参数名': ['city'], '参数类型': ['STRING'], '参数注意事项': ['']}]",[{}]
0.26045140624046326,Realty Mole Property,https://rapidapi.com/realtymole/api/realty-mole-property-api/,realty-mole-property-api.p.rapidapi.com,GET:Property Rent Estimate,Returns a rent estimate and comparable rental listings for an address or lat/long coordinate. Providing property feature parameters will improve the estimate accuracy. More info....,Property Valuation,[{}],"[{'参数名': ['address', 'latitude', 'longitude', 'propertyType', 'bedrooms', 'bathrooms', 'squareFootage', 'maxRadius', 'daysOld', 'compCount'], '参数类型': ['STRING', 'NUMBER', 'NUMBER', 'STRING', 'NUMBER', 'NUMBER', 'NUMBER', 'NUMBER', 'NUMBER', 'NUMBER'], '参数注意事项': [""The property address, in the format of 'Street, City, State, Zip'. You need to provide either the address or the latitude/longitude parameters"", 'The latitude of the property. The latitude/longitude can be provided instead of the address parameter', 'The longitude of the property. The latitude/longitude can be provided instead of the address parameter', 'The type of the property. Supported values are: Single Family, Condo, Townhouse, Manufactured, Duplex-Triplex, Apartment', 'The number of bedrooms in the property', 'The number of bathrooms in the property. Supports fractions to indicate partial bathrooms', 'The total living area size of the property, in square feet', 'The maximum distance between comparable listings and the subject property, in kilometers. Defaults to 50 if not provided', 'The maximum number of days since comparable listings were last seen on the market, with a minimum of 1', 'The number of comparable listings returned by the API, between 5 and 25. Defaults to 10 if not provided']}]"
0.26037582755088806,Free OFAC Scan,https://rapidapi.com/Intelitruth/api/free-ofac-scan/,free-ofac-scan.p.rapidapi.com,GET:free_ofac.api,This API returns a simple TRUE (target found) or FALSE (target not found) value n response to an OFAC scan request.,,[{}],"[{'参数名': ['street_address', 'business_name', 'first_name', 'last_name'], '参数类型': ['STRING', 'STRING', 'STRING', 'STRING'], '参数注意事项': ['Street Address of individual or business entity target', 'Name of Business entity target.', 'First Name(s) of individual target.', 'Last Name(s) of individual target.']}]"
0.25983184576034546,DataTarghe,https://rapidapi.com/kratrieverbedec/api/datatarghe/,datatarghe.p.rapidapi.com,GET:DataTarghe,Dati per auto e moto italiane,,"[{'参数名': ['Targa', 'Modo'], '参数类型': ['STRING', 'STRING'], '参数注意事项': ['', '']}]",[{}]
0.25979083776474,Biz News API,https://rapidapi.com/srmarohit/api/biz-news-api/,biz-news-api.p.rapidapi.com,GET:GET /news/{source},It returns the news data based on the resource which you passed as a parameter at url.,,"[{'参数名': ['source'], '参数类型': ['STRING'], '参数注意事项': ['']}]",[{}]
0.25965550541877747,Powerful GSTIN Tool,https://rapidapi.com/velocityhub/api/powerful-gstin-tool/,powerful-gstin-tool.p.rapidapi.com,GET:Validate GSTIN Format,This endpoint allows you to verify whether a provided GSTIN (Goods and Services Tax Identification Number) is in a valid format. It checks whether the format of the GSTIN conforms to the established standards and regulations.,,"[{'参数名': ['GSTIN'], '参数类型': ['STRING'], '参数注意事项': ['']}]",[{}]
0.2595868706703186,Weather API,https://rapidapi.com/hamidahjamiatul/api/weather-api99/,weather-api99.p.rapidapi.com,GET:weather,Weather,,"[{'参数名': ['city'], '参数类型': ['STRING'], '参数注意事项': ['']}]",[{}]
0.25936561822891235,Zillow Working API,https://rapidapi.com/sorowerhossan01/api/zillow-working-api/,zillow-working-api.p.rapidapi.com,GET:/taxinfo/byzpid,Gives you property tax information by zpid. Input any property zpid like: 44466838,"Prop. (Tax Info, PriceHistory)","[{'参数名': ['zpid'], '参数类型': ['STRING'], '参数注意事项': ['']}]",[{}]
0.25915950536727905,REIT Property Data,https://rapidapi.com/reit-data-market-reit-data-market-default/api/reit-property-data1/,reit-property-data1.p.rapidapi.com,GET:property-info-premium,Get premium attributes for a property.,,[{}],"[{'参数名': ['attribute'], '参数类型': ['STRING'], '参数注意事项': ['The premium attribute to query. If no attribute is provided, a list of valid attributes is returned.']}]"
0.2591433525085449,Textocat Beta,https://rapidapi.com/textocat/api/textocat-beta/,textocat-textocat-v1.p.rapidapi.com,GET:/status,Check the API status,,"[{'参数名': ['auth_token'], '参数类型': ['STRING'], '参数注意事项': ['Request one on textocat.com']}]",[{}]
0.2591133117675781,Yaware.TimeTracker,https://rapidapi.com/api4yaware/api/yaware-timetracker/,api4yaware-yaware-data.p.rapidapi.com,POST:getLatecomersInfo,Returns information about latecomers,,[{}],"[{'参数名': ['group', 'user', 'groupedBy[]'], '参数类型': ['STRING', 'STRING', 'STRING'], '参数注意事项': ['ID of group to get stats data for', 'ID of user to get stats data for', 'Group result by: day || week || month']}]"
0.2591097354888916,resumetsy,https://rapidapi.com/edeveloper17/api/resumetsy/,resumetsy.p.rapidapi.com,POST:/api/parseresume,"The /api/parseresume endpoint allows users to upload a resume in PDF format, and it automatically converts the PDF content into a JSON format, providing a structured representation of the resume's information. This endpoint is useful for extracting and processing data from res...",,[{}],[{}]
0.2588942050933838,Nha cai MU9 - Link vao Mu9 Nha cai ca cuoc bong da,https://rapidapi.com/mu9city/api/nha-cai-mu9-link-vao-mu9-nha-cai-ca-cuoc-bong-da/,nha-cai-mu9-link-vao-mu9-nha-cai-ca-cuoc-bong-da.p.rapidapi.com,GET:Nha cai MU9 - Link vao Mu9 Nha cai ca cuoc bong da,"MU9 là nhà cái uy tín số 1 về cá cược bóng đá, game bài, nổ hũ, bắn cá, xổ số lô đề, live casino,…đứng top 1 tại thị trường Anh Quốc. Đăng ký Mu9 để nhận khuyến mãi siêu hot, Link đăng nhập Mu9 chính thức 2022!",,[{}],[{}]
0.2588631510734558,German Company Data,https://rapidapi.com/Implisense/api/german-company-data/,german-company-data.p.rapidapi.com,POST:/companies/financials,"This endpoint returns the financial key figures (balance sheet total, revenue, profit, number of employees) for the company with the given identifier, much as GET /companies/{id}/financials does. The difference is that you don't need the company identifier in advance. This end...",Get Data,[{}],[{}]
0.25884056091308594,regex_everything,https://rapidapi.com/walidmoultamis/api/regex_everything/,regex_everything.p.rapidapi.com,GET:/regex/nospecial/,/regex/nospecial/,,"[{'参数名': ['value'], '参数类型': ['STRING'], '参数注意事项': ['']}]",[{}]
0.25850552320480347,ExplorArc's OpenGraph Crawling API,https://rapidapi.com/explorarcofficial/api/explorarcs-opengraph-crawling-api/,explorarcs-opengraph-crawling-api.p.rapidapi.com,GET:OG,The Best API to Fetch all the OpenGraph and Meta tags from an given website URL,,[{}],"[{'参数名': ['url'], '参数类型': ['STRING'], '参数注意事项': ['']}]"
0.25839340686798096,Housing System,https://rapidapi.com/kukreja.nitesh027/api/housing-system/,housing-system.p.rapidapi.com,POST:Device Check,You can check your device version whether is up to date or not,,[{}],[{}]
0.2582242488861084,Real Estate,https://rapidapi.com/sparior/api/real-estate12/,real-estate12.p.rapidapi.com,GET:property/details,Get detailed information on U.S properties,,"[{'参数名': ['property_id'], '参数类型': ['STRING'], '参数注意事项': ['Enter property ID. (This information can be found on sales and rent endpoints results)']}]",[{}]
0.2581746280193329,Consulta CPF ou CNPJ,https://rapidapi.com/agilconsulta/api/consulta-cpf-ou-cnpj/,consulta-cpf-ou-cnpj.p.rapidapi.com,POST:Homologação CNPJ,Consulta informações pessoa física,,[{}],[{}]
0.258168488740921,Chartbeat,https://rapidapi.com/chartbeat/api/chartbeat/,mashape-community-chartbeat.p.rapidapi.com,GET:Historical Engagement Stats,Returns engaged seconds summarized over the given timespan. You should use this call if you want to discover broad information about your data where we already did the work providing the max or min.,,[{}],"[{'参数名': ['host'], '参数类型': ['STRING'], '参数注意事项': ['']}]"
0.2580203413963318,EU VAT Number Check | VAT Check REST API,https://rapidapi.com/rapihub-rapihub-default/api/eu-vat-number-check-vat-check-rest-api/,eu-vat-number-check-vat-check-rest-api.p.rapidapi.com,GET:VAT Number Check,"This endpoint responds to the request with the data associated with the VAT number provided as a query parameter. The request must include the ""vatnumber"" parameter, which consists of the VAT number with the country code prefix. For example: LU20260743.",,"[{'参数名': ['vatnumber'], '参数类型': ['STRING'], '参数注意事项': ['']}]",[{}]
0.25762927532196045,V9BET Link vao nhanh nha cai V9BET Mobile moi nhat 2022,https://rapidapi.com/v9betvi/api/v9bet-link-vao-nhanh-nha-cai-v9bet-mobile-moi-nhat-2022/,v9bet-link-vao-nhanh-nha-cai-v9bet-mobile-moi-nhat-2022.p.rapidapi.com,GET:V9BET Link vao nhanh nha cai V9BET Mobile moi nhat 2022,"V9bet là tên một nhà cái cá cược trực tuyến, xuất hiện lần đầu tiên tại thị trường Việt Nam vào khoảng tháng 10 năm 2012. Nhà cái V9bet cung cấp các dịch cá cược như thể thao, Casino Online (Sòng bạc trực tuyến), Slots game, Xổ số, Game 3D,… Với giao diện đẹp mắt, trò chơi phò...",,[{}],[{}]
0.257077157497406,Amazon Global Selling,https://rapidapi.com/amazon-global-selling-amazon-global-selling-default/api/amazon-global-selling/,amazon-global-selling.p.rapidapi.com,GET:Amazon,The Harmonized System (HS) code is a standardized numerical method to classify export trade products by customs authorities around the world.,,[{}],"[{'参数名': ['amazon'], '参数类型': ['STRING'], '参数注意事项': ['']}]"
0.2570028305053711,Name Toolkit,https://rapidapi.com/nametoolkit/api/name-toolkit/,nametoolkit-name-toolkit.p.rapidapi.com,GET:Whois 2.0 (beta),Warning this API is unstable and may change at short notice,,"[{'参数名': ['domain'], '参数类型': ['STRING'], '参数注意事项': ['']}]",[{}]
0.25684478878974915,GTmetrix,https://rapidapi.com/gtmetrix/api/gtmetrix/,gtmetrix-gtmetrix.p.rapidapi.com,GET:account,Check your account credit status and next refill date.,,[{}],[{}]
0.2567663788795471,Lucky88wiki,https://rapidapi.com/lucky88wiki/api/lucky88wiki/,lucky88wiki.p.rapidapi.com,GET:Lucky88wiki Website Chính Chủ Của Nhà Cái Lucky88,"Lucky88.wiki - Lucky88 ⚡️ Link vào Lucky88 chính thức, cá độ bóng đá online, cá cược thể thao trực tuyến Game cá cược đa dạng từ Bóng Đá, Đá gà, Casino, Xổ số, Nổ hủ, Slot…cùng với nhiều Khuyến mãi hấp dẫn Đảm bảo An Toàn - Uy Tín - Hợp Pháp Số 1
#lucky88 #lucky88fan #l...",,[{}],[{}]
0.25660037994384766,FatturaCheck,https://rapidapi.com/simontribus1996/api/fatturacheck/,fatturacheck.p.rapidapi.com,POST:XML Endpoint,"Checks the give XML-Structure and values against the ""Tracciato fattura elettronica B2B""",,[{}],[{}]
0.256544291973114,Kiwiki Boutique,https://rapidapi.com/kiwikiboutique/api/kiwiki-boutique/,kiwiki-boutique.p.rapidapi.com,GET:kiwiki boutique,"Kiwiki Boutique là cửa hàng đăng và bán sản phẩm đến từ các thương hiệu nổi tiếng chính hãng trên toàn thế giới. Cụ thể các sản phẩm mà Kiwiki Boutique cung cấp đó là: túi xách hàng hiệu, đồng hồ, gọng kính, khăn quàng, phụ kiện hàng hiệu, các loại sản phẩm hàng hiệu secondhan...",,[{}],[{}]
0.2563762068748474,ShopeeApi,https://rapidapi.com/Chyper00/api/shopeeapi1/,shopeeapi1.p.rapidapi.com,GET:GenerateShopeeLink,"/generateShopeeLink?url=SHOPEEURLPRODUCT
Generates a affiliate link",,"[{'参数名': ['url'], '参数类型': ['STRING'], '参数注意事项': ['']}]",[{}]
0.2561069130897522,Unofficial Redfin,https://rapidapi.com/apidojo/api/unofficial-redfin/,unofficial-redfin.p.rapidapi.com,GET:properties/get-parcel-bounds,Get parcel bounds info. This endpoint is used to get fipsCode and apn to pass in …/properties/get-flood-info endpoint.,properties,"[{'参数名': ['propertyId'], '参数类型': ['STRING'], '参数注意事项': ['The value of propertyId field returned in …/properties/list endpoint.']}]",[{}]
0.2550932466983795,UK Property Listings,https://rapidapi.com/kallumparr/api/uk-property-listings/,uk-property-listings.p.rapidapi.com,GET:Lettings (For Rent),Retrieves Letting listings from Zoopla.,,"[{'参数名': ['postcode'], '参数类型': ['STRING'], '参数注意事项': ['']}]",[{}]
0.2547023594379425,UK Property Listings,https://rapidapi.com/kallumparr/api/uk-property-listings/,uk-property-listings.p.rapidapi.com,GET:For Sale - Reduced,Retrieves Reduced listings from PropertyData.,,"[{'参数名': ['postcode'], '参数类型': ['STRING'], '参数注意事项': ['']}]",[{}]
0.2545941472053528,Email Validator,https://rapidapi.com/belchiorarkad-FqvHs2EDOtP/api/email-validator51/,email-validator51.p.rapidapi.com,POST:Validate with Rules,"Your digital rulebook for email validation. This endpoint allows you to customize how you validate email addresses by setting blacklists, whitelists, and whether to allow free email providers. Simply provide the email query parameter to validate and the rules in the request bo...",,[{}],[{}]
0.2543950378894806,ipage_cep,https://rapidapi.com/diogenes/api/ipage_cep/,ipage_cep.p.rapidapi.com,GET:Routes,"Find the time, distance and value in kilometers of the route between 3 postal codes (feature available on request)",,"[{'参数名': ['key', 'cep', 'valor_gas'], '参数类型': ['STRING', 'STRING', 'NUMBER'], '参数注意事项': ['Access key', 'Zip code origin, zip code destination 1, zip code destination2', 'Value per KM']}]",[{}]
0.25412315130233765,Test QRCodeAPI,https://rapidapi.com/hamidahjamiatul/api/test-qrcodeapi/,test-qrcodeapi.p.rapidapi.com,GET:Get QRCode,gets a QRCode,,[{}],[{}]
0.25412291288375854,24hkhoedep,https://rapidapi.com/24hkhoedep/api/24hkhoedep/,24hkhoedep.p.rapidapi.com,GET:24hkhoedep,24hkhoedep.com là trang bán lẻ trực tuyến trực thuộc Công Ty TNHH Chăm Sóc Khoẻ Và Đẹp Việt Nam – một công ty chuyên nhập khẩu và phân phối độc quyền cho các hãng dược mỹ phẩm và trang thiết bị y tế từ Châu u.,,[{}],[{}]
0.25408273935317993,Donghovangkhoivn,https://rapidapi.com/donghovangkhoivn/api/donghovangkhoivn/,donghovangkhoivn.p.rapidapi.com,GET:donghovangkhoivn,"Donghovangkhoi.vn Là đơn vị đầu tiên và lâu năm trong lĩnh vực chế tác đồng hồ và trang sức .Tất cả sản phẩm đồng hồ như Đồng hồ rolex fake , đồng hồ hublot fake , đồng hồ patek philippe fake , đồng hồ richard mille fake , đồng hồ omega fake , đồng hồ audemars piguet fake chế...",,[{}],[{}]
0.25370264053344727,German Company Data,https://rapidapi.com/Implisense/api/german-company-data/,german-company-data.p.rapidapi.com,GET:/companies/{id}/financials,"This endpoint returns the financial key figures (balance sheet total, revenue, profit, number of employees) for the company with the given identifier. For each key figure the endpoint returns a list of values associated with the corresponding year.",Get Data,"[{'参数名': ['id'], '参数类型': ['STRING'], '参数注意事项': ['']}]",[{}]
0.2535439729690552,Lucky88,https://rapidapi.com/lucky88life/api/lucky88/,lucky88.p.rapidapi.com,GET:lucky88,"Lucky88 - https://lucky88.life/ - Link đăng ký chính thức của nhà cái lucky88. Lucky88 đã và đang mang đến một sân chơi đầy may mắn dành cho các cược thủ. Tại đây, người chơi sẽ được tận hưởng sân chơi cá cược bóng đá, casin...",,[{}],[{}]
0.25345176458358765,Venus888,https://rapidapi.com/ae8888net/api/venus888/,venus888.p.rapidapi.com,GET:Venus888,"Venus888 - AE8888 - ae8888.net ⭐ Trang chủ đăng ký và đăng nhập của nhà cái ae388 ⭐ Link vào ae888 chính thức để chơi bóng đá, đá gà, tài xỉu, lô đề tại Venus casino.",,[{}],[{}]
0.2533249855041504,oxbet88,https://rapidapi.com/oxbet88com/api/oxbet88/,oxbet88.p.rapidapi.com,GET:Oxbet88,"Oxbet88.com - OXBET 🎖️ Nhà cái uy tín nhất về cá cược bóng đá, cá độ, live casino,…đứng top 1 Dubai. Thưởng nạp lần đầu 100% lên đến 25 triệu.",,[{}],[{}]
0.25321418046951294,Bayut,https://rapidapi.com/apidojo/api/bayut/,bayut.p.rapidapi.com,GET:agencies/list,List agencies or search for agencies by name,,[{}],"[{'参数名': ['query', 'hitsPerPage', 'page', 'lang'], '参数类型': ['STRING', 'NUMBER', 'NUMBER', 'STRING'], '参数注意事项': ['Any term or phrase that you are familiar with', 'For paging purpose', 'For paging purpose', 'One of the following : en|ar']}]"
0.2527284622192383,linkxembongda,https://rapidapi.com/linkxembongda/api/linkxembongda/,linkxembongda.p.rapidapi.com,GET:Link xem bóng đá,"Link xem bóng đá tv trực tuyến mới nhất hôm nay. Link xem bóng đá không bị chặn, chia sẻ tổng review các đường link xem tốt nhất.",,[{}],[{}]
0.2524734139442444,Debet,https://rapidapi.com/debet88us/api/debet/,debet.p.rapidapi.com,GET:Debet - debet88,"Debet - debet88 ⭐️ Cá cược bóng đá uy tín online, cá cược thể thao trực tuyến nhà cái uy tín số 1 GERMANY, link vào debet chính thức, tỷ lệ cá cược tốt nhất.",,[{}],[{}]
0.25244760513305664,Business License Search US,https://rapidapi.com/digital-insights-digital-insights-default/api/business-license-search-us/,business-license-search-us.p.rapidapi.com,GET:License Number Search,Search business licenses by license number and state,,"[{'参数名': ['state', 'LicenseNumber'], '参数类型': ['STRING', 'STRING'], '参数注意事项': ['', '']}]",[{}]
0.25225722789764404,Idealista,https://rapidapi.com/scraperium/api/idealista7/,idealista7.p.rapidapi.com,GET:Property Details,Get more details about a property.,Properties Listing,"[{'参数名': ['propertyId', 'location', 'language'], '参数类型': ['STRING', 'STRING', 'STRING'], '参数注意事项': ['Property Id.', 'One of the following values: es|pt|it', 'The language of the ad. Pick between: es|it|pt|en|ca|de|fr|nl|nb']}]",[{}]
0.2522125542163849,Tester,https://rapidapi.com/joshxmckee/api/tester94/,tester94.p.rapidapi.com,GET:tickers,a ticker endpoint to get stock data,,"[{'参数名': ['ticker'], '参数类型': ['STRING'], '参数注意事项': ['']}]",[{}]
0.25214719772338867,Github Repository Viewer API,https://rapidapi.com/hamidahjamiatul/api/github-repository-viewer-api/,github-repository-viewer-api.p.rapidapi.com,GET:Info,Info,,"[{'参数名': ['user', 'repo'], '参数类型': ['STRING', 'STRING'], '参数注意事项': ['', '']}]",[{}]
0.25213152170181274,US Realtors - Real Estate Agents,https://rapidapi.com/digital-insights-digital-insights-default/api/us-realtors-real-estate-agents/,us-realtors-real-estate-agents.p.rapidapi.com,GET:Search By Name,"Search US realtors database by name
State is optional",,[{}],"[{'参数名': ['State'], '参数类型': ['STRING'], '参数注意事项': ['']}]"
0.25198644399642944,IPG - IP geolocation,https://rapidapi.com/standingapi-standingapi-default/api/ipg-ip-geolocation/,ipg-ip-geolocation.p.rapidapi.com,GET:The IP Geolocation,"The IP Geolocation allows you to look up the location, timezone, country details, and more of an IPv4 or IPv6 address.",,"[{'参数名': ['ip_address'], '参数类型': ['STRING'], '参数注意事项': ['The IP address to geolocate. Both IPv4 and IPv6 addresses are supported. Note that if you leave this parameter blank, the service will geolocate the IP address from which the request was made.']}]",[{}]
0.2519712448120117,Docs,https://rapidapi.com/Turbos1k/api/docs25/,docs25.p.rapidapi.com,GET:Yep,Yep yep yep,,[{}],"[{'参数名': ['Yep'], '参数类型': ['STRING'], '参数注意事项': ['']}]"
0.25154832005500793,Skill Extraction,https://rapidapi.com/pathx-pathx-default/api/skill-extraction/,skill-extraction.p.rapidapi.com,POST:Keyword Extraction - Job Skill Extraction,Extract skills from job descriptions.,,[{}],[{}]
0.2514612674713135,Realty in US,https://rapidapi.com/apidojo/api/realty-in-us/,realty-in-us.p.rapidapi.com,GET:properties/list-for-sale (Deprecated),List properties for sale,properties,[{}],"[{'参数名': ['postal_code', 'sort', 'radius', 'prop_type', 'listed_date_min', 'baths_min', 'beds_min', 'reduced', 'price_min', 'price_max', 'features', 'age_min', 'age_max', 'lot_sqft_min', 'lot_sqft_max', 'sqft_min', 'sqft_max', 'is_foreclosure', 'is_matterports', 'is_new_construction', 'is_pending', 'is_contingent', 'lat_max', 'lat_min', 'lng_max', 'lng_min'], '参数类型': ['STRING', 'STRING', 'NUMBER', 'STRING', 'STRING', 'NUMBER', 'NUMBER', 'STRING', 'NUMBER', 'NUMBER', 'STRING', 'NUMBER', 'NUMBER', 'NUMBER', 'NUMBER', 'NUMBER', 'NUMBER', 'BOOLEAN', 'BOOLEAN', 'BOOLEAN', 'BOOLEAN', 'BOOLEAN', 'NUMBER', 'NUMBER', 'NUMBER', 'NUMBER'], '参数注意事项': ['Zip code or postal code (do not use this parameter with city and state_code)', 'One of the followings (relevance | price_low | price_high | photos | newest | open_house_date | sqft_high | price_reduced_date)', 'Radius in miles to look for properties', 'One of the followings (separated by comma for multiple values): single_family,condo,mobile,multi_family,farm,land', ""Date string format yyyy-MM-dd'T'HH:mm:ss'Z' , such as : 2019-08-01T16:24:40Z .The date from which the properties have been on realtor.com"", 'Option filter by setting at least the number of bathrooms', 'Option filter by setting at least the number of bedrooms', 'true/false - Price reduced only', 'Option filter by setting min price', 'Option filter by setting max price', 'One of the followings (separated by comma for multiple values): basement,den_or_office,dining_room,family_room,game_room,washer_dryer,energy_efficient_home,central_air,central_heat,forced_air,carport,garage_1_or_more,garage_2_or_more,garage_3_or_more,rv_or_boat_parking,disability_features,fireplace,hardwood_floors,horse_facilities,spa_or_hot_tub,swimming_pool,tennis_court,single_story,two_or_more_stories,lease_option,pets_allowed,corner_lot,cul_de_sac,golf_course_lot_or_frontage,waterfront,city_view,golf_course_view,hill_mountain,lake_view,ocean_view,river_view,water_view,view,community_swimming_pool,community_boat_facilities,community_spa_or_hot_tub,community_tennis_court,community_golf,community_clubhouse,community_security_features,senior_community,community_horse_facilities,community_park,recreation_facilities,exercise_area', 'Min age of home', 'Max age of home', 'Min Lot/Acreage size', 'Max Lot/Acreage size', 'Min size of the properties', 'Max size of the properties', 'true/false - Foreclosures only', 'true/false - 3D tours only', 'true/false - New construction only', 'true/false - Pending only', 'true/false - Contingent only', 'Look for properties in bounding box, this is the max latitude of the coordinate.\nHas no affect if postal_code, or city or state_code parameter has value.', 'Look for properties in bounding box, this is the min latitude of the coordinate.\nHas no affect if postal_code, or city or state_code parameter has value.', 'Look for properties in bounding box, this is the max longitude of the coordinate.\nHas no affect if postal_code, or city or state_code parameter has value.', 'Look for properties in bounding box, this is the min longitude of the coordinate.\nHas no affect if postal_code, or city or state_code parameter has value.']}]"
0.25095605850219727,property insights,https://rapidapi.com/caopengau/api/property-insights1/,property-insights1.p.rapidapi.com,"POST:calculate average rent price, sale price and ratio","It searches all rent and sale properties matching the search criteria, calculate the average and ratio",,[{}],[{}]
0.2507517635822296,German Company Data,https://rapidapi.com/appaio/api/german-company-data1/,german-company-data1.p.rapidapi.com,GET:ObjectivesByCompanyId,Receive the company objectives (i.e. purpose) in German for a given company,Basic operations,"[{'参数名': ['companyId__exact'], '参数类型': ['STRING'], '参数注意事项': ['']}]",[{}]
0.25027990341186523,German Company Data,https://rapidapi.com/appaio/api/german-company-data1/,german-company-data1.p.rapidapi.com,GET:CapitalByCompanyId,Get company financials by company id,Basic operations,"[{'参数名': ['companyId__exact'], '参数类型': ['STRING'], '参数注意事项': ['']}]",[{}]
0.2502325773239136,Realty in CA,https://rapidapi.com/apidojo/api/realty-in-ca1/,realty-in-ca1.p.rapidapi.com,GET:properties/detail,Get details information of specific property,properties,[{}],"[{'参数名': ['PreferedMeasurementUnit', 'CultureId'], '参数类型': ['NUMBER', 'NUMBER'], '参数注意事项': ['1-Metric|2-Imperial', '1 - English|2 - French']}]"
0.2498757690191269,PathX All,https://rapidapi.com/pathx-pathx-default/api/pathx-all/,pathx-all.p.rapidapi.com,POST:General Question and Answer,This endpoint takes text content and answers questions based on the content.,,[{}],[{}]
0.2495471090078354,DOMAINE nc,https://rapidapi.com/opt-nc-opt-nc-default/api/domaine-nc/,domaine-nc.p.rapidapi.com,GET:GET Domaine,"Récupère les détails d'un domaine, cela permet de rechercher en mode API le contenu disponible en web sur DOMAINE.nc.",Domaine,"[{'参数名': ['ext', 'nom'], '参数类型': ['STRING', 'STRING'], '参数注意事项': [""Chaque extension obéit à ses propres règles d'enregistrement, avec des variantes en termes d'identification des titulaires, de présence locale ou de justificatifs à fournir.\nCe sont les extensions disponibles en Nouvelle-Calédonie, qui sont :\nnc : extension générique\nasso.nc : réservé aux associations\nnom.nc : réservé aux particuliers qui désirerai deposer leur nom de famille"", 'Nom de domaine, voir quelques exemples sur le site web.']}]",[{}]
0.2492806613445282,petstore-public,https://rapidapi.com/dec123/api/petstore-public/,petstore-public.p.rapidapi.com,GET:showPetById,Info for a specific pet,,"[{'参数名': ['petId'], '参数类型': ['STRING'], '参数注意事项': ['The id of the pet to retrieve']}]",[{}]
0.2492806613445282,Example #2,https://rapidapi.com/alnka-alnka-default/api/example-2/,example-2.p.rapidapi.com,GET:showPetById,Info for a specific pet,,"[{'参数名': ['petId'], '参数类型': ['STRING'], '参数注意事项': ['The id of the pet to retrieve']}]",[{}]
0.2488945722579956,noithathomemay,https://rapidapi.com/noithatmaytreaff/api/noithathomemay/,noithathomemay.p.rapidapi.com,GET:Cửa Hàng Nội Thất Mây Tre,Nội thất Home Mây cung cấp các sản phẩm nội thất mây tre tại Đà Nẵng và trên toàn quốc. Cam kết sản phẩm chất lượng cao với mức giá ưu đãi nhất.,,[{}],[{}]
0.24886871874332428,End of tenancy cleaning London,https://rapidapi.com/endoftenancycleaninglondon/api/end-of-tenancy-cleaning-london/,end-of-tenancy-cleaning-london.p.rapidapi.com,GET:End of Tenancy cleaning London,End of Tenancy cleaning London,,[{}],[{}]
0.24884042143821716,ProProfs Survey Maker,https://rapidapi.com/sameerbhatia/api/proprofs-survey-maker-1/,sameerbhatia-proprofs-survey-maker1.p.rapidapi.com,GET:Survey Software,Create online survey,,[{}],[{}]
0.24879604578018188,Showgirl live,https://rapidapi.com/showgirl/api/showgirl-live/,showgirl-live.p.rapidapi.com,GET:Showgirl live,"Showgirl live là ứng dụng dành riêng cho điện thoại, có chức năng xem idol live kiếm tiền thoải mái, tải app show girl miễn phí.",,[{}],[{}]
0.24871960282325745,emnosia,https://rapidapi.com/emnosia/api/emnosia/,emnosia.p.rapidapi.com,GET:f,f,,[{}],[{}]
0.2486691176891327,ruouvangphapvangchat,https://rapidapi.com/ruouvangphapvangchat/api/ruouvangphapvangchat/,ruouvangphapvangchat.p.rapidapi.com,GET:ruouvangphapvangchat,"ruouvangphapvangchat - Rượu vang Pháp chuyên cung cấp nhập khẩu chính hãng với các loại rượu vang nổi tiếng như: Château Lafite-Rothschild, Château Latour, Château Mouton-Rothschild và Chateau Vignot , chế độ bảo quản đúng tiêu chuẩn. Giá tốt nhất thị trường. Hệ thống phân ph...",,[{}],[{}]
0.24864128232002258,Companies in Dubai Free Zones,https://rapidapi.com/ggurjar333-Ihcu1gvzM24/api/companies-in-dubai-free-zones/,companies-in-dubai-free-zones.p.rapidapi.com,GET:Food and Beverages - Active Companies,Get all active Food and Beverages businesses in Free zones,,[{}],[{}]
0.2483111023902893,UAE Real Estate,https://rapidapi.com/dotlas-dotlas-default/api/uae-real-estate/,uae-real-estate.p.rapidapi.com,GET:get_cities_catalogue_cities_get,About:,API Catalogue,[{}],[{}]
0.24760116636753082,Ultimate SERP Project,https://rapidapi.com/relu-consultancy-relu-consultancy-default/api/ultimate-serp-project/,ultimate-serp-project.p.rapidapi.com,GET:Get Token,The Get Token API is designed to provide developers with a token upon providing a valid email address. The token generated by this API serves as an authentication to access our API services.,,"[{'参数名': ['email'], '参数类型': ['STRING'], '参数注意事项': ['']}]",[{}]
0.2472609132528305,nhadepluxcom,https://rapidapi.com/nhadepluxcom/api/nhadepluxcom/,nhadepluxcom.p.rapidapi.com,GET:Nhà Đẹp Lux,"Nhà Đẹp Lux là đơn vị chuyên tư vấn thiết kế thi công trọn gói biệt thự, nhà ống , nội thất chung cư, xây nhà chìa khóa trao tay, thiết kế thi công lâu đài trọn gói giá rẻ trên toàn quốc. Với nhiều năm kinh nghiệm trong lĩnh vực xây nhà, nhadeplux cam kết sẽ mang lại cho khách...",,[{}],[{}]
0.24721503257751465,Suggestion Questions,https://rapidapi.com/ramcharangoodboy-rd27go0ww30/api/suggestion-questions/,suggestion-questions.p.rapidapi.com,GET:key,data,,"[{'参数名': ['keyword', 'type'], '参数类型': ['STRING', 'STRING'], '参数注意事项': ['', '']}]",[{}]
0.24717473983764648,vCloud Air Ondemand Calculator,https://rapidapi.com/vipulrajdeep/api/vcloud-air-ondemand-calculator/,vipulrajdeep-vcloud-ondemand-calculator-v1.p.rapidapi.com,GET:/ondemand/sku,For fetching SKU Pricing Data,OnDemand API,[{}],[{}]
0.2471572458744049,Dock API,https://rapidapi.com/dock-labs-ag-dock-labs-ag-default/api/dock-api1/,dock-api1.p.rapidapi.com,POST:/messaging/send,"Sends a DIDComm message using our relay service and DID service endpoints, it also returns a URL for QR code scanning. Supports encrypted, plaintext and signed DIDComm messages. You can generate an encrypted DIDComm message by calling the /messaging/encrypt route",messaging,[{}],[{}]
0.24714933335781097,Startup Ideas,https://rapidapi.com/onlinestorekit/api/startup-ideas/,startup-ideas.p.rapidapi.com,GET:ideas,Endpoint to get all category names and URLs.,,[{}],[{}]
0.24714720249176025,Business Starter API,https://rapidapi.com/Bmbus/api/business-starter-api/,business-starter-api.p.rapidapi.com,GET:Business name,Generate a random Business name,,[{}],[{}]
0.2468467503786087,doccia esterna da giardino,https://rapidapi.com/JohnAbbott/api/doccia-esterna-da-giardino/,doccia-esterna-da-giardino.p.rapidapi.com,GET:doccia esterna da giardino,La doccia esterna Nivito è il modo perfetto per godersi il giardino o la piscina nel lusso. Questa doccia di fascia alta presenta un bellissimo design che aggiungerà un tocco di classe a qualsiasi spazio esterno. La costruzione robusta e i materiali durevoli fanno sì che quest...,,[{}],[{}]
0.2465742826461792,Idealista,https://rapidapi.com/apidojo/api/idealista2/,idealista2.p.rapidapi.com,GET:properties/detail,Get property detail,properties,[{}],"[{'参数名': ['country', 'language'], '参数类型': ['STRING', 'STRING'], '参数注意事项': ['One of the following it|es|pt', 'One of the following en|es|it|pt|de|fr|ro|ru|pl|sv|fi|nb|nl']}]"
0.24633200466632843,Real Estate Market Metrics,https://rapidapi.com/dbeaudway/api/real-estate-market-metrics/,real-estate-market-metrics.p.rapidapi.com,GET:Real Estate Data on State,This returns a collection of metrics and indicators by state. Providing year and month query parameters allows you to retrieve a specific month. Not providing parameters will retrieve the most recent month record.,,[{}],"[{'参数名': ['year', 'month'], '参数类型': ['STRING', 'STRING'], '参数注意事项': ['', '']}]"
0.24623897671699524,locationMap,https://rapidapi.com/hoplocationcafe-hoplocationcafe-default/api/locationmap1/,locationmap1.p.rapidapi.com,GET:location,location map,,[{}],[{}]
0.245897114276886,Zoopla,https://rapidapi.com/apidojo/api/zoopla/,zoopla.p.rapidapi.com,GET:house-prices/get-historic-listings,Get historic listings,house prices,"[{'参数名': ['property_id'], '参数类型': ['NUMBER'], '参数注意事项': ['The value of property_id field returned in …/house-prices/estimate endpoint.']}]",[{}]
0.24562211334705353,Amount to Greek Text,https://rapidapi.com/lefteris.spa/api/amount-to-greek-text/,amount-to-greek-text.p.rapidapi.com,GET:money,Converts any numerical amount to greek text,,[{}],"[{'参数名': ['f'], '参数类型': ['STRING'], '参数注意事项': ['Accepted values:\nf=title\nf=sentence\nf=upper\nf=lower']}]"
0.2451925277709961,German Company Data,https://rapidapi.com/appaio/api/german-company-data1/,german-company-data1.p.rapidapi.com,GET:SearchbyName,"Seach for gernan companies by name, using the % symbol as a wildcard, to obtain the company ID used in other API calls",Basic operations,"[{'参数名': ['name__like'], '参数类型': ['STRING'], '参数注意事项': ['']}]",[{}]
0.24516287446022034,Realty in CA,https://rapidapi.com/apidojo/api/realty-in-ca1/,realty-in-ca1.p.rapidapi.com,GET:properties/get-statistics,Get statistic information of surround area by GEO location,properties,[{}],"[{'参数名': ['CultureId'], '参数类型': ['NUMBER'], '参数注意事项': ['1 - English|2 - French']}]"
0.24509599804878235,USPTO Trademark,https://rapidapi.com/pentium10/api/uspto-trademark/,uspto-trademark.p.rapidapi.com,GET:/v1/trademarkAvailable,returns if the given keyword is available,,"[{'参数名': ['keyword'], '参数类型': ['STRING'], '参数注意事项': ['']}]",[{}]
0.24501213431358337,Test alpha vantage,https://rapidapi.com/phongntuni-U4KRvg-2UHG/api/test-alpha-vantage/,test-alpha-vantage.p.rapidapi.com,GET:GetorderbyID,với giá trị phản hồi sẽ làm cái gì đó,,[{}],[{}]
0.24490591883659363,PlayTVs,https://rapidapi.com/Thawtarlamin/api/playtvs/,playtvs.p.rapidapi.com,GET:FootBall LiveMatch,Premium Live,,[{}],[{}]
0.2446959912776947,Paperlit,https://rapidapi.com/Paperlit/api/paperlit/,paperlit.p.rapidapi.com,GET:Obtain Single Page,Retrieves a single page of the specified issue variant,Issues,[{}],"[{'参数名': ['width'], '参数类型': ['NUMBER'], '参数注意事项': ['']}]"
0.24462097883224487,Rent Estimate,https://rapidapi.com/moneals/api/rent-estimate/,realtymole-rental-estimate-v1.p.rapidapi.com,GET:Property Rent Estimate,Returns a rent estimate and comparable rental listings for an address or lat/long coordinate. Providing property feature parameters will improve the estimate accuracy. More info.,Rental Data,[{}],"[{'参数名': ['address', 'latitude', 'longitude', 'propertyType', 'bedrooms', 'bathrooms', 'squareFootage', 'maxRadius', 'daysOld', 'compCount'], '参数类型': ['STRING', 'NUMBER', 'NUMBER', 'STRING', 'NUMBER', 'NUMBER', 'NUMBER', 'NUMBER', 'NUMBER', 'NUMBER'], '参数注意事项': [""The property address in the format of 'Street, City, State, Zip'. You need to provide either the address or the latitude/longitude parameters"", 'The latitude of the property. The latitude/longitude can be provided instead of the address parameter', 'The longitude of the property. The latitude/longitude can be provided instead of the address parameter', 'The type of the property. Supported values are: Single Family, Condo, Townhouse, Manufactured, Duplex-Triplex, Apartment', 'The number of bedrooms in the property', 'The number of bathrooms in the property. Supports fractions to indicate partial bathrooms', 'The total living area size of the property, in square feet', 'The maximum distance between comparable listings and the subject property, in kilometers. Defaults to 50 if not provided', 'The maximum number of days since comparable listings were last seen on the market, with a minimum of 1', 'The number of comparable listings returned by the API, between 5 and 25. Defaults to 10 if not provided']}]"
0.24461974203586578,Realtor Data API for Real Estate,https://rapidapi.com/vuesdata/api/realtor-data-api-for-real-estate/,realtor-data-api-for-real-estate.p.rapidapi.com,GET:RealtorPropertyList,"This endpoint will give you the Realtor Property List with the data as given below, if you provide the city, state_code and offset.
Parameters:
city: San Jose or New York
state_code: CA or NY
offset: min = 0 and max can be depends on the total number of...",,"[{'参数名': ['city', 'state_code', 'offset'], '参数类型': ['STRING', 'STRING', 'STRING'], '参数注意事项': ['', '', '']}]",[{}]
0.2446175217628479,DNS Fuzzer,https://rapidapi.com/hailbytes-hailbytes-default/api/dns-fuzzer/,dns-fuzzer.p.rapidapi.com,POST:Fuzz Domain,DNS fuzzing is an automated workflow for discovering potentially malicious domains targeting your organisation. This tool works by generating a large list of permutations based on a domain name you provide and then checking if any of those permutations are in use. Additionally...,,[{}],[{}]
0.24429287016391754,ae988net,https://rapidapi.com/ae988net/api/ae988net/,ae988net.p.rapidapi.com,GET:ae988net,"Ae988.net ☑️ Nhà cái đá gà cựa sắt uy tín số 1 Việt Nam, đến với ae988 bạn sẽ được xem các trận đá gà cựa sắt, cựa dao cùng các game như: bóng đá, đá gà, casino…",,[{}],[{}]
0.24424341320991516,Japan company data,https://rapidapi.com/appaio/api/japan-company-data/,japan-company-data.p.rapidapi.com,GET:Get Company Patents,This API endpoint allows you to determine which patents have been filed by a Japanese company via their corporate ID,JP Company Data,"[{'参数名': ['CorporateID'], '参数类型': ['STRING'], '参数注意事项': ['']}]",[{}]
0.24413198232650757,Zoopla,https://rapidapi.com/apidojo/api/zoopla/,zoopla.p.rapidapi.com,GET:house-prices/estimate,Returned list of estimated house prices,house prices,[{}],"[{'参数名': ['identifier', 'order_by', 'ordering', 'page_number', 'page_size', 'property_type'], '参数类型': ['STRING', 'STRING', 'STRING', 'NUMBER', 'NUMBER', 'STRING'], '参数注意事项': ['The value of suggestions/identifier json object returned in …/auto-complete endpoint with properties as search_type. You must use EXACTLY the value returned by the endpoint.', 'One of the following price_paid|last_sold|address|estimated_value', 'One of the following ascending|descending', 'The page index for paging purpose', 'The number of items per response (max 40)', 'One of the following detached|flat|terraced|semi_detached']}]"
0.24407249689102173,Bantuan bank bri,https://rapidapi.com/customerbricoid/api/bantuan-bank-bri/,bantuan-bank-bri.p.rapidapi.com,GET:Bank bri,https://aktifkanbri.com,,[{}],[{}]
0.2439926564693451,Simplified Property Data,https://rapidapi.com/bytient-bytient-default/api/simplified-property-data/,simplified-property-data.p.rapidapi.com,GET:Search,Returns a list of properties based on the search criteria.,,[{}],"[{'参数名': ['page', 'type', 'status', 'keywords', 'view', 'days', 'saleauction', 'salebyowner', 'salebyagent', 'foreclosure', 'newconstruction', 'comingsoon', 'singlestory', 'waterfront', 'exclude55plus', 'has_pool', 'has_ac', 'min_price', 'max_price', 'min_baths', 'max_maths', 'min_sqft', 'max_sqft', 'min_lotsqft', 'max_lotsqft', 'min_yearbuilt', 'max_yearbuilt'], '参数类型': ['NUMBER', 'STRING', 'ENUM', 'STRING', 'STRING', 'ENUM', 'BOOLEAN', 'BOOLEAN', 'BOOLEAN', 'BOOLEAN', 'BOOLEAN', 'BOOLEAN', 'BOOLEAN', 'BOOLEAN', 'BOOLEAN', 'BOOLEAN', 'BOOLEAN', 'NUMBER', 'NUMBER', 'NUMBER', 'NUMBER', 'NUMBER', 'NUMBER', 'NUMBER', 'NUMBER', 'NUMBER', 'NUMBER'], '参数注意事项': ['', 'Comma separated list of housing types to return.\nPossible values:\nif status is ForSale or RecentlySold\nhouses\ntownhouses\napartments\ncondos\nmultifamily\nmanufactured\nlots\nif status is ForRent:\napartments_condos_coops\nhouses\ntownhouses', 'Default: ForSale', '', 'Comma separated list of views from property\nPossible values:\ncity\npark\nwater\nmountain', 'Days the property has been listed If status is ForRent or ForSale.\nIf status is RecentlySold, then it is how many days ago it was sold', ""Default: true\nDetermines if auctions should be returned\ndoes nothing if status isn't ForSale"", ""Default: true\nDetermines if properties sold by owner should be returned\ndoes nothing if status isn't ForSale"", ""Default: true\nIf properties sold by an agent should be returned\ndoes nothing if status isn't ForSale"", ""Default: true\nWhether to show propertiers in foreclosure or not\ndoes nothing if status isn't ForSale"", ""Default: true\nDetermines if properties that are new construction should be returned\ndoes nothing if status isn't ForSale"", ""Default: true\nShows properties that will be entering the market soon.\ndoes nothing if status isn't ForSale"", 'Default: false\nShow only single story properties', 'Default: false\nWhether to only show properties that waterfront', 'Default: false\nIf true, communities for people aged 55+ will not be returned.', 'Default: false\nWhether to only show properties that have a pool', 'Default: false\nWhether to only show properties that have air conditioning', 'Minimum price of the listing\nif status is ForRent this is the minimum monthly rent payment.', 'Maximum price of the listing\nif status is ForRent this is the maximum monthly rent payment.', '', '', '', '', '', '', '', '']}]"
0.24372531473636627,allsafebot,https://rapidapi.com/mrsdarlene/api/allsafebot/,allsafebot.p.rapidapi.com,GET:allsafebot,safe,,[{}],[{}]
0.24364474415779114,Zillow Working API,https://rapidapi.com/sorowerhossan01/api/zillow-working-api/,zillow-working-api.p.rapidapi.com,GET:/client/byaddress,** This endpoint has no images URL.,Custom Endpoints (clients),"[{'参数名': ['propertyaddress'], '参数类型': ['STRING'], '参数注意事项': ['']}]",[{}]
0.24347323179244995,Useful Business 1001 Functions,https://rapidapi.com/tec-2-scale-tec-2-scale-default/api/useful-business-1001-functions/,useful-business-1001-functions.p.rapidapi.com,POST:VerifyaDomain,This endpoint can be used to check if a domain is valid or not.,Business,[{}],[{}]
0.24311861395835876,vebongdaonline,https://rapidapi.com/vebongdaonline/api/vebongdaonline/,vebongdaonline.p.rapidapi.com,GET:Vé bóng đá online,"Vé bóng đá online là trang cung cấp dịch vụ mua vé bóng đá trực tuyến, giao dịch thuận tiện, hỗ trợ nhiều nền tảng thanh toán. Truy cập vebongdaonline.vn để chọn mua những trận đấu bóng đá hấp dẫn từ Việt Nam cho tới Thế Giới. Đặc biệt còn hỗ trợ qua các ví điện tử và tài khoả...",,[{}],[{}]
0.242963507771492,Deal Catcher,https://rapidapi.com/hualuong23596-3wbbT4qiaP-/api/deal-catcher/,deal-catcher.p.rapidapi.com,GET:Get rentals,Get rentals,,[{}],[{}]
0.2428419440984726,Test Plan,https://rapidapi.com/RapidSri/api/test-plan/,test-plan.p.rapidapi.com,GET:asdf,asdf,,[{}],[{}]
0.24272926151752472,MyMemory - Translation Memory,https://rapidapi.com/translated/api/mymemory-translation-memory/,translated-mymemory---translation-memory.p.rapidapi.com,GET:search translations,"This API gets a list of translation from the translation memory ranked by quality and similarity (what we call match). MyMemory will check if a sentence has been already translated in the private TM specified. If we don't find it in the private TM of the translator, we search ...",,[{}],"[{'参数名': ['key', 'mt', 'onlyprivate', 'de'], '参数类型': ['STRING', 'STRING', 'STRING', 'STRING'], '参数注意事项': ['Gives access to private memories and customized API limits', 'Enables MT in results: 0 (disabled) | 1 (enabled: default)', 'If a key has been specified, only private matches will be returned. 0 (disabled: default) | 1 (enabled)', 'A valid email (recommended for CAT tools and high volume usage)']}]"
0.2425457090139389,Zoopla,https://rapidapi.com/apidojo/api/zoopla/,zoopla.p.rapidapi.com,GET:house-prices/get-sales-history,Get sales history,house prices,"[{'参数名': ['property_id'], '参数类型': ['NUMBER'], '参数注意事项': ['The value of property_id field returned in …/house-prices/estimate endpoint.']}]",[{}]
0.24228408932685852,test,https://rapidapi.com/contactcoinseek/api/test8963/,test8963.p.rapidapi.com,GET:token info,token info,,[{}],[{}]
0.24201208353042603,UAE Real Estate,https://rapidapi.com/dotlas-dotlas-default/api/uae-real-estate/,uae-real-estate.p.rapidapi.com,GET:get_description_districts_describe_get,About:,Districts,"[{'参数名': ['district', 'city'], '参数类型': ['STRING', 'STRING'], '参数注意事项': ['', '']}]",[{}]
0.24194727838039398,Opensea Data,https://rapidapi.com/pguardiario/api/opensea-data/,opensea-data.p.rapidapi.com,GET:Listings,Recent listings for a collection,,"[{'参数名': ['slug', 'seconds'], '参数类型': ['STRING', 'STRING'], '参数注意事项': ['', '']}]",[{}]
0.24181023240089417,cuagobachviet,https://rapidapi.com/cuagobachviet/api/cuagobachviet/,cuagobachviet.p.rapidapi.com,GET:cuagobachviet,"Bách Việt là đại lý cấp 1 tại Hà Nội chuyên cung cấp sản phẩm cửa gỗ công nghiệp mang thương hiệu Huge một sản phẩm của tập đoàn Austdoor Việt Nam
Các sản phẩm cửa gỗ công nghiệp Huge Chịu nước tuyệt đối, không cong vênh, co ngót, mỗi mọt, nấm mốc, không bắt lửa. Khắc ph...",,[{}],[{}]
0.24152003228664398,Datafield,https://rapidapi.com/antoinederoche/api/datafield-1/,community-datafield.p.rapidapi.com,GET:Get Detail of Survey,Get the details of a survey where you know the SurveyID,Survey,"[{'参数名': ['id'], '参数类型': ['STRING'], '参数注意事项': ['']}]",[{}]
0.24143308401107788,nhacaiuytin2022,https://rapidapi.com/one88wiki/api/nhacaiuytin2022/,nhacaiuytin2022.p.rapidapi.com,"GET:One88 Nhà cái cá cược bóng đá, thể thao 2022","ONE88 Là nhà cái bóng đá chuyên cá cược bóng đá, cá độ thể thao uy tín số 1 Châu u ⭐️ Cập nhật link đăng ký one88 mới nhất cho người chơi.",,[{}],[{}]
0.24137672781944275,URLS UN-SHORTERER,https://rapidapi.com/suranig/api/urls-un-shorterer/,urls-un-shorterer.p.rapidapi.com,GET:Unshort url by given url,"U have to add valid url query. For example ?url=https://url or ?url=https://t.co/6ErIpGUSwN
URL query is required.",,"[{'参数名': ['url'], '参数类型': ['STRING'], '参数注意事项': ['']}]",[{}]
0.24136072397232056,last,https://rapidapi.com/tihonbasov/api/last/,last.p.rapidapi.com,GET:Last,Last,,[{}],[{}]
0.24129900336265564,Companies in Dubai Free Zones,https://rapidapi.com/ggurjar333-Ihcu1gvzM24/api/companies-in-dubai-free-zones/,companies-in-dubai-free-zones.p.rapidapi.com,"GET:Aerospace, Aviation and related services - Active Companies","Get all Aerospace, Aviation and related services active businesses in Free zones",,[{}],[{}]
0.24107372760772705,EU VAT Number Checker,https://rapidapi.com/LohiSoft/api/eu-vat-number-checker/,eu-vat-number-checker.p.rapidapi.com,GET:Check 2 params,Get details (2 params: 'country' and 'vat num' ),,"[{'参数名': ['country', 'vatnum'], '参数类型': ['STRING', 'STRING'], '参数注意事项': ['', '']}]",[{}]
0.24091576039791107,Financial & Business News API,https://rapidapi.com/mj-api-development-mj-api-development-default/api/financial-business-news-api/,financial-business-news-api.p.rapidapi.com,GET:Get Articles By Upper Bound,This returns articles from 1 to a specific limit indicated in the url path parameter.,,"[{'参数名': ['bound'], '参数类型': ['NUMBER'], '参数注意事项': ['']}]",[{}]
0.2407931089401245,Proxy Detection,https://rapidapi.com/proxyrotator/api/proxy-detection/,proxy-detection.p.rapidapi.com,GET:Proxy Detection API,API will detect if an ip address is related to a proxy of any kind. Checks through a database of over 26 million proxies.,,"[{'参数名': ['apiKey', 'ip'], '参数类型': ['STRING', 'STRING'], '参数注意事项': ['Signup at https://www.proxyrotator.com to receive a free apiKey.', 'The IP address to be tested.']}]",[{}]
0.24061250686645508,YC Hacker news official,https://rapidapi.com/RapidDevRel/api/yc-hacker-news-official/,yc-hacker-news-official.p.rapidapi.com,GET:item by id,"Stories, comments, jobs, Ask HNs and even polls are just items. They're identified by their ids, which are unique integers.",,"[{'参数名': ['id'], '参数类型': ['STRING'], '参数注意事项': ['Item ID']}]",[{}]
0.24058330059051514,tylekeoprocom,https://rapidapi.com/tylekeoprocom/api/tylekeoprocom/,tylekeoprocom.p.rapidapi.com,GET:tylekeoprocom,"Tỷ lệ kèo nhà cái trực tuyến, tỷ lệ kèo bóng đá hôm nay: kèo cược chấp châu á, châu âu, kèo tỷ số, tài xỉu… các giải đấu uy tín được cập nhật nhanh chóng và đầy đủ nhất.",,[{}],[{}]
0.24052882194519043,Realty in AU,https://rapidapi.com/apidojo/api/realty-in-au/,realty-in-au.p.rapidapi.com,GET:properties/detail,Get detailed information of a property,,"[{'参数名': ['id'], '参数类型': ['NUMBER'], '参数注意事项': [""The value of 'listingId' field returned in …/properties/list endpoint or 'id' field returned in …/auto-complete endpoint with type as listing""]}]",[{}]
0.24051131308078766,Zakka Naturals -,https://rapidapi.com/zakkanaturals/api/zakka-naturals/,zakka-naturals.p.rapidapi.com,GET:zakkana turals,"Zakka Naturals - Thương hiệu mỹ phẩm thiên nhiên ứng dụng công nghệ tiên tiến. Các sản phẩm của Zakka: serum vitamin c, serum niacinamide, serum b5…",,[{}],[{}]
0.24049922823905945,KEKKH,https://rapidapi.com/nachopkeybeauti/api/kekkh/,kekkh.p.rapidapi.com,GET:StaticData,StaticData,api,[{}],[{}]
0.24029827117919922,ShopeeApi,https://rapidapi.com/Chyper00/api/shopeeapi1/,shopeeapi1.p.rapidapi.com,GET:Status,Verify if is up,,[{}],[{}]
0.2399238646030426,Quotes Inspirational Quotes Motivational Quotes,https://rapidapi.com/ipworld/api/quotes-inspirational-quotes-motivational-quotes/,quotes-inspirational-quotes-motivational-quotes.p.rapidapi.com,GET:Quote of The Day auto changes daily,"This endpoint gives you daily new quote of the day in Json format response with its author name.
example website with quote API integrted}",,"[{'参数名': ['token'], '参数类型': ['STRING'], '参数注意事项': ['']}]",[{}]
0.23981516063213348,DolarAPI,https://rapidapi.com/mariano1colombo/api/dolarapi/,dolarapi.p.rapidapi.com,GET:Comodities,Cotizaciones actuales de las principales comodities,,[{}],[{}]
0.23971544206142426,Unofficial Redfin,https://rapidapi.com/apidojo/api/unofficial-redfin/,unofficial-redfin.p.rapidapi.com,GET:properties/get-popularity-info,Get popularity info relating to a property,properties,"[{'参数名': ['listingId'], '参数类型': ['STRING'], '参数注意事项': ['The value of listingId field returned in …/properties/list endpoint.']}]",[{}]
0.23968899250030518,Business and company name API,https://rapidapi.com/propensterapi-propensterapi-default/api/business-and-company-name-api/,business-and-company-name-api.p.rapidapi.com,POST:Query Name Availability,"This endpoint queries the database for a company name for it's availability. If the company name already exists, a boolean FALSE is returned in the response body and TRUE if otherwise.",,[{}],[{}]
0.23964428901672363,JUN88 Thuong hieu nha cai uy tin dang choi nhat nam 2022,https://rapidapi.com/jun888live/api/jun88-thuong-hieu-nha-cai-uy-tin-dang-choi-nhat-nam-2022/,jun88-thuong-hieu-nha-cai-uy-tin-dang-choi-nhat-nam-2022.p.rapidapi.com,GET:JUN88,"Jun88 là nhà cái cá cược trực tuyến uy tín ở khu vực Việt Nam và Đông Nam Á, các sản phẩm cá cược được cung cấp độc quyền bởi tập đoàn Taipei.",,[{}],[{}]
0.2395077645778656,YC Hacker news official,https://rapidapi.com/RapidDevRel/api/yc-hacker-news-official/,yc-hacker-news-official.p.rapidapi.com,GET:updates,Get the changed items and profiles,,[{}],[{}]
0.2395022064447403,Companies in Dubai Free Zones,https://rapidapi.com/ggurjar333-Ihcu1gvzM24/api/companies-in-dubai-free-zones/,companies-in-dubai-free-zones.p.rapidapi.com,GET:Logistics and Freight - Active Companies,Get all active Logistics and Freight businesses in Free zones,,[{}],[{}]
0.23937030136585236,Self-help Quotes,https://rapidapi.com/kazamos/api/self-help-quotes/,self-help-quotes.p.rapidapi.com,GET:Get a random quote tagged by a specific tag,Get a random quote tagged by a specific tag,,"[{'参数名': ['tag'], '参数类型': ['STRING'], '参数注意事项': ['']}]",[{}]
0.2391614317893982,dothuyhocdientu,https://rapidapi.com/dothuyhocdientu/api/dothuyhocdientu/,dothuyhocdientu.p.rapidapi.com,GET:dothuyhocdientu,"Tôi Đỗ Thủy Học Điện Tử một người đam mê cung cấp kiến thức cuộc sống và kiến thức giáo dục văn học , vật lý , điện tử đến cho mọi người hãy cùng tôi tiếp nhận kiến thức mới nhé !",,[{}],[{}]
0.2390984296798706,ExplorArc's Internel Links Crawler,https://rapidapi.com/explorarcofficial/api/explorarcs-internel-links-crawler/,explorarcs-internel-links-crawler.p.rapidapi.com,GET:Crawler,The Best API t Fetch all the Internel Links from an given URL,,[{}],"[{'参数名': ['url'], '参数类型': ['STRING'], '参数注意事项': ['']}]"
0.2390328198671341,LK881,https://rapidapi.com/lk881/api/lk881/,lk881.p.rapidapi.com,GET:LK881,"LK88 nhà cái cá cược thể thao, cá cược bóng đá, sòng bài, casino…Tham gia đăng ký tài khoản LK88 ngay để có cơ hội trải nghiệm cá cược thể thao, các trò chơi sòng casino đa dạng, hấp dẫn với tỷ lệ thưởng cực cao, đồng thời nhận khuyến mãi lên đến 200%",,[{}],[{}]
0.23886451125144958,Yaware.TimeTracker,https://rapidapi.com/api4yaware/api/yaware-timetracker/,api4yaware-yaware-data.p.rapidapi.com,POST:getEmployeesByLatenessByPeriod,Get users that were late over some period,,[{}],"[{'参数名': ['limit'], '参数类型': ['STRING'], '参数注意事项': ['Number of employees to be retrieved']}]"
0.23864860832691193,KUcasino Nha cai KU Casino online so 1,https://rapidapi.com/kucasinopro3/api/kucasino-nha-cai-ku-casino-online-so-1/,kucasino-nha-cai-ku-casino-online-so-1.p.rapidapi.com,GET:KUcasino Nha cai KU Casino online so 1,"KU Casino hay Kucasino là nhà cái cá cược trực tuyến uy tín. KU casino Pro luôn nằm trong top 5 nhà cái cá cược chất lượng năm 2021. Đăng nhập, đăng ký, tải app tại trang chủ https://kucasino.pro để tham gia thế giới casino on...",,[{}],[{}]
0.2385580688714981,Realty in CA,https://rapidapi.com/apidojo/api/realty-in-ca1/,realty-in-ca1.p.rapidapi.com,GET:agents/get-listings,Get properties listed by agent,agents,[{}],"[{'参数名': ['CurrentPage', 'RecordsPerPage', 'SortOrder', 'SortBy', 'CultureId'], '参数类型': ['NUMBER', 'NUMBER', 'STRING', 'NUMBER', 'NUMBER'], '参数注意事项': ['For paging purpose', 'Number items returned per request, max 50', 'A - ascending | D - descending', 'One of the following : 1-Price($)|6-Date|11-Virtual Tour|12-Open Houses|13-More Photos', '1 - English|2 - French']}]"
0.23845204710960388,ZBET,https://rapidapi.com/zbetcasino/api/zbet/,zbet.p.rapidapi.com,GET:ZBET dang nhap dang ky nha cai moi nhat 2022,"ZBET - zbet.casino Nhà cái cá cược trực tuyến uy tín hàng đầu tại châu Mỹ. Nhà cái ZBET88 cung cấp các dịch vụ giải trí trực tuyến đa dạng các sản phẩm: Cá cược thể thao, Đặt cược thể thao ảo, Slot Game, Game 3D Lô đề, xổ số, Keno, Casino onine…
ZBET thiên đường cá cược ...",,[{}],[{}]
0.23831039667129517,Realty in CA,https://rapidapi.com/apidojo/api/realty-in-ca1/,realty-in-ca1.p.rapidapi.com,GET:properties/list-by-mls,List properties by listing ID or MLS number,properties,[{}],"[{'参数名': ['CultureId'], '参数类型': ['NUMBER'], '参数注意事项': ['1 - English|2 - French']}]"
0.23822054266929626,Registreringsskyltsökning,https://rapidapi.com/m7rrb0b8me/api/registreringsskyltsokning/,registreringsskyltsokning.p.rapidapi.com,GET:registreringsskyltsökning,registreringsskyltsökning,,"[{'参数名': ['id'], '参数类型': ['STRING'], '参数注意事项': ['']}]",[{}]
0.23820197582244873,AcroSuite OAuther,https://rapidapi.com/AcroChannel/api/acrosuite-oauther/,acrosuite-oauther.p.rapidapi.com,GET:OpenID Connecter,"OAuth/OpenID Connect(OIDC) authentication information from the third-party providers(Google/LINE/YahooJP/Azure) will be available.
After calling the API, you will get an OIDC list without oAuthCode or OIDC authentication information wit...",,[{}],"[{'参数名': ['oAuthCode', 'redirectHost', 'redirectPort'], '参数类型': ['STRING', 'STRING', 'STRING'], '参数注意事项': ['OIDCProviderCode(GoogleOIDC/LineOIDC/YahooJPOIDC)', '', '']}]"
0.23791931569576263,helloApi,https://rapidapi.com/jfwu2008-Xf3Ou9hFiOB/api/helloapi1/,helloapi1.p.rapidapi.com,GET:/hello/wrold,this is helo,,[{}],[{}]
0.23789843916893005,Clutch.co,https://rapidapi.com/epctex-epctex-default/api/clutch-co/,clutch-co.p.rapidapi.com,GET:getReviews,Returns all the review information of a company by its slug,Review,[{}],"[{'参数名': ['page'], '参数类型': ['STRING'], '参数注意事项': ['Page of the reviews']}]"
0.2375355064868927,DOMAINE nc,https://rapidapi.com/opt-nc-opt-nc-default/api/domaine-nc/,domaine-nc.p.rapidapi.com,GET:GET API' Health,Status de l'API,Monitoring,[{}],[{}]
0.23744894564151764,ProProfs Polls Maker,https://rapidapi.com/sameerbhatia/api/proprofs-polls-maker/,poll-maker.p.rapidapi.com,GET:Poll Software,Create online polls,,[{}],[{}]
0.2374153435230255,Useful Business 1001 Functions,https://rapidapi.com/tec-2-scale-tec-2-scale-default/api/useful-business-1001-functions/,useful-business-1001-functions.p.rapidapi.com,POST:DetectIBAN,"The ""DetectIBAN"" REST endpoint is an API that detects whether an International Bank Account Number (IBAN) is valid or not. To use this endpoint, users must provide an IBAN number as an input. The endpoint then checks the provided IBAN number against the internationally recogni...",Business,[{}],[{}]
0.23735883831977844,Useful Business 1001 Functions,https://rapidapi.com/tec-2-scale-tec-2-scale-default/api/useful-business-1001-functions/,useful-business-1001-functions.p.rapidapi.com,POST:Validateemail,"This endpoint checks if a given email is valid or not. It there is an detectable error in the email address, the corrected one will be included in the response.",Business,[{}],[{}]
0.23709724843502045,bot.kraken,https://rapidapi.com/NightTheo/api/bot-kraken/,bot-kraken.p.rapidapi.com,GET:Ticker,Get Ticker,,[{}],[{}]
0.23699623346328735,guanxijing,https://rapidapi.com/guanxijing123/api/guanxijing/,guanxijing.p.rapidapi.com,GET:guan,guanxijing,,[{}],[{}]
0.23654329776763916,Holidays API,https://rapidapi.com/mbiombanistefen/api/holidays-api/,holidays-api.p.rapidapi.com,GET:/holidays,This endpoint allows you to retrieve a list of all holidays in the holidays.,,[{}],[{}]
0.23625394701957703,Dryfta Event Platform,https://rapidapi.com/dryfta/api/dryfta-event-platform/,dryfta-dryfta-event-platform-v1.p.rapidapi.com,GET:https://<sitename>.dryfta.com,"The part of the URL is your domain name. For example, if your domain name is event360, all API endpoints for your account are available at https://event360.dryfta.com/api/v1.",,[{}],[{}]
0.2361571341753006,Rankmarket,https://rapidapi.com/rankmarket/api/rankmarket/,rankmarket.p.rapidapi.com,GET:Rankmarket,Rankmarket is groupon marketplace for internet marketers since 2015.trusted by 5000+ customers. we have newest & great marketing products with cheapest.,,[{}],[{}]
0.23609383404254913,Yaware.TimeTracker,https://rapidapi.com/api4yaware/api/yaware-timetracker/,api4yaware-yaware-data.p.rapidapi.com,POST:getEmployeesByLatenessToday,Returns employees that were late today,,[{}],"[{'参数名': ['limit'], '参数类型': ['STRING'], '参数注意事项': ['Number of employees to be retrieved']}]"
0.2360202521085739,Datafield,https://rapidapi.com/antoinederoche/api/datafield-1/,community-datafield.p.rapidapi.com,GET:List users,List users from an account,Users,[{}],[{}]
0.23600412905216217,Dock API,https://rapidapi.com/dock-labs-ag-dock-labs-ag-default/api/dock-api1/,dock-api1.p.rapidapi.com,GET:/dids,Return a list of all DIDs that your user account controls as fully resolved DID documents. More info about Get DID,dids,[{}],"[{'参数名': ['offset', 'limit'], '参数类型': ['NUMBER', 'NUMBER'], '参数注意事项': ['How many items to offset by for pagination', 'How many items to return at one time (max 64)']}]"
0.23586690425872803,Available Domain Name Generator,https://rapidapi.com/Decrypt/api/available-domain-name-generator/,available-domain-name-generator.p.rapidapi.com,GET:Generator,This will generate available short .com and .net domain names!,,[{}],[{}]
0.23567655682563782,Cars Bids,https://rapidapi.com/echolite/api/cars-bids/,cars-bids.p.rapidapi.com,GET:Database,yep,,[{}],[{}]
0.23487083613872528,nha cai Fun88,https://rapidapi.com/fun88link/api/nha-cai-fun88/,nha-cai-fun88.p.rapidapi.com,GET:Fun88,"Fun88 là nhà cái hàng đầu Châu Á, cung cấp đa dạng thể loại cược, khuyến mãi cực chất cho người chơi mới, đăng ký tại Fun88link nhận KM khủng!",,[{}],[{}]
0.2344316691160202,Facebook downloader,https://rapidapi.com/jaannaeem289/api/facebook-downloader/,facebook-downloader.p.rapidapi.com,GET:asdf1234,download video,,[{}],[{}]
0.23374097049236298,notevent,https://rapidapi.com/tb1/api/notevent/,notevent.p.rapidapi.com,GET:1,1,,[{}],[{}]
0.23361892998218536,UAE Real Estate,https://rapidapi.com/dotlas-dotlas-default/api/uae-real-estate/,uae-real-estate.p.rapidapi.com,GET:get_property_types_catalogue_property_types_get,About:,API Catalogue,[{}],[{}]
0.2331273853778839,Kontrola vozila Hrvatska,https://rapidapi.com/gguw6adfls/api/kontrola-vozila-hrvatska/,kontrola-vozila-hrvatska.p.rapidapi.com,GET:huo,API za provjeru podataka o osiguranju vozila u Hrvatskoj,default,[{}],"[{'参数名': ['reg', 'key'], '参数类型': ['STRING', 'STRING'], '参数注意事项': ['', '']}]"
0.23310887813568115,Zoopla,https://rapidapi.com/apidojo/api/zoopla/,zoopla.p.rapidapi.com,GET:properties/get-area-stats,Get area stats,properties,"[{'参数名': ['listing_id'], '参数类型': ['NUMBER'], '参数注意事项': ['The value of listing_id field returned in …/properties/list endpoint']}]",[{}]
0.23306044936180115,QR code API,https://rapidapi.com/zulqar445ali/api/qr-code-api18/,qr-code-api18.p.rapidapi.com,GET:QR code image_copy,The endpoint take 'GET' request with url as string and return qr code as image,,[{}],"[{'参数名': ['url'], '参数类型': ['STRING'], '参数注意事项': ['']}]"
0.23303191363811493,Textocat Beta,https://rapidapi.com/textocat/api/textocat-beta/,textocat-textocat-v1.p.rapidapi.com,GET:/entity/search,Full-text search over all the user's documents. Entity search is featured.,/entity,"[{'参数名': ['auth_token', 'search_query'], '参数类型': ['STRING', 'STRING'], '参数注意事项': ['Request one on textocat.com', 'See http://docs.textocat.com/search-query-syntax.pdf for the description of the search query syntax.']}]",[{}]
0.23272347450256348,DolarAPI,https://rapidapi.com/mariano1colombo/api/dolarapi/,dolarapi.p.rapidapi.com,GET:Oficial,Devulve todas las cotizaciones disponibles del dolar oficial,,[{}],[{}]
0.23225373029708862,MyCompany,https://rapidapi.com/olahav/api/mycompany/,olahav-my_company-v1.p.rapidapi.com,GET:list_employees,list all employees in my company,,[{}],[{}]
0.23206974565982819,Useful Business 1001 Functions,https://rapidapi.com/tec-2-scale-tec-2-scale-default/api/useful-business-1001-functions/,useful-business-1001-functions.p.rapidapi.com,POST:Currrentmonth,"This API endpoint allows users to retrieve various details about the current month. The user can input a specific month and year, as well as an output format, to receive details about that month instead of the current one.",Business,[{}],[{}]
0.2318953275680542,Zoopla,https://rapidapi.com/apidojo/api/zoopla/,zoopla.p.rapidapi.com,GET:house-prices/get-area-stats,Get area stats,house prices,"[{'参数名': ['property_id'], '参数类型': ['NUMBER'], '参数注意事项': ['The value of property_id field returned in …/house-prices/estimate endpoint.']}]",[{}]
0.23175080120563507,DolarAPI,https://rapidapi.com/mariano1colombo/api/dolarapi/,dolarapi.p.rapidapi.com,GET:Resumen General,Devuelve todas las cotizaciones actuales del Dolar.,,[{}],[{}]
0.23173648118972778,Realty in AU,https://rapidapi.com/apidojo/api/realty-in-au/,realty-in-au.p.rapidapi.com,GET:properties/v2/lookup,Look for off-market property by id,,"[{'参数名': ['id'], '参数类型': ['NUMBER'], '参数注意事项': [""The value of 'id' field returned in …/auto-complete endpoint with display as 'Property history'""]}]",[{}]
0.23172907531261444,DolarAPI,https://rapidapi.com/mariano1colombo/api/dolarapi/,dolarapi.p.rapidapi.com,GET:Contado con Liquidación,Todas las cotizaciones disponibles del dolar CCL,,[{}],[{}]
0.23171627521514893,Realty in US,https://rapidapi.com/apidojo/api/realty-in-us/,realty-in-us.p.rapidapi.com,GET:agents/get-listings,Get agent's listings,agents,[{}],"[{'参数名': ['type', 'page'], '参数类型': ['STRING', 'NUMBER'], '参数注意事项': ['One of the following : all|forSale|forSold|forRent|openHouses', 'For paging purpose']}]"
0.23156100511550903,Chartbeat,https://rapidapi.com/chartbeat/api/chartbeat/,mashape-community-chartbeat.p.rapidapi.com,GET:Live Summary v3,"Returns either numeric or categorical summaries of event fields given a host and optional path. Numeric summaries include min, max, sum, nonzero observations, observations and sum of squares. Categorical summaries include field keys with associated counts. This call return rea...",,"[{'参数名': ['apikey', 'host', 'jsonp', 'keys', 'path'], '参数类型': ['STRING', 'STRING', 'STRING', 'STRING', 'STRING'], '参数注意事项': ['Your API Key.', 'The domain of the site you would like to query represented as a string.', 'The name of a function to wrap the return data in.', ""The keys represent what data to return. To save on space, short names are used for values in several of the real-time API calls. One or a comma separated list of: pagetimer: Time to finish loading the dom. time_spent: Number of seconds on the page. domain: The domain name of the document (what's in the browser bar). uid: The chartbeat account. host: The reported domain (the dashboard the data goes to). title: Page title. new: First time visitor for the site in the last 30 days. path: Path of the page from location.pathname. referrer: Referrer from document.referrer. token: Temporary uuidevent's page session (regenerated when moving to another page). user: User token. window_height: window.innerHeight or document.body.offsetHeight. scroll_top: window.pageYOffset or document.body.scrollTop or document.documentElement.scrollTop. page_height: document.body.scrollHeight. read: The number of people reading. write: The number of people writing. idle: The number of people idle."", 'A specific path. If not given, data is from all paths. e.g. the path of http://chartbeat.com/signup/ is /signup/.']}]",[{}]
0.23146742582321167,ipage_cep,https://rapidapi.com/diogenes/api/ipage_cep/,ipage_cep.p.rapidapi.com,GET:Produto,Returns product data from its barcode,,"[{'参数名': ['key', 'code'], '参数类型': ['STRING', 'STRING'], '参数注意事项': ['Enter your api key', 'Enter the barcode']}]",[{}]
0.2314409613609314,ae3888casino,https://rapidapi.com/ae3888casino/api/ae3888casino/,ae3888casino.p.rapidapi.com,GET:AE888,"AE888 - Casino Venus - Trang Chủ đăng nhập, đăng ký tài khoản chơi đá gà, tài xỉu, lô đề, xổ số, bắn cá… tại nhà cái AE888, AE3888, AE6888 và AE2888",,[{}],[{}]
0.2313566505908966,danienguyen,https://rapidapi.com/danienguyen/api/danienguyen/,danienguyen.p.rapidapi.com,GET:danienguyen,"Tôi là Danie Nguyễn chuyên gia trong lĩnh vực cá độ đá gà trực tiếp và nhiều kinh nghiệm, kiến thức nuôi gà đá đẳng cấp.",,[{}],[{}]
0.2312655746936798,KU casino,https://rapidapi.com/kucasino/api/ku-casino/,ku-casino.p.rapidapi.com,GET:KU casino,"KU casino còn gọi là Kucasino nhà cái cá cược online hàng đầu tại Châu Á. Trang chủ hỗ trợ đăng ký, tải app, đăng nhập Ku casino chính thức https://kucasino1.com tại Việt Nam. Chúng tôi cung cấp các sản phẩm cá cược và dịch v...",,[{}],[{}]
0.23098419606685638,PDF Converter,https://rapidapi.com/AtticSoftware/api/pdf-converter/,atticsoftware-pdf-converter-v1.p.rapidapi.com,GET:Convert URL,"Converts pdf files to html, docx, xlsx, json and txt files",,[{}],"[{'参数名': ['endPage', 'format', 'startpage'], '参数类型': ['NUMBER', 'STRING', 'NUMBER'], '参数注意事项': ['Ending page of conversion. Use 1 for first page. Defaults to last page.', 'Output format. Valid values are html, html2, docx, xlsx, txt and json. Defaults to html.', 'Starting page of conversion. Use 1 for first page. Defaults to first page.']}]"
0.23091216385364532,Datafield,https://rapidapi.com/antoinederoche/api/datafield-1/,community-datafield.p.rapidapi.com,GET:Get List of Surveys,Get the list of Surveys for your account,Survey,[{}],[{}]
0.23059849441051483,UAE Real Estate,https://rapidapi.com/dotlas-dotlas-default/api/uae-real-estate/,uae-real-estate.p.rapidapi.com,GET:get_rental_prices_districts_rent_history_get,About:,Districts,"[{'参数名': ['bedrooms', 'latitude', 'property_sub_type', 'longitude', 'property_type'], '参数类型': ['NUMBER', 'NUMBER', 'STRING', 'NUMBER', 'STRING'], '参数注意事项': ['', '', '', '', '']}]",[{}]
0.2305915653705597,Docket Alarm,https://rapidapi.com/speedplane/api/docket-alarm/,docketalarm.p.rapidapi.com,GET:Search PACER,Search PACER dockets using one of several search criteria.,Search,[{}],"[{'参数名': ['client_matter', 'party_name', 'court_region', 'date_filed_start', 'date_filed_end'], '参数类型': ['STRING', 'STRING', 'STRING', 'STRING', 'STRING'], '参数注意事项': ['An invoice number to make billing easier.', 'The name of the party that you are searching for.', 'Limits results to cases filed in the given region.', 'Limits results to cases filed on or after the given date', 'Limits results to cases filed on or before the given date']}]"
0.23051124811172485,Five88,https://rapidapi.com/five88casino/api/five88/,five88.p.rapidapi.com,GET:Five88,"Five88 - https://five88.casino - Trang chủ đăng ký chính thức của nhà cái Five88. Five88 là sân chơi casino, cá cược bóng đá đẳng cấp hàng đầu Việt Nam, nơi người chơi sẽ hoàn toàn hài lòng với những trải nghiệm thú vị đang ...",,[{}],[{}]
0.2302892804145813,Custom QR Code,https://rapidapi.com/qrgraphix1/api/custom-qr-code1/,custom-qr-code1.p.rapidapi.com,GET:Dynamic QR Codes,"Generate dynamic QR Codes with custom colors for Qr Code Background, Qr Code Body, eyes and eyeballs. Choose designs for QR Body, QR eyes and eyeballs. Encode URL, TEXT, EMAIL, PHONE, SMS, VCARD, LOCATION, FACEBOOK, TWITTER, YOUTUBE, WIFI, EVENT, BITCOIN in your QR Code.",,[{}],"[{'参数名': ['bgColor', 'bodyColor', 'eyeTopLeft', 'eyeTopRight', 'eyeBottomLeft', 'bodyStyle', 'eyeStyle', 'eyeballStyle', 'logo', 'size', 'file'], '参数类型': ['STRING', 'STRING', 'STRING', 'STRING', 'STRING', 'STRING', 'STRING', 'STRING', 'STRING', 'STRING', 'STRING'], '参数注意事项': ['Hexa Color Code. Please use light color for background.', 'Hexa Color Code. Please use dark colors for Qr Code Body.', 'Hexa Color Code for Top Left eye.', 'Hexa Color Code for Top Right eye.', 'Hexa Color Code for Bottom Left eye.', ""Define Qr Code body style from the styles : diamond, star, 'circle, dot, square, h-line, v-line,\nskewed-rect, rounded-circle, rounded-rect, hatched, atched-rounded, pointed, pointed-rounded, needle, pointed-diamond, pointed-in, pointed-in-diamond, rounded-in, rounded-in-rounded"", 'eyeStyle : frame1, frame2, frame3, frame4, frame4, frame5, frame6, frame7, frame8, frame9, frame10, frame11', 'eyeBallStyle : ball1, ball2, ball3, ball4, ball5, ball6, ball7, ball8, ball9, ball10, ball11, ball12, ball13, ball14, ball15', 'for using facebook, twitter or whatsapp logo, put #facebook, #twitter, #whatsapp\notherwise upload logo and use filename, you will get in upload logo API response.', 'size : 50-2000', 'filename : PNG, JPG, SVG, PDF']}]"
0.2302718162536621,Paperlit,https://rapidapi.com/Paperlit/api/paperlit/,paperlit.p.rapidapi.com,GET:List Transactions,User's transactions between all stores,Paperlit Store,"[{'参数名': ['projectid', 'paperlitid'], '参数类型': ['STRING', 'STRING'], '参数注意事项': ['', '']}]",[{}]
0.23017896711826324,IPO Announcer,https://rapidapi.com/shahisa-qV-1R6IqU/api/ipo-announcer/,ipo-announcer.p.rapidapi.com,GET:Get All IPO Announcements,This endpoint will return all upcoming IPO Announcements,,[{}],[{}]
0.2301517277956009,Myanmar 2D,https://rapidapi.com/icecreamuta/api/myanmar-2d/,myanmar-2d.p.rapidapi.com,GET:TimeLine,TimeLine is a feature of last day records every minute.,,[{}],[{}]
0.22947168350219727,HotFileIndex,https://rapidapi.com/hotfileindex/api/hotfileindex/,hotfileindex.p.rapidapi.com,GET:HotFileIndex,"HotFileIndex is the #1 Agency Marketplace For LifeTime Deal, Best Selling JvZoo, WarriorPlus products and its OTOs(One-Time Offers) for cheap.",,[{}],[{}]
0.22913101315498352,Realty in CA,https://rapidapi.com/apidojo/api/realty-in-ca1/,realty-in-ca1.p.rapidapi.com,GET:properties/list-residential,List residential properties both for rent and for sale,properties,[{}],"[{'参数名': ['CurrentPage', 'RecordsPerPage', 'SortOrder', 'SortBy', 'CultureId', 'NumberOfDays', 'Keywords', 'BedRange', 'BathRange', 'LandSizeRange', 'BuildingSizeRange', 'UnitRange', 'OpenHouseEndDate', 'OpenHouseStartDate', 'OpenHouse', 'FarmTypeId', 'PriceMin', 'PriceMax', 'RentMin', 'RentMax', 'BuildingTypeId', 'ZoningTypeGroupId', 'TransactionTypeId', 'ConstructionStyleId', 'PropertySearchTypeId', 'ParkingTypeId'], '参数类型': ['NUMBER', 'NUMBER', 'STRING', 'NUMBER', 'NUMBER', 'NUMBER', 'STRING', 'STRING', 'STRING', 'STRING', 'STRING', 'STRING', 'STRING', 'STRING', 'BOOLEAN', 'NUMBER', 'NUMBER', 'NUMBER', 'STRING', 'NUMBER', 'NUMBER', 'NUMBER', 'NUMBER', 'NUMBER', 'NUMBER', 'NUMBER'], '参数注意事项': ['For paging purpose', 'Number items returned per request, max 50', 'A - ascending | D - descending', '1-Price($)|6-Date|11-Virtual Tour|12-Open Houses|13-More Photos', '1 - English|2 - French', 'Listed since', 'Get suitable values from …/keywords/list endpoint, separated by comma for multiple keywords, Ex : Inlaw suite,Income suite', '0-0:Any|1-1:1|1-0:1+|2-2:2|2-0:2+|3-3:3|3-0:3+|4-4:4|4-0:4+|5-5:5|5-0:5+', '0-0:Any|1-1:1|1-0:1+|2-2:2|2-0:2+|3-3:3|3-0:3+|4-4:4|4-0:4+|5-5:5|5-0:5+', '0-0:Any|1-0:1+ acres|2-0:2+ acres|5-0:5+ acres|10-0:10+ acres|50-0:50+ acres|100-0:100+ acres|200-0:200+ acres|300-0:300+ acres|400-0:400+ acres|500-0:500+ acres|1000-0:1000+ acres. Ex : 0-0', '0-5000:0-5,000 sqft|5001-10000:5,001-10,000 sqft|10001-15000:10,001-15,000 sqft|250001-0:Over 250,000 sqft Ex : 0-5000', '0-0:Any|1-1:1|1-0:1+|2-2:2|2-0:2+|3-3:3|3-0:3+|4-4:4|4-0:4+|5-5:5|5-0:5+|….|9-0:9+', 'Format date as MM/dd/yyyy, ex : 03/31/2020', 'Format date as MM/dd/yyyy, ex : 03/20/2020', 'false/true (not 0/1). Need to use together with OpenHouseStartDate and OpenHouseEndDate parameters', '0-No Preference|1-Animal|2-Boarding|3-Cash Crop|4-Feed Lot|5-Nursery|6-Market Gardening|7-Hobby Farm|8-Vineyard|9-Orchard|10-Greenhouse|12-Mixed', 'Filter by min price, applied when TransactionTypeId = 2', 'Filter by max price, applied when TransactionTypeId = 2', 'Filter by min price, applied when TransactionTypeId = 3', 'Filter by max price, applied when TransactionTypeId = 3', '0-No Preference|1-House|2-Duplex|3-Triplex|5-Residential Commercial Mix|6-Mobile Home|12-Special Purpose|14-Other|16-Row / Townhouse|17-Apartment|19-Fourplex|20-Garden Home|26-Modular|27-Manufactured Home/Mobile|28-Commercial Apartment|29-Manufactured Home', '1-Agricultural|2-Commercial Mixed|3-Commercial Office|4-Commercial Retail|5-Industrial|6-Industrial-Heavy|7-Industrial-Light|8-Industrial-Medium|9-Institutional|10-Other|11-Recreational|12-Residential-High Density|13-Residential-Low Density|14-Residential - Medium Density', '2-For sale|3-For rent', '0-No Preference|1-Attached|3-Detached|5-Semi-detached|7-Stacked|9-Link', '0-No Preference|1-Residential|2-Recreational|3-Condo/Strata|4-Agriculture|5-Parking|6-Vacant Land|8-Multi Family', '1-Attached garage|2-Integrated garage|3-Detached garage|4-Garage|5-Carport|6-Underground|7-Indoor|8-Open|9-Covered|10-Parking pad|11-Paved Yard|35-Boat House|36-Concrete|37-Heated Garage']}]"
0.22908785939216614,123win0com,https://rapidapi.com/123win0com/api/123win0com/,123win0com.p.rapidapi.com,GET:123win0.com,123Win 🎖️ Cổng game trực tuyến được săn đón nhất 2023,,[{}],[{}]
0.228963702917099,Real Estate Market Metrics,https://rapidapi.com/dbeaudway/api/real-estate-market-metrics/,real-estate-market-metrics.p.rapidapi.com,GET:Real Estate Data on MSA,This returns a collection of metrics and indicators by state. Providing year and month query parameters allows you to retrieve a specific month. Not providing parameters will retrieve the most recent month record.,,[{}],"[{'参数名': ['year', 'month'], '参数类型': ['STRING', 'STRING'], '参数注意事项': ['', '']}]"
0.2286209613084793,Zatec,https://rapidapi.com/seozatec/api/zatec/,zatec.p.rapidapi.com,GET:Zatec,"Zatec là một doanh nghiệp ra đời với mong muốn trở thành một giải pháp toàn diện cho người tiêu dùng về các sản phẩm kệ để hàng bao gồm: Kệ sắt, kệ siêu thị, Kệ sắt V lỗ, Kệ trung tải, kệ sắt, kệ để hàng, kệ đa năng, kệ đa năng mặt lưới, kệ sắt lắp ráp, kệ sắt 3 tầng,…
Z...",,[{}],[{}]
0.22843047976493835,kjennemerke oppslag,https://rapidapi.com/disvonatewi/api/kjennemerke-oppslag/,kjennemerke-oppslag.p.rapidapi.com,GET:kjennemerkeoppslag,kjennemerke oppslag,,"[{'参数名': ['kjennemerke'], '参数类型': ['STRING'], '参数注意事项': ['']}]",[{}]
0.22824254631996155,Useful Business 1001 Functions,https://rapidapi.com/tec-2-scale-tec-2-scale-default/api/useful-business-1001-functions/,useful-business-1001-functions.p.rapidapi.com,POST:DetectBIC,"The ""DetectBic"" endpoint is a software API that verifies the validity of a Bank Identifier Code (BIC). To use this endpoint, users provide the BIC as an input, and the endpoint checks whether the provided BIC is valid or not. If the BIC is valid, the output will indicate that ...",Business,[{}],[{}]
0.2281346619129181,Realty in US,https://rapidapi.com/apidojo/api/realty-in-us/,realty-in-us.p.rapidapi.com,GET:agents/get-recommendations,Get agent's recommendations,agents,"[{'参数名': ['advertiser_id'], '参数类型': ['NUMBER'], '参数注意事项': ['The value of advertiser_id field returned in …/agents/list endpoint']}]",[{}]
0.2280581295490265,Zoopla,https://rapidapi.com/apidojo/api/zoopla/,zoopla.p.rapidapi.com,GET:house-prices/get-market-activity,Get market activity in an area,house prices,[{}],"[{'参数名': ['identifier'], '参数类型': ['STRING'], '参数注意事项': ['The value of suggestions/identifier json object returned in …/auto-complete endpoint with properties as search_type. You must use EXACTLY the value returned by the endpoint.']}]"
0.2279798537492752,PlayTVs,https://rapidapi.com/Thawtarlamin/api/playtvs/,playtvs.p.rapidapi.com,GET:Live Stream,Stream,,"[{'参数名': ['url'], '参数类型': ['STRING'], '参数注意事项': ['']}]",[{}]
0.22770050168037415,Global Marketplaces,https://rapidapi.com/wildwildweb/api/global-marketplaces/,global-marketplaces.p.rapidapi.com,GET:Search products,Get products from one or more marketplaces,,[{}],"[{'参数名': ['fields', 'page'], '参数类型': ['STRING', 'STRING'], '参数注意事项': ['Without the fields query parameter, the following product fields are returned:\ntitle, id, price, image, link', '']}]"
0.22769108414649963,Yaware.TimeTracker,https://rapidapi.com/api4yaware/api/yaware-timetracker/,api4yaware-yaware-data.p.rapidapi.com,POST:getSubscriptionInfo,Returns information about account's subscription,,"[{'参数名': ['access_key'], '参数类型': ['STRING'], '参数注意事项': ['Example: 943d5027a30a2800f53e3b62bcbf67e2-1293709475']}]",[{}]
0.22759339213371277,EU VAT Number Checker,https://rapidapi.com/LohiSoft/api/eu-vat-number-checker/,eu-vat-number-checker.p.rapidapi.com,GET:Check 1 param,"Get details (1 param: full vat number, with country code)",,"[{'参数名': ['vat'], '参数类型': ['STRING'], '参数注意事项': ['']}]",[{}]
0.2271929383277893,Companies in Dubai Free Zones,https://rapidapi.com/ggurjar333-Ihcu1gvzM24/api/companies-in-dubai-free-zones/,companies-in-dubai-free-zones.p.rapidapi.com,"GET:Coal, Oil and Natural Gas - Active Companies","Get all active Coal, Oil and Natural Gas businesses in Free zones",,[{}],[{}]
0.22705954313278198,prueba,https://rapidapi.com/pabloalmeidagalvez-2Br8yjIHNt/api/prueba177/,prueba177.p.rapidapi.com,GET:products,Prueba de servicio products,,[{}],[{}]
0.22699682414531708,Dock API,https://rapidapi.com/dock-labs-ag-dock-labs-ag-default/api/dock-api1/,dock-api1.p.rapidapi.com,GET:/credentials,Get all credential metadata,credentials,[{}],"[{'参数名': ['offset', 'limit'], '参数类型': ['NUMBER', 'NUMBER'], '参数注意事项': ['How many items to offset by for pagination', 'How many items to return at one time (max 64)']}]"
0.22682888805866241,https://docs.apis.is/,https://rapidapi.com/disvonatewi/api/https-docs-apis-is/,https-docs-apis-is.p.rapidapi.com,GET:search,search,,[{}],"[{'参数名': ['car', 'access_token'], '参数类型': ['STRING', 'STRING'], '参数注意事项': ['', '']}]"
0.226737380027771,Diversity Data IO,https://rapidapi.com/gapjumpers/api/diversity-data-io/,diversity-data-io.p.rapidapi.com,POST:firstname,asdasd,,[{}],[{}]
0.22663158178329468,Idealista,https://rapidapi.com/scraperium/api/idealista7/,idealista7.p.rapidapi.com,GET:Get Locations,Get sublocations inside another location.,Locations,"[{'参数名': ['locationId', 'location', 'propertyType', 'operation'], '参数类型': ['STRING', 'ENUM', 'STRING', 'STRING'], '参数注意事项': ['', 'One of the following values: es|pt|it', '', '']}]",[{}]
0.22654321789741516,Realty in US,https://rapidapi.com/apidojo/api/realty-in-us/,realty-in-us.p.rapidapi.com,GET:properties/list-by-mls (Deprecated),List properties by MLS ID,properties,[{}],"[{'参数名': ['limit', 'offset', 'sort'], '参数类型': ['NUMBER', 'NUMBER', 'STRING'], '参数注意事项': ['The number of items per response', 'The offset of items to be ignored in response for paging', 'One of the followings : price_low|price_high|photos|newest|open_house_date']}]"
0.22624480724334717,currencylayer,https://rapidapi.com/apilayer/api/currencylayer/,apilayer-currencylayer-v1.p.rapidapi.com,"GET:""live"" endpoint - request the most recent exchange rates","Making a request to the API's ""live"" endpoint will return the most recent exchange rate data available.",,[{}],"[{'参数名': ['currencies', 'source'], '参数类型': ['STRING', 'STRING'], '参数注意事项': ['""currencies"" - request only specific currencies (e.g. EUR,CAD,GBP)', '""source"" - the currency to which all other exchange rates are relative (""Source Currency"")']}]"
0.22618468105793,Xpovi,https://rapidapi.com/karimhady111/api/xpovi/,xpovi.p.rapidapi.com,GET:usd-egp,nothing important,,[{}],[{}]
0.22614914178848267,USPTO Trademark,https://rapidapi.com/pentium10/api/uspto-trademark/,uspto-trademark.p.rapidapi.com,GET:/v1/trademarkSearch,"Does a keyword search and returns trademark name, serial number,services code, status, owner, address, filing date and registration date.",,"[{'参数名': ['keyword', 'searchType'], '参数类型': ['STRING', 'ENUM'], '参数注意事项': ['', 'Default searchType is \\""active\\"", which don\'t include Dead trademarks, but if you set \\""all\\"" you see also expired trademarks.']}]",[{}]
0.22608372569084167,Bayut,https://rapidapi.com/apidojo/api/bayut/,bayut.p.rapidapi.com,GET:properties/detail,Get detail information of a property,,"[{'参数名': ['externalID'], '参数类型': ['STRING'], '参数注意事项': ['The value of externalID returned in …./properties/list endpoint']}]",[{}]
0.22563406825065613,Ken,https://rapidapi.com/killak5121981/api/ken2/,ken2.p.rapidapi.com,GET:Ken,**,,[{}],[{}]
0.22552227973937988,UAE Real Estate,https://rapidapi.com/dotlas-dotlas-default/api/uae-real-estate/,uae-real-estate.p.rapidapi.com,GET:home__get,A home endpoint that returns the API home page JSON.,,[{}],[{}]
0.22503574192523956,Crypto Changes live,https://rapidapi.com/rogerkingdom10/api/crypto-changes-live/,crypto-changes-live.p.rapidapi.com,GET:Get Individual Crypto News,Get News about Crypto from a specific Source,,"[{'参数名': ['cryptocurrencyId'], '参数类型': ['STRING'], '参数注意事项': ['']}]",[{}]
0.2244737446308136,Pamfax,https://rapidapi.com/pamfax/api/pamfax/,pamfax-pamfax.p.rapidapi.com,GET:GetShopLink,Returns different shop links. Use these links to open a browser window with the shop in a specific state.,Shopping,[{}],"[{'参数名': ['type', 'product', 'pay'], '参数类型': ['STRING', 'STRING', 'BOOLEAN'], '参数注意事项': [""Type of link to return. Available: '', credit_packs, basic_plan, pro_plan, checkout"", ""Product to add. Available: '',BasicPlan12,ProPlan12,OnDemand,Pack10,Pack30,Pack50,Pack100,Pack250,Pack500,Pack1000"", '(DEPRECATED) direct leads to checkout page']}]"
0.22428008913993835,Pamfax,https://rapidapi.com/pamfax/api/pamfax/,pamfax-pamfax.p.rapidapi.com,GET:GetCurrentSettings,"Returns the current settings for timezone and currency. This is the format/timezone ALL return values of the API are in. These are taken from the user (if logged in, the api user's settings or the current ip address)",Common,"[{'参数名': ['apikey', 'apicheck'], '参数类型': ['STRING', 'STRING'], '参数注意事项': ['description', 'description']}]",[{}]
0.22409796714782715,8prd2T1api1,https://rapidapi.com/188org1-t1/api/8prd2t1api1/,8prd2t1api1.p.rapidapi.com,GET:ep1,ep1 test,,[{}],[{}]
0.22403356432914734,Concord Contract Management,https://rapidapi.com/concordworldwide/api/concord-contract-management/,concordworldwide-concord-contract-management-v1.p.rapidapi.com,GET:List all Members,Get a list of users who have access to a contract stored in Concord's contract management system. A unique contract identifier is passed as a parameter.,,[{}],[{}]
0.22377943992614746,s777pro,https://rapidapi.com/s777pro/api/s777pro/,s777pro.p.rapidapi.com,GET:s777pro,"S777 - s777pro Game Bài Đổi Thưởng Uy Tín tặng ngay 30k trải nghiệm và 100% ngay lần nạp đầu tiên. Nhà Cái S777 Game Bài với nhiều thể loại game như xổ số, bắn cá,.. Dưới đây chúng tôi sẽ bật mí cho bạn các thông tin thú vị về sân chơi game bài đổi thưởng cực",,[{}],[{}]
0.22366094589233398,Giay tay nam,https://rapidapi.com/dodalaforce/api/giay-tay-nam/,giay-tay-nam.p.rapidapi.com,GET:Đồ da Laforce,"Đồ da Laforce là thương hiệu uy tín tại Hà Nội cũng như trên toàn quốc về sản phẩm đồ da như giày, túi, ví, thắt lưng, găng tay.",,[{}],[{}]
0.22330811619758606,Cua nhom Xingfa chinh hang va hang nhai,https://rapidapi.com/xingfa-group-xingfa-group-default/api/cua-nhom-xingfa-chinh-hang-va-hang-nhai/,cua-nhom-xingfa-chinh-hang-va-hang-nhai.p.rapidapi.com,GET:Cua nhom Xingfa,"Cửa nhôm Xingfa nhập khẩu chính hãng bao gồm cửa nhôm Xingfa xếp trượt, mở quay. Các mẫu cửa nhôm Xingfa gồm 4 cánh, 3 cánh, 2 cánh, 1 cánh. Màu cửa nhôm kính Xingfa gồm: vân gỗ, xám, trắng. Báo giá cửa nhôm Xingfa nhập khẩu chính hãng xem tại Thủ Đô Group:",,[{}],[{}]
0.22327980399131775,USPTO Trademark,https://rapidapi.com/pentium10/api/uspto-trademark/,uspto-trademark.p.rapidapi.com,GET:/v1/databaseStatus,Returns info about the freshness of the Trademark Search API database.,,[{}],[{}]
0.2232557237148285,Datafield,https://rapidapi.com/antoinederoche/api/datafield-1/,community-datafield.p.rapidapi.com,GET:Get team details,Get team details,Teams,"[{'参数名': ['id'], '参数类型': ['STRING'], '参数注意事项': ['']}]",[{}]
0.22314304113388062,Realty in AU,https://rapidapi.com/apidojo/api/realty-in-au/,realty-in-au.p.rapidapi.com,GET:properties/lookup (Deprecating),Look for off-market property by id,,"[{'参数名': ['id'], '参数类型': ['NUMBER'], '参数注意事项': [""The value of 'id' field returned in …/auto-complete endpoint with display as 'Property history'""]}]",[{}]
0.2231128215789795,German Company Data,https://rapidapi.com/appaio/api/german-company-data1/,german-company-data1.p.rapidapi.com,GET:SQLsearch,For advanced users only - run a custom SQL select statement against the database;,Advanced Operations,"[{'参数名': ['sql'], '参数类型': ['STRING'], '参数注意事项': ['']}]",[{}]
0.22299541532993317,Pamfax,https://rapidapi.com/pamfax/api/pamfax/,pamfax-pamfax.p.rapidapi.com,GET:ListZones,Returns price and price_pro for a given zone,Common,"[{'参数名': ['apikey', 'apicheck'], '参数类型': ['STRING', 'STRING'], '参数注意事项': ['description', 'description']}]",[{}]
0.22280234098434448,ETF Holdings,https://rapidapi.com/JamesJ0717/api/etf-holdings/,etf-holdings.p.rapidapi.com,GET:Get information about an ETF,This endpoint is used to get general information about the value and holdings of an ETF.,,"[{'参数名': ['etf'], '参数类型': ['STRING'], '参数注意事项': ['']}]",[{}]
0.22258438169956207,German Company Data,https://rapidapi.com/Implisense/api/german-company-data/,german-company-data.p.rapidapi.com,GET:/companies/{id}/events,"This endpoint returns the latest events about the company with the given identifier since the given timestamp. This timestamp is optional and is specified via a query parameter. Events come with a type (companies' register event, blog article, press release, etc.), a category ...",Get Data,[{}],"[{'参数名': ['category', 'since', 'size'], '参数类型': ['STRING', 'DATE (YYYY-MM-DD)', 'NUMBER'], '参数注意事项': ['', '', '']}]"
0.22255738079547882,Company Search,https://rapidapi.com/williambarberjr/api/company-search1/,company-search1.p.rapidapi.com,GET:Server Alive Check,Checks that the server is up and running.,,[{}],[{}]
0.22240394353866577,Pamfax,https://rapidapi.com/pamfax/api/pamfax/,pamfax-pamfax.p.rapidapi.com,GET:ListCountriesForZone,"Returns all countries in the given zone Result includes their translated names, countrycode and country-prefix.",Common,"[{'参数名': ['apikey', 'apicheck', 'zone'], '参数类型': ['STRING', 'STRING', 'STRING'], '参数注意事项': ['description', 'description', 'Zone of the country which is wanted (1-7)']}]",[{}]
0.22193744778633118,DeltaGain - UK Company Data and Accounts,https://rapidapi.com/deltagain/api/deltagain-uk-company-data-and-accounts/,deltagain.p.rapidapi.com,GET:Shareholders,Shareholders based on latest Conformation Statement,Advanced Company Information,"[{'参数名': ['company_number'], '参数类型': ['STRING'], '参数注意事项': ['']}]",[{}]
0.22179503738880157,USPTO Trademark,https://rapidapi.com/pentium10/api/uspto-trademark/,uspto-trademark.p.rapidapi.com,POST:v1/batchTrademarkFullTextSearch,"Does a full text keyword search in BATCH mode and returns trademark name, serial number, services code, status, owner, address, filing date and registration date.",,[{}],[{}]
0.2216818779706955,Realty Mole Property,https://rapidapi.com/realtymole/api/realty-mole-property-api/,realty-mole-property-api.p.rapidapi.com,GET:Random Property Records,"Returns a list of property records selected at random up to the specified limit, to facilitate applications requiring samples of randomly selected property data. More info.",Property Data,[{}],"[{'参数名': ['limit'], '参数类型': ['NUMBER'], '参数注意事项': ['The number of records to return, between 1 and 500. Defaults to 10 if not provided']}]"
0.22167114913463593,DeltaGain - UK Company Data and Accounts,https://rapidapi.com/deltagain/api/deltagain-uk-company-data-and-accounts/,deltagain.p.rapidapi.com,GET:Group (Owners and Subsidiaries ),Group Structure : Owners and Subsidiaries,Advanced Company Information,"[{'参数名': ['company_number'], '参数类型': ['STRING'], '参数注意事项': ['']}]",[{}]
0.22151923179626465,BoudiNet,https://rapidapi.com/boudiz-boudiz-default/api/boudinet/,boudinet.p.rapidapi.com,GET:earn money,earn money earn money,,[{}],[{}]
0.2214457094669342,Opensea Data,https://rapidapi.com/pguardiario/api/opensea-data/,opensea-data.p.rapidapi.com,GET:Sales,Get recent sales for a collection,,"[{'参数名': ['slug', 'seconds'], '参数类型': ['STRING', 'STRING'], '参数注意事项': ['', '']}]",[{}]
0.22138002514839172,IBet88,https://rapidapi.com/ibet88pro/api/ibet88/,ibet88.p.rapidapi.com,GET:IBet88,"IBet88 - Nhà cái uy tín số 1 Việt Nam ⭐️ Chuyên cá cược thể thao, bóng đá, live casino, đá gà trực tuyến – trực tiếp, slot game & bắn cá. Tham gia ngay",,[{}],[{}]
0.22135955095291138,mgs,https://rapidapi.com/kaynat1234/api/mgs2/,mgs2.p.rapidapi.com,GET:blogs,MGS Blogs,,[{}],[{}]
0.2213345766067505,Companies in Dubai Free Zones,https://rapidapi.com/ggurjar333-Ihcu1gvzM24/api/companies-in-dubai-free-zones/,companies-in-dubai-free-zones.p.rapidapi.com,GET:Branch - Active Companies,Get all active Branch businesses in Free zones,,[{}],[{}]
0.2210419774055481,tdtctop,https://rapidapi.com/tdtctop/api/tdtctop/,tdtctop.p.rapidapi.com,GET:tdtctop,"https://tdtc.top/ Trang tải game chính thức của nhà cái TDTC. Chuyên cung cấp những sản phẩm game đổi thưởng, cá cược online hàng đầu ngày nay. Cụ thể như: phá băng, bầu cua, avengers,…khuyến mãi mới nhất từ TDTC club. Tải game...",,[{}],[{}]
0.22088268399238586,German Company Data,https://rapidapi.com/Implisense/api/german-company-data/,german-company-data.p.rapidapi.com,GET:/companies/{id}/jobs,"This endpoint returns the latest job postings about the company with the given identifier since the given timestamp. This timestamp is optional and is specified via a query parameter. Job postings come with a title, a text (the content of the posting), a source, and a timestam...",Get Data,[{}],"[{'参数名': ['since', 'size'], '参数类型': ['DATE (YYYY-MM-DD)', 'NUMBER'], '参数注意事项': ['', '']}]"
0.22082769870758057,Telegram View Like Reaction Member,https://rapidapi.com/mralirezabahari/api/telegram-view-like-reaction-member/,telegram-view-like-reaction-member.p.rapidapi.com,GET:Order,You can place order view,,"[{'参数名': ['Type', 'Link', 'amount'], '参数类型': ['STRING', 'STRING', 'NUMBER'], '参数注意事项': ['', '', '']}]",[{}]
0.2208208292722702,Pamfax,https://rapidapi.com/pamfax/api/pamfax/,pamfax-pamfax.p.rapidapi.com,GET:ListChanges,"Returns all changes in the system that affect the currently logged in user. This could be changes to the user's profile, credit, settings, … Changes will be deleted after you received them once via this call, so use it wisely ;)",Session,"[{'参数名': ['apikey', 'apicheck', 'usertoken'], '参数类型': ['STRING', 'STRING', 'STRING'], '参数注意事项': ['description', 'description', '']}]",[{}]
0.220631942152977,Pamfax,https://rapidapi.com/pamfax/api/pamfax/,pamfax-pamfax.p.rapidapi.com,GET:CreateLoginIdentifier,Creates an identifier for the current user The created identifier then can be passed to the portal to directly log in the user: https://portal.pamfax.biz/?_id= Be aware that these identifiers are case sensitive. Id...,Session,[{}],"[{'参数名': ['user_ip', 'timetolifeminutes'], '参数类型': ['STRING', 'STRING'], '参数注意事项': ['The IP address of the client on which this identifier will be bound to. Using the identfier from a different ip address will fail', 'Optional a lifetime of this identifier. Defaults to 60 seconds. If <= 0 is given, the identifier does not expire and can be used more then once, but are tied to your current API key and can not be passed to online shop, portal, … in the url (default: 60)']}]"
0.2203504741191864,German Company Data,https://rapidapi.com/Implisense/api/german-company-data/,german-company-data.p.rapidapi.com,POST:/search,"This endpoint lets you create a new search request, which may include one or more search strings and various filters, and returns the search result. In addition to the actual search result, the search facets (roughly speaking, statistics about the search result that give you i...",Explore,[{}],[{}]
0.2203332632780075,Unofficial Redfin,https://rapidapi.com/apidojo/api/unofficial-redfin/,unofficial-redfin.p.rapidapi.com,GET:properties/get-extra-info,Get extra info of a property,properties,"[{'参数名': ['propertyId', 'listingId'], '参数类型': ['STRING', 'STRING'], '参数注意事项': ['The value of propertyId field returned in …/properties/list endpoint.', 'The value of listingId field returned in …/properties/list endpoint.']}]",[{}]
0.22031518816947937,NatiCCTests,https://rapidapi.com/natioskar500010/api/naticctests/,naticctests.p.rapidapi.com,GET:Get,get,,[{}],[{}]
0.2202177792787552,PIE,https://rapidapi.com/derekmi/api/pie/,pie.p.rapidapi.com,GET:Analyze Property,"A free, simple API to evaluate investment properties.",api,"[{'参数名': ['price', 'address'], '参数类型': ['NUMBER', 'STRING'], '参数注意事项': ['Integer price', '']}]",[{}]
0.2200392484664917,Demo_GetUserInformation,https://rapidapi.com/sarmadsaeed/api/demo_getuserinformation/,demo_getuserinformation.p.rapidapi.com,POST:GetCustomerInfo,GetCustomerInfo,,[{}],[{}]
0.2200385183095932,DolarAPI,https://rapidapi.com/mariano1colombo/api/dolarapi/,dolarapi.p.rapidapi.com,GET:Dolar DAI,Cotización actual del Dolar Dai provista por BuenBit,,[{}],[{}]
0.21997226774692535,MCA Corporate Verifications,https://rapidapi.com/idfy-idfy-default/api/mca-corporate-verifications/,mca-corporate-verifications.p.rapidapi.com,POST:MCA Corporate Verifications,"Make your onboarding process safer, faster, and smarter by verifying if your merchants are registered with the Registrar of Companies, and are registered with the same details that you expect.",,[{}],[{}]
0.21997226774692535,MCA Corporate Verifications,https://rapidapi.com/way2risetech/api/mca-corporate-verifications1/,mca-corporate-verifications1.p.rapidapi.com,POST:MCA Corporate Verifications,"Make your onboarding process safer, faster, and smarter by verifying if your merchants are registered with the Registrar of Companies, and are registered with the same details that you expect.",,[{}],[{}]
0.21984916925430298,noithatsento,https://rapidapi.com/noithatsento/api/noithatsento/,noithatsento.p.rapidapi.com,GET:noithatsento,"Nội thất SENTO là đơn vị chuyên kinh doanh sản phẩm nội thất cho công ty, doanh nghiệp các đại lý trên toàn quốc. SENTO là đơn vị trực tiếp sản xuất các sản phẩm như là:Tủ locker, tủ ngăn kéo, tủ hồ sơ văn phòng, tủ đựng tài liệu, tủ giày dép.
Các sản phẩm do SENTO sản x...",,[{}],[{}]
0.21900403499603271,OFAC Service,https://rapidapi.com/archieamarsanaa/api/ofac-service/,ofac-service.p.rapidapi.com,POST:POST /data/verify,Verifies an entity with matching threshold score.,,[{}],[{}]
0.2188982367515564,Pamfax,https://rapidapi.com/pamfax/api/pamfax/,pamfax-pamfax.p.rapidapi.com,GET:GetCurrentCultureInfo,Returns the current culture info data.,Common,"[{'参数名': ['apikey', 'apicheck'], '参数类型': ['STRING', 'STRING'], '参数注意事项': ['description', 'description']}]",[{}]
0.21880865097045898,Import Export Verification,https://rapidapi.com/idfy-idfy-default/api/import-export-verification/,import-export-verification.p.rapidapi.com,GET:GET Call,Used to fetch api result using the request id received in responses.,,"[{'参数名': ['request_id'], '参数类型': ['STRING'], '参数注意事项': ['']}]",[{}]
0.21880865097045898,MCA Corporate Verifications,https://rapidapi.com/idfy-idfy-default/api/mca-corporate-verifications/,mca-corporate-verifications.p.rapidapi.com,GET:GET Call,Used to fetch api result using the request id received in responses.,,"[{'参数名': ['request_id'], '参数类型': ['STRING'], '参数注意事项': ['']}]",[{}]
0.218776673078537,Yaware.TimeTracker,https://rapidapi.com/api4yaware/api/yaware-timetracker/,api4yaware-yaware-data.p.rapidapi.com,POST:getCompanyWorkedHours,Returns the company's worked hours over some period in seconds,,[{}],"[{'参数名': ['dateFrom'], '参数类型': ['STRING'], '参数注意事项': ['']}]"
0.21876972913742065,Madhya Pradesh API,https://rapidapi.com/dwardepigire/api/madhya-pradesh-api/,madhya-pradesh-api.p.rapidapi.com,GET:esewa,esewa,,"[{'参数名': ['id'], '参数类型': ['STRING'], '参数注意事项': ['']}]",[{}]
0.21866095066070557,Useful Business 1001 Functions,https://rapidapi.com/tec-2-scale-tec-2-scale-default/api/useful-business-1001-functions/,useful-business-1001-functions.p.rapidapi.com,POST:LookupVATrates,"The ""LookupVATrates"" REST endpoint is an API that provides the value-added tax (VAT) rate for a specific country. To use this endpoint, users must provide the two-letter country code for the country they wish to lookup. Once the endpoint receives this information, it will retu...",Business,[{}],[{}]
0.2185518443584442,Dock API,https://rapidapi.com/dock-labs-ag-dock-labs-ag-default/api/dock-api1/,dock-api1.p.rapidapi.com,GET:/credentials/{id},Get credential metadata and contents if persistent,credentials,[{}],"[{'参数名': ['password'], '参数类型': ['STRING'], '参数注意事项': ['The encryption password used when issuing/storing the credential']}]"
0.21853995323181152,REIT Property Data,https://rapidapi.com/reit-data-market-reit-data-market-default/api/reit-property-data1/,reit-property-data1.p.rapidapi.com,GET:property-info-basic,Get basic attributes for a property.,,"[{'参数名': ['property_id'], '参数类型': ['NUMBER'], '参数注意事项': ['']}]",[{}]
0.2185247242450714,Fotocasa,https://rapidapi.com/scraperium/api/fotocasa1/,fotocasa1.p.rapidapi.com,GET:List Homes,"List Home Properties. Requires locationId, lat and lon which can be obtained through autocomplete endpoint.",,[{}],"[{'参数名': ['onlyCount', 'isNewConstruction', 'minPrice', 'maxPrice', 'allFlats', 'intermediateFloors', 'apartment', 'penthouse', 'duplexApartment', 'loftType', 'groundFloor', 'studioType', 'allHouses', 'houseOrChalet', 'ruralProperty', 'semiDetached'], '参数类型': ['BOOLEAN', 'BOOLEAN', 'ENUM', 'ENUM', 'BOOLEAN', 'BOOLEAN', 'BOOLEAN', 'BOOLEAN', 'BOOLEAN', 'BOOLEAN', 'BOOLEAN', 'BOOLEAN', 'BOOLEAN', 'BOOLEAN', 'BOOLEAN', 'BOOLEAN'], '参数注意事项': ['Returns only the number of properties in the selected location. All other parameters will be null. Fast response.', ""Set false if you want to get only second hand. Set true if you want to get only New construction (same as Buy > New Home). Don't include if you want to find all homes (Buy > Home)."", '', '', '', '', '', '', '', '', '', '', '', '', '', '']}]"
0.2184399962425232,Seloger,https://rapidapi.com/apidojo/api/seloger/,seloger.p.rapidapi.com,GET:properties/list,List properties with options and filters,,[{}],"[{'参数名': ['pageIndex', 'pageSize', 'districtIds', 'realtyTypes', 'transactionType', 'sortBy', 'includeNewConstructions', 'minimumFloor', 'maximumFloor', 'minimumGroundArea', 'maximumGroundArea', 'minimumLivingArea', 'maximumLivingArea', 'maximumPrice', 'bedrooms', 'rooms'], '参数类型': ['NUMBER', 'NUMBER', 'STRING', 'NUMBER', 'NUMBER', 'NUMBER', 'BOOLEAN', 'NUMBER', 'NUMBER', 'NUMBER', 'NUMBER', 'NUMBER', 'NUMBER', 'NUMBER', 'STRING', 'STRING'], '参数注意事项': ['For paging purpose', 'For paging purpose (Max is 50)', ""Either zipCodes OR districtIds parameter is required. The value of id fields under 'districts' JSON object returned in …/locations/search endpoint. Separated by comma for multiple values. Ex : 133051,133137,…"", 'One of the following : 1-Appartement | 2-Maison et Villa | 2048-Chateau | 128-Loft/Atelier/Surface | 4096-Hotel Particulier | 4-Parking/Box | 8-Terrain | 512-Immeuble | 1024-Batiment | 16-Boutique | 32-Local Commercial | 64-Bureau', 'One of the following : 1-Louer | 2-Acheter | 5-Viager | 6-Investir', 'One of the following : 0-Pertinence | 1-Prix croissant | 2-Prix decroissant | 10-Du + recent au + ancien | 9-Du + ancien au + recent | 5-Surface croissante | 6-Surface decroissante', 'Whether or not includes new constructions in listing', 'Filter by minimum number of floors', 'Filter by maximum number of floors', 'Filter by minimum ground area', 'Filter by maximum ground area', 'Filter by minimum living area', 'Filter by maximum living area', 'Filter by maximum price', 'Filter by number of bedrooms (1-5). Separated by comma for multiple values. Ex : 2,3', 'Filter by number of rooms (1-5). Separated by comma for multiple values. Ex : 2,3']}]"
0.2183774709701538,Public Holidays,https://rapidapi.com/standingapi-standingapi-default/api/public-holidays3/,public-holidays3.p.rapidapi.com,GET:Public Holiday Endpoint,"The Public Holiday API allows you to gett the public, local, religious, and other holidays of a particular country.",,"[{'参数名': ['country', 'year', 'month', 'day'], '参数类型': ['STRING', 'STRING', 'STRING', 'STRING'], '参数注意事项': [""The country's two letter ISO 3166-1 alpha-2 code."", 'The year to get the holiday(s) from.', 'The month to get the holiday(s) from, in the format of 1-12 (e.g., 1 is January, 2 is February, etc).', 'he day to get the holiday(s) from, in the format of 1-31.']}]",[{}]
0.21826976537704468,Zoopla,https://rapidapi.com/apidojo/api/zoopla/,zoopla.p.rapidapi.com,GET:properties/get-nearby,Get nearest points of interest,properties,"[{'参数名': ['listing_id'], '参数类型': ['NUMBER'], '参数注意事项': ['The value of listing_id field returned in …/properties/list endpoint']}]",[{}]
0.21826201677322388,Yaware.TimeTracker,https://rapidapi.com/api4yaware/api/yaware-timetracker/,api4yaware-yaware-data.p.rapidapi.com,POST:getEmployeesByLeftBeforeTimeYesterday,Returns employees who left work earlier yesterday,,[{}],"[{'参数名': ['limit'], '参数类型': ['STRING'], '参数注意事项': ['Number of user to be retrived']}]"
0.21823827922344208,Realty in US,https://rapidapi.com/apidojo/api/realty-in-us/,realty-in-us.p.rapidapi.com,GET:properties/list-sold (Deprecated),List sold properties,properties,[{}],"[{'参数名': ['postal_code', 'sort', 'prop_type', 'radius', 'age_min', 'age_max', 'sqft_min', 'sqft_max', 'lot_sqft_min', 'lot_sqft_max', 'price_min', 'price_max', 'lat_max', 'lat_min', 'lng_max', 'lng_min'], '参数类型': ['STRING', 'STRING', 'STRING', 'NUMBER', 'NUMBER', 'NUMBER', 'NUMBER', 'NUMBER', 'NUMBER', 'NUMBER', 'NUMBER', 'NUMBER', 'NUMBER', 'NUMBER', 'NUMBER', 'STRING'], '参数注意事项': ['Zip code or postal code (do not use this parameter with city and state_code)', 'One of the followings : price_low|price_high', 'One of the followings (separated by comma for multiple values): single_family, condo, mobile, multi_family, farm, land', 'Radius in miles to look for properties', 'Min age of home', 'Max age of home', 'Min size of the properties', 'Max size of the properties', 'Min Lot/Acreage size', 'Max Lot/Acreage size', 'Option filter by setting min price', 'Option filter by setting max price', 'Look for properties in bounding box, this is the max latitude of the coordinate.\nHas no affect if postal_code, or city or state_code parameter has value.', 'Look for properties in bounding box, this is the min latitude of the coordinate.\nHas no affect if postal_code, or city or state_code parameter has value.', 'Look for properties in bounding box, this is the max longitude of the coordinate.\nHas no affect if postal_code, or city or state_code parameter has value.', 'Look for properties in bounding box, this is the min longitude of the coordinate.\nHas no affect if postal_code, or city or state_code parameter has value.']}]"
0.21819518506526947,EU-LOTL Certificate Validation,https://rapidapi.com/Trust1Team/api/eu-lotl-certificate-validation/,trust1team-eu-lotl-certificate-validation-v1.p.rapidapi.com,GET:Service Status,Check service status,General,[{}],[{}]
0.21808429062366486,currencylayer,https://rapidapi.com/apilayer/api/currencylayer/,apilayer-currencylayer-v1.p.rapidapi.com,"GET:""historical"" endpoint - request exchange rates for a specific date","Make a request to the API's ""historical"" endpoint providing a valid ""date"" in the format ""YYYY-MM-DD""",,[{}],"[{'参数名': ['currencies', 'source'], '参数类型': ['STRING', 'STRING'], '参数注意事项': ['""currencies"" - request only specific currencies (e.g. EUR,CAD,GBP)', '""source"" - the currency to which all other exchange rates are relative (""Source Currency"")']}]"
0.21803288161754608,ae588,https://rapidapi.com/ae588/api/ae588/,ae588.p.rapidapi.com,GET:AE888,"AE888 - AE3888 là nhà cái số 1 hiện nay, cung cấp game đa dạng như đá gà, thể thao, lô đề online, tài xỉu. Ae588 ủy quyền Ae888 cung cấp link vào nhà cái.",,[{}],[{}]
0.21770736575126648,YC Hacker news official,https://rapidapi.com/RapidDevRel/api/yc-hacker-news-official/,yc-hacker-news-official.p.rapidapi.com,GET:ask stories,Up to 200 of the latest Ask HN Stories!,,[{}],[{}]
0.2175365835428238,GTmetrix,https://rapidapi.com/gtmetrix/api/gtmetrix/,gtmetrix-gtmetrix.p.rapidapi.com,GET:locations,Retrieve a list of possible testing locations,,[{}],[{}]
0.21734243631362915,nivito,https://rapidapi.com/osakajerka/api/nivito1/,nivito1.p.rapidapi.com,GET:Nivito,Nivito의 주방 싱크대는 현대적인 주방 개념을 완성하는 완벽한 액세서리입니다. 고급 소재로 제작되었으며 세련되고 미니멀한 디자인으로 주방에 현대적인 느낌을 줍니다.,,[{}],[{}]
0.21727028489112854,Datafield,https://rapidapi.com/antoinederoche/api/datafield-1/,community-datafield.p.rapidapi.com,GET:List items in an account,List items in an account,Teams,[{}],[{}]
0.2172023504972458,Working Hour Calculation,https://rapidapi.com/dwiwediaman/api/working-hour-calculation/,working-hour-calculation.p.rapidapi.com,POST:Calculate Hours,"Attendance API helps you do total hours calculation based on the checkin, checkout data. 🚀",,[{}],[{}]
0.21693092584609985,Paperlit,https://rapidapi.com/Paperlit/api/paperlit/,paperlit.p.rapidapi.com,GET:Search,Pdf text search,Search,"[{'参数名': ['projectid', 'issueuniqueid', 'query'], '参数类型': ['STRING', 'STRING', 'STRING'], '参数注意事项': ['', '', '']}]",[{}]
0.21674832701683044,maunhadep,https://rapidapi.com/maunhadep/api/maunhadep/,maunhadep.p.rapidapi.com,GET:Mẫu nhà đẹp,"Mẫu nhà đẹp là nhóm của Công ty TNHH Thiết kế Thi công Nhà đẹp. Với mục đích muốn tạo ra một sân chơi chung, tham khảo những mẫu nhà đẹp và chia sẻ kinh nghiệm trong lĩnh vực thiết kế, thi công nhà. Chính vì thế nếu các bạn đang có nhu cầu xây nhà có thể vào tham khảo và thảo ...",,[{}],[{}]
0.21673078835010529,Apartments.com,https://rapidapi.com/epctex-epctex-default/api/apartments-com1/,apartments-com1.p.rapidapi.com,GET:getPropertyReviews,Returns all the reviews and comments of a property by its ID,Review,[{}],"[{'参数名': ['page'], '参数类型': ['STRING'], '参数注意事项': ['Page of the list']}]"
0.21656805276870728,Pamfax,https://rapidapi.com/pamfax/api/pamfax/,pamfax-pamfax.p.rapidapi.com,GET:ListAvailableItems,"Returns a list of available items from the shop. When a user is logged in, it will also contain the items only available to validated customers.",Shopping,"[{'参数名': ['apikey', 'apicheck', 'usertoken'], '参数类型': ['STRING', 'STRING', 'STRING'], '参数注意事项': ['description', 'description', '']}]",[{}]
0.21636159718036652,Datafield,https://rapidapi.com/antoinederoche/api/datafield-1/,community-datafield.p.rapidapi.com,GET:Get Results of a Campaign,Get results of a campaign,Survey,"[{'参数名': ['after', 'id'], '参数类型': ['STRING', 'STRING'], '参数注意事项': ['timestamp', '']}]",[{}]
0.2162993997335434,Paperlit,https://rapidapi.com/Paperlit/api/paperlit/,paperlit.p.rapidapi.com,GET:List Transactions by deviceId,Transactions based on device id specifications,Paperlit Store,"[{'参数名': ['deviceid', 'projectId'], '参数类型': ['STRING', 'STRING'], '参数注意事项': ['', '']}]",[{}]
0.21560758352279663,CloudWays,https://rapidapi.com/chobim80/api/cloudways1/,cloudways1.p.rapidapi.com,GET:GET,Response Class (Status 200),,[{}],[{}]
0.2155686318874359,User Auth,https://rapidapi.com/tvu-networks-tvu-networks-default/api/user-auth2/,user-auth2.p.rapidapi.com,POST:Get Token,get token by email and password,,[{}],[{}]
0.21552938222885132,UAE Real Estate,https://rapidapi.com/dotlas-dotlas-default/api/uae-real-estate/,uae-real-estate.p.rapidapi.com,GET:get_property_evaluation_districts_rent_compare_get,About:,Districts,"[{'参数名': ['property_type', 'price', 'longitude', 'property_sub_type', 'latitude', 'bedrooms', 'size'], '参数类型': ['STRING', 'NUMBER', 'NUMBER', 'STRING', 'NUMBER', 'NUMBER', 'NUMBER'], '参数注意事项': ['', '', '', '', '', '', '']}]",[{}]
0.21540173888206482,Realty in US,https://rapidapi.com/apidojo/api/realty-in-us/,realty-in-us.p.rapidapi.com,GET:properties/v2/list-for-sale (Deprecated),List properties for sale,properties,[{}],"[{'参数名': ['postal_code', 'sort', 'prop_type', 'prop_sub_type', 'features', 'radius', 'age_min', 'age_max', 'sqft_min', 'sqft_max', 'baths_min', 'beds_min', 'price_min', 'price_max', 'lot_sqft_min', 'lot_sqft_max', 'is_matterports', 'is_foreclosure', 'has_open_house', 'is_new_construction', 'is_contingent', 'is_pending', 'is_new_plan', 'lat_max', 'lat_min', 'lng_max', 'lng_min'], '参数类型': ['STRING', 'STRING', 'STRING', 'STRING', 'STRING', 'NUMBER', 'NUMBER', 'NUMBER', 'NUMBER', 'NUMBER', 'NUMBER', 'NUMBER', 'NUMBER', 'NUMBER', 'NUMBER', 'NUMBER', 'BOOLEAN', 'BOOLEAN', 'BOOLEAN', 'BOOLEAN', 'BOOLEAN', 'BOOLEAN', 'BOOLEAN', 'NUMBER', 'NUMBER', 'NUMBER', 'NUMBER'], '参数注意事项': ['Zip code or postal code (do not use this parameter with city and state_code)', 'One of the followings (separated by comma for multiple values): relevance|newest|price_low|price_high|photos|open_house_date|sqft_high|price_reduced_date', 'One of the followings (separated by comma for multiple values): single_family,multi_family,condo,mobile,land,farm,other', 'One of the followings (separated by comma for multiple values): condo,cond_op,townhouse,co_op', 'One of the followings (separated by comma for multiple values): garage_2_or_more,view,waterfront,golf_course_view,swimming_pool,cul_de_sac,hardwood_floors,basement,fireplace,energy_efficient,disability_features,dining_room,washer_dryer,family_room,den_or_office,game_room,central_air,central_heat,forced_air,single_story,two_or_more_stories,corner_lot,water_view,golf_course_lot_or_frontage,hill_or_mountain_view,ocean_view,city_view,lake_view,river_view,community_security_features,community_swimming_pool,community_boat_facilities,recreation_facilities,community_clubhouse,community_horse_facilities,community_tennis_court,community_park,community_golf,senior_community,community_spa_or_hot_tub,rv_or_boat_parking,horse_facilities,tennis_court,spa_or_hot_tub,garage_1_or_more,garage_3_or_more,carport', 'Radius in miles to look for properties (1 to 20)', 'Min age of properties', 'Max age of properties', 'Min size of the properties', 'Max size of the properties', 'Min baths of properties', 'Min beds of properties', 'Option filter by setting min price', 'Option filter by setting max price', 'Min Lot/Acreage size', 'Max Lot/Acreage size', 'true/false - 3D tours only', 'true/false - Foreclosures only', 'true/false - Open houses only', 'true/false - New construction only', 'true/false - Contingent only', 'true/false - Pending only', 'true/false - Homes not yet built', 'Look for properties in bounding box, this is the max latitude of the coordinate.\nHas no affect if postal_code, or city or state_code parameter has value.', 'Look for properties in bounding box, this is the min latitude of the coordinate.\nHas no affect if postal_code, or city or state_code parameter has value.', 'Look for properties in bounding box, this is the max longitude of the coordinate.\nHas no affect if postal_code, or city or state_code parameter has value.', 'Look for properties in bounding box, this is the min longitude of the coordinate.\nHas no affect if postal_code, or city or state_code parameter has value.']}]"
0.2149842232465744,Fake Brightcove,https://rapidapi.com/siltest/api/fake-brightcove/,fake-brightcove.p.rapidapi.com,GET:Ingest Status,Ingest Job Status,,"[{'参数名': ['account_id', 'video_id', 'job_id'], '参数类型': ['STRING', 'STRING', 'STRING'], '参数注意事项': ['', '', '']}]",[{}]
0.21477441489696503,Global Marketplaces,https://rapidapi.com/wildwildweb/api/global-marketplaces/,global-marketplaces.p.rapidapi.com,GET:Get Product By ID,Get a specific product by its id.,,[{}],"[{'参数名': ['fields'], '参数类型': ['STRING'], '参数注意事项': ['Without the fields query parameter, the following product fields are returned:\ntitle, price, description, image, link']}]"
0.21475455164909363,GEO Distance Calculator,https://rapidapi.com/tec-2-scale-tec-2-scale-default/api/geo-distance-calculator/,geo-distance-calculator.p.rapidapi.com,POST:Get Geo Distance,"The Get Geo Distance AI Rest Endpoint is a powerful tool that calculates the distance and duration of travel between two specified points.
The input parameters for the endpoint are the starting point and the endpoint, specified as city names.",Geo Distance,[{}],[{}]
0.21461701393127441,CasinoSearch,https://rapidapi.com/kubincanek/api/casinosearch/,casinosearch.p.rapidapi.com,GET:Casino Tournaments List,Casino Tournaments List with details,,[{}],[{}]
0.21446485817432404,Yaware.TimeTracker,https://rapidapi.com/api4yaware/api/yaware-timetracker/,api4yaware-yaware-data.p.rapidapi.com,POST:getEmployeesWorkedHoursWithPreviousPeriod,Returns the employee's total working hours over some period with previous period,,"[{'参数名': ['access_key', 'dateFrom', 'employeeId', 'dateTo'], '参数类型': ['STRING', 'STRING', 'STRING', 'STRING'], '参数注意事项': ['Example: 943d5027a30a2800f53e3b62bcbf67e2-1293709475', 'Start date', 'ID of employee to get stats data for', '']}]",[{}]
0.21429865062236786,tiktok video download,https://rapidapi.com/ztt2920671/api/tiktok-video-download/,tiktok-video-download.p.rapidapi.com,POST:Get Download Url,Get Download Url,,[{}],[{}]
0.21417544782161713,Edgar Filings (13D),https://rapidapi.com/iTrakData/api/edgar-filings-13d/,edgar-filings-13d.p.rapidapi.com,GET:Latest Filings,Retrieves the 50 Latest Filings,,[{}],[{}]
0.21393296122550964,QR Code Generator,https://rapidapi.com/dnevedrov-ud3itwydw/api/qr-code-generator30/,qr-code-generator30.p.rapidapi.com,GET:qrcode,QR code generator,,[{}],[{}]
0.21383684873580933,mgs,https://rapidapi.com/kaynat1234/api/mgs2/,mgs2.p.rapidapi.com,GET:mgs_products,MGS Products,,[{}],[{}]
0.21368491649627686,Realtor,https://rapidapi.com/epctex-epctex-default/api/realtor26/,realtor26.p.rapidapi.com,GET:getProperty,Returns all the detailed information of a property by its permalink,Property,"[{'参数名': ['permalink'], '参数类型': ['STRING'], '参数注意事项': ['Property Permalink']}]",[{}]
0.2136629968881607,Awin Awin68 game bai doi thuong uy tin tai game tang 888k,https://rapidapi.com/Awin68comco/api/awin-awin68-game-bai-doi-thuong-uy-tin-tai-game-tang-888k/,awin-awin68-game-bai-doi-thuong-uy-tin-tai-game-tang-888k.p.rapidapi.com,GET:Awin Awin68 game bai doi thuong uy tin tai game tang 888k,"AWIN68 - Awin68comco - trang chủ trực tuyến chơi game đổi thưởng hàng đầu mới nhất trong năm 2022. Với tỉ lệ thưởng hấp dẫn, nạp rút không tốn phí, Iwin cung cấp cho khách hàng những trò chơi: tài nguyên, xóc đĩa, nổ hũ, game bài, ba cây ba cào, slot bóng đá, tiến lên miền na...",,[{}],[{}]
0.21366024017333984,Merge Two PST File,https://rapidapi.com/devin12driss/api/merge-two-pst-file/,merge-two-pst-file.p.rapidapi.com,GET:Merge two PST file,"If you want to split a large PST file into smaller smaller PST files. So you can use Mailsdaddy PST Split Software. It is very easy to use this software. Which splits large PST files in just a few clicks. Also, this tool provides some more options whereby date, email address, ...",,[{}],[{}]
0.2133776992559433,petstore-public,https://rapidapi.com/dec123/api/petstore-public/,petstore-public.p.rapidapi.com,GET:listPets,List all pets,,[{}],"[{'参数名': ['limit'], '参数类型': ['NUMBER'], '参数注意事项': ['How many items to return at one time (max 100)']}]"
0.2133776992559433,Example #2,https://rapidapi.com/alnka-alnka-default/api/example-2/,example-2.p.rapidapi.com,GET:listPets,List all pets,,[{}],"[{'参数名': ['limit'], '参数类型': ['NUMBER'], '参数注意事项': ['How many items to return at one time (max 100)']}]"
0.21334299445152283,Job Title Categorization,https://rapidapi.com/jakobgreenfeld/api/job-title-categorization/,job-title-categorization.p.rapidapi.com,GET:Categorize Job Title,Easily categorize any job title,,"[{'参数名': ['title'], '参数类型': ['STRING'], '参数注意事项': ['']}]",[{}]
0.2132386565208435,Dock API,https://rapidapi.com/dock-labs-ag-dock-labs-ag-default/api/dock-api1/,dock-api1.p.rapidapi.com,GET:/jobs/{id},"Returns information related to the job being processed and its associated blockchain transaction. On completion or failure, the job data will be updated with a response from the blockchain. More info about",jobs,"[{'参数名': ['id'], '参数类型': ['STRING'], '参数注意事项': ['A Job id']}]",[{}]
0.21266254782676697,Bayut,https://rapidapi.com/apidojo/api/bayut/,bayut.p.rapidapi.com,GET:agencies/get-listings,Get listing belonging to an agency,,[{}],"[{'参数名': ['hitsPerPage', 'page', 'purpose', 'lang', 'rentFrequency', 'completionStatus', 'sort', 'categorySlug'], '参数类型': ['NUMBER', 'NUMBER', 'STRING', 'STRING', 'STRING', 'STRING', 'STRING', 'STRING'], '参数注意事项': ['For paging purpose', 'For paging purpose', 'One of the following : for-rent|for-sale', 'One of the following : en|ar', 'One of the following : monthly|yearly|weekly|daily\nThe parameter only takes effect if purpose is for-rent', 'One of the following : completed|under-construction\nThis parameter only takes effect if purpose is for-sale', 'One of the following : price-desc|price-asc|city-level-score|date-desc|date-asc|verified-score', 'One of the following : commerical-properties|mixed-use-land|factories|commercial-floors|bulk-units|labour-camps|shops|showrooms|industrial-land|commercial-buildings|commercial-plots|commercial-villas|warehouses|offices|residential-floors|hotel-apartments|penthouse|villas|residential-building|residential-plots|villa-compound|townhouses|apartments']}]"
0.21262574195861816,Vwin,https://rapidapi.com/vwinwin/api/vwin/,vwin.p.rapidapi.com,GET:link vào Vwin 2022,Vwin là nhà cái cá cược trực tuyến hàng đầu thuộc tập đoàn BVI. Các sản phẩm đều được cấp phép hoạt động bởi Cục Quản lý Giải trí và Trò chơi Philippines.,,[{}],[{}]
0.21250949800014496,Unofficial Redfin,https://rapidapi.com/apidojo/api/unofficial-redfin/,unofficial-redfin.p.rapidapi.com,GET:properties/get-mortgage-calculator,Get mortgage calculator of a property,properties,"[{'参数名': ['propertyId', 'listingId'], '参数类型': ['STRING', 'STRING'], '参数注意事项': ['The value of propertyId field returned in …/properties/list endpoint.', 'The value of listingId field returned in …/properties/list endpoint.']}]",[{}]
0.21232931315898895,Zoopla,https://rapidapi.com/apidojo/api/zoopla/,zoopla.p.rapidapi.com,GET:house-prices/get-points-of-interest,Get nearest points of interest,house prices,"[{'参数名': ['property_id'], '参数类型': ['NUMBER'], '参数注意事项': ['The value of property_id field returned in …/house-prices/estimate endpoint.']}]",[{}]
0.21205827593803406,Dich vu iCheck,https://rapidapi.com/dichvuicheck/api/dich-vu-icheck/,dich-vu-icheck.p.rapidapi.com,GET:iCheck,Công ty cổ phần ICheck được thành lập vào năm 2015 với sứ mệnh bảo vệ lợi ích người tiêu dùng và uy tín thương hiệu.,,[{}],[{}]
0.2119661122560501,Realty in US,https://rapidapi.com/apidojo/api/realty-in-us/,realty-in-us.p.rapidapi.com,GET:properties/v3/get-surroundings,Get surroundings data around a property,properties,[{}],"[{'参数名': ['enable_flood'], '参数类型': ['BOOLEAN'], '参数注意事项': ['Whether or not include flood information']}]"
0.21186619997024536,Self-help Quotes,https://rapidapi.com/kazamos/api/self-help-quotes/,self-help-quotes.p.rapidapi.com,GET:Get all available tags for self-help quotes,List all available tags for the hand-picked self-help quotes,,[{}],[{}]
0.2118440866470337,Idealista,https://rapidapi.com/scraperium/api/idealista7/,idealista7.p.rapidapi.com,GET:List Home Properties,"List home properties with the requested parameters. Buy/Rent > Homes. Filters are optional parameters, please make sure the request follows the rules in each parameter.",Properties Listing,[{}],"[{'参数名': ['micrositeShortName', 'minPrice', 'maxPrice', 'minSize', 'maxSize', 'flat', 'onlyFlats', 'penthouse', 'duplex', 'chalet', 'independantHouse', 'semidetachedHouse', 'terracedHouse', 'countryHouse', 'apartamentoType', 'villaType', 'loftType', 'cortijoType', 'atticStudioType', 'casaBajaType', 'bedrooms0', 'bedrooms1', 'bedrooms2', 'bedrooms3', 'bedrooms4', 'bathrooms1', 'bathrooms2', 'bathroom3', 'newDevelopment', 'good', 'renew', 'furnished', 'petsAllowed', 'airConditioning', 'builtinWardrobes', 'elevator', 'exterior', 'garage', 'garden', 'swimmingPool', 'terrance', 'storeRoom', 'accessible', 'luxury', 'hasPlan', 'virtualTour', 'bankOffer', 'topFloor', 'intermediateFloor', 'groundFloor', 'sinceDate'], '参数类型': ['STRING', 'NUMBER', 'NUMBER', 'NUMBER', 'NUMBER', 'BOOLEAN', 'BOOLEAN', 'BOOLEAN', 'BOOLEAN', 'BOOLEAN', 'BOOLEAN', 'BOOLEAN', 'BOOLEAN', 'BOOLEAN', 'BOOLEAN', 'BOOLEAN', 'BOOLEAN', 'BOOLEAN', 'BOOLEAN', 'BOOLEAN', 'BOOLEAN', 'BOOLEAN', 'BOOLEAN', 'BOOLEAN', 'BOOLEAN', 'BOOLEAN', 'BOOLEAN', 'BOOLEAN', 'BOOLEAN', 'BOOLEAN', 'BOOLEAN', 'STRING', 'BOOLEAN', 'BOOLEAN', 'BOOLEAN', 'BOOLEAN', 'BOOLEAN', 'BOOLEAN', 'BOOLEAN', 'BOOLEAN', 'BOOLEAN', 'BOOLEAN', 'BOOLEAN', 'BOOLEAN', 'BOOLEAN', 'BOOLEAN', 'BOOLEAN', 'BOOLEAN', 'BOOLEAN', 'BOOLEAN', 'STRING'], '参数注意事项': ['Get ads from a specific real estate. For example if the URL from the real estate is: https://www.idealista.com/pro/cajal-gestion-inmobiliaria/\nThe parameter micrositeShortName should be cajal-gestion-inmobiliaria', 'Minimum price to search.', 'Maximum price to search.', 'Minimum size to search in m2.', 'Maximum size to search in m2.', 'Set true if you want to get flats, penthouses and duplex. (All of them)', 'Set true if you want to find flats.', '', 'Set true if you want to find duplex.', 'Set true if you want to get independantHouses, semidetachedHouses, terracedHouses and countryHouse (all of them).', '', '', '', '', '', '', '', '', '', '', '', '', '', '', '', '', '', '', '', '', '', 'Furnishings parameter. ONLY valid when operation=rent. Pick between:\nIndifferent: leave blank (default)\nFurnished: furnished\nOnly furnished kitchens: furnishedKitchen', 'ONLY works with operation=rent.', '', '', '', '', '', '', '', '', '', '', '', '', '', '', '', '', '', 'Publication Date Parameter. One of the following values:\nIndifferent: leave blank (by default)\nLast 48h: Y\nLast week: W\nLast month: M']}]"
0.21176069974899292,stock market holidays,https://rapidapi.com/felian/api/stock-market-holidays/,stock-market-holidays.p.rapidapi.com,GET:Get USA Stock Market Holidays of current year,Returns this year's stock market holidays and the open status of the NASDAQ and NYSE Exchanges,,[{}],[{}]
0.2115463763475418,SV388 Link nha cai da ga uy tin,https://rapidapi.com/sv388sv288net/api/sv388-link-nha-cai-da-ga-uy-tin/,sv388-link-nha-cai-da-ga-uy-tin.p.rapidapi.com,GET:SV388 Link nha cai da ga uy tin,SV388 -🎖️ Link nhà cái đá gà uy tín,,[{}],[{}]
0.21140772104263306,DGTAPI,https://rapidapi.com/derraherapu/api/dgtapi/,dgtapi.p.rapidapi.com,GET:buscar,buscar,,"[{'参数名': ['matricula'], '参数类型': ['STRING'], '参数注意事项': ['']}]",[{}]
0.21140092611312866,Royalty Music Net - Free Sheet Music Websites,https://rapidapi.com/royaltymusicnet/api/royalty-music-net-free-sheet-music-websites/,royalty-music-net-free-sheet-music-websites.p.rapidapi.com,GET:royaltymusicnet,"Royalty Music Net by Yong Min La - Address: 349 Đ. Âu Cơ, Nhật Tân, Tây Hồ, Hà Nội 100000. Mobile: 098 173 98 45. Email: royaltymusicnet@gmail.com Free Sheet Music Websites. Download and Print World Free Sheet Music (PDF, MIDI, MP...",,[{}],"[{'参数名': ['royaltymusicnet'], '参数类型': ['STRING'], '参数注意事项': ['']}]"
0.21123874187469482,KUBET-,https://rapidapi.com/kubetzznet/api/kubet/,kubet.p.rapidapi.com,GET:kubetzz,kubetzz,,[{}],[{}]
0.210993692278862,Test alpha vantage,https://rapidapi.com/phongntuni-U4KRvg-2UHG/api/test-alpha-vantage/,test-alpha-vantage.p.rapidapi.com,GET:GetorderbyID2,lấy thông tin đặt hàng từ hóa đơn,,[{}],"[{'参数名': ['getorderbyID'], '参数类型': ['STRING'], '参数注意事项': ['']}]"
0.21089652180671692,Realty in US,https://rapidapi.com/apidojo/api/realty-in-us/,realty-in-us.p.rapidapi.com,GET:agents/get-reviews,Get agent reviews,agents,"[{'参数名': ['advertiser_id'], '参数类型': ['NUMBER'], '参数注意事项': ['The value of advertiser_id field returned in …/agents/list endpoint']}]",[{}]
0.21083825826644897,uw88us,https://rapidapi.com/uw88us/api/uw88us/,uw88us.p.rapidapi.com,GET:uw88us,"Uw88 - Nhà cái uy tín số 1 Việt Nam, link vào uw88 - ucw88 mới nhất 2022 - cùng nhiều thể loại game: thể thao, đá gà, casino online, trực tiếp bóng đá",,[{}],[{}]
0.2106637954711914,Seloger,https://rapidapi.com/apidojo/api/seloger/,seloger.p.rapidapi.com,GET:properties/detail,Get property detailed information,,"[{'参数名': ['id'], '参数类型': ['NUMBER'], '参数注意事项': ['The value of id fields returned in …/properties/list or …/properties/list-in-boundary endpoint.']}]",[{}]
0.21044126152992249,Realty in CA,https://rapidapi.com/apidojo/api/realty-in-ca1/,realty-in-ca1.p.rapidapi.com,GET:properties/list-commercial,List commercial properties both for lease and for sale,properties,[{}],"[{'参数名': ['CurrentPage', 'RecordsPerPage', 'BuildingSizeRange', 'SortOrder', 'NumberOfDays', 'Keywords', 'BuildingTypeId', 'BedRange', 'OpenHouseEndDate', 'OpenHouseStartDate', 'OpenHouse', 'FarmTypeId', 'CultureId', 'LandSizeRange', 'BathRange', 'SortBy', 'PriceMax', 'PriceMin', 'UnitRange', 'ZoningTypeGroupId', 'TransactionTypeId', 'ConstructionStyleId', 'PropertySearchTypeId'], '参数类型': ['NUMBER', 'NUMBER', 'STRING', 'STRING', 'NUMBER', 'STRING', 'NUMBER', 'STRING', 'STRING', 'STRING', 'BOOLEAN', 'NUMBER', 'NUMBER', 'STRING', 'STRING', 'NUMBER', 'NUMBER', 'NUMBER', 'STRING', 'NUMBER', 'NUMBER', 'NUMBER', 'NUMBER'], '参数注意事项': ['For paging purpose', 'Number items returned per request, max 50', '0-5000:0-5,000 sqft|5001-10000:5,001-10,000 sqft|10001-15000:10,001-15,000 sqft|250001-0:Over 250,000 sqft. Ex : 0-5000', 'A - ascending | D - descending', 'Listed since', 'Get suitable values from …/keywords/list endpoint, separated by comma for multiple keywords, Ex : Inlaw suite,Income suite', '0-No Preference|1-House|2-Duplex|3-Triplex|5-Residential Commercial Mix|6-Mobile Home|12-Special Purpose|14-Other|16-Row / Townhouse|17-Apartment|19-Fourplex|20-Garden Home|26-Modular|27-Manufactured Home/Mobile|28-Commercial Apartment|29-Manufactured Home', '0-0:Any|1-1:1|1-0:1+|2-2:2|2-0:2+|3-3:3|3-0:3+|4-4:4|4-0:4+|5-5:5|5-0:5+', 'Format date as MM/dd/yyyy, ex : 03/31/2020', 'Format date as MM/dd/yyyy, ex : 03/20/2020', 'false/true (not 0/1). Need to use together with OpenHouseStartDate and OpenHouseEndDate parameters', '0-No Preference|1-Animal|2-Boarding|3-Cash Crop|4-Feed Lot|5-Nursery|6-Market Gardening|7-Hobby Farm|8-Vineyard|9-Orchard|10-Greenhouse|12-Mixed', '1 - English|2 - French', '0-0:Any|1-0:1+ acres|2-0:2+ acres|5-0:5+ acres|10-0:10+ acres|50-0:50+ acres|100-0:100+ acres|200-0:200+ acres|300-0:300+ acres|400-0:400+ acres|500-0:500+ acres|1000-0:1000+ acres. Ex : 0-0', '0-0:Any|1-1:1|1-0:1+|2-2:2|2-0:2+|3-3:3|3-0:3+|4-4:4|4-0:4+|5-5:5|5-0:5+', '1-Price($)|6-Date|11-Virtual Tour|12-Open Houses|13-More Photos', 'Filter by max price, applied when TransactionTypeId = 2', 'Filter by min price, applied when TransactionTypeId = 2', '0-0:Any|1-1:1|1-0:1+|2-2:2|2-0:2+|3-3:3|3-0:3+|4-4:4|4-0:4+|5-5:5|5-0:5+|….|9-0:9+', '1-Agricultural|2-Commercial Mixed|3-Commercial Office|4-Commercial Retail|5-Industrial|6-Industrial-Heavy|7-Industrial-Light|8-Industrial-Medium|9-Institutional|10-Other|11-Recreational|12-Residential-High Density|13-Residential-Low Density|14-Residential - Medium Density', '2-For sale|3-For lease', '0-No Preference|1-Attached|3-Detached|5-Semi-detached|7-Stacked|9-Link', '0-No Preference|1-Residential|2-Recreational|3-Condo/Strata|4-Agriculture|5-Parking|6-Vacant Land|8-Multi Family']}]"
0.21040001511573792,Realty in US,https://rapidapi.com/apidojo/api/realty-in-us/,realty-in-us.p.rapidapi.com,GET:properties/v2/list-for-rent (Deprecated),List properties for rent,properties,[{}],"[{'参数名': ['postal_code', 'sort', 'prop_type', 'prop_sub_type', 'features', 'radius', 'beds_min', 'baths_min', 'price_min', 'price_max', 'lot_sqft_min', 'lot_sqft_max', 'sqft_min', 'sqft_max', 'allows_dogs', 'allows_cats', 'lat_max', 'lat_min', 'lng_max', 'lng_min'], '参数类型': ['STRING', 'STRING', 'STRING', 'STRING', 'STRING', 'NUMBER', 'NUMBER', 'NUMBER', 'NUMBER', 'NUMBER', 'NUMBER', 'NUMBER', 'NUMBER', 'NUMBER', 'BOOLEAN', 'BOOLEAN', 'NUMBER', 'NUMBER', 'NUMBER', 'NUMBER'], '参数注意事项': ['Zip code or postal code (do not use this parameter with city and state_code)', 'One of the followings : relevance|newest|price_low|price_high|photos|open_house_date|sqft_high|price_reduced_date', 'One of the followings (separated by comma for multiple values): single_family,multi_family,condo,mobile,land,farm,other', 'One of the followings (separated by comma for multiple values): condo,cond_op,townhouse,co_op', 'One of the followings (separated by comma for multiple values): recreation_facilities,swimming_pool,washer_dryer,garage_1_or_more,central_air,fireplace,spa_or_hot_tub,dishwasher,community_doorman,community_elevator,furnished,laundry_room,community_no_fee,community_outdoor_space,pets_allowed', 'Radius in miles to look for properties (1 to 20)', 'Min beds of properties', 'Min baths of properties', 'Option filter by setting min price', 'Option filter by setting max price', 'Min Lot/Acreage size', 'Max Lot/Acreage size', 'Min size of the properties', 'Max size of the properties', 'false/true - Whether or not dogs are allowed to live in properties', 'false/true - Whether or not cats are allowed to live in properties', 'Look for properties in bounding box, this is the max latitude of the coordinate.\nHas no affect if postal_code, or city or state_code parameter has value.', 'Look for properties in bounding box, this is the min latitude of the coordinate.\nHas no affect if postal_code, or city or state_code parameter has value.', 'Look for properties in bounding box, this is the max longitude of the coordinate.\nHas no affect if postal_code, or city or state_code parameter has value.', 'Look for properties in bounding box, this is the min longitude of the coordinate.\nHas no affect if postal_code, or city or state_code parameter has value.']}]"
0.21034182608127594,Dock API,https://rapidapi.com/dock-labs-ag-dock-labs-ag-default/api/dock-api1/,dock-api1.p.rapidapi.com,POST:/messaging/sign,Signs a DIDComm message as a base64 encoded JWT,messaging,[{}],[{}]
0.21029889583587646,Woo-temp,https://rapidapi.com/matigrat/api/woo-temp/,woo-temp.p.rapidapi.com,GET:boxes,Get all boxes,,[{}],[{}]
0.21019357442855835,Unofficial Redfin,https://rapidapi.com/apidojo/api/unofficial-redfin/,unofficial-redfin.p.rapidapi.com,GET:properties/get-main-info,Get main info of a property,properties,"[{'参数名': ['propertyId', 'listingId'], '参数类型': ['STRING', 'STRING'], '参数注意事项': ['The value of propertyId field returned in …/properties/list endpoint.', 'The value of listingId field returned in …/properties/list endpoint.']}]",[{}]
0.2099602073431015,ebay,https://rapidapi.com/jhonnyx161-ilgSV8-FSoH/api/ebay7/,ebay7.p.rapidapi.com,GET:t10,t10,,[{}],[{}]
0.2099585235118866,Realty in US,https://rapidapi.com/apidojo/api/realty-in-us/,realty-in-us.p.rapidapi.com,GET:properties/v3/detail,Get property detail information (include new Home Value feature),properties,[{}],"[{'参数名': ['listing_id'], '参数类型': ['STRING'], '参数注意事项': ['The value of listing_id field returned in …/properties/…/list endpoint']}]"
0.20979973673820496,Dock API,https://rapidapi.com/dock-labs-ag-dock-labs-ag-default/api/dock-api1/,dock-api1.p.rapidapi.com,GET:/data/transactions,Gets the transactions for your account,data,[{}],"[{'参数名': ['offset', 'limit'], '参数类型': ['NUMBER', 'NUMBER'], '参数注意事项': ['How many items to offset by for pagination', 'How many items to return at one time (max 64)']}]"
0.209794819355011,Yaware.TimeTracker,https://rapidapi.com/api4yaware/api/yaware-timetracker/,api4yaware-yaware-data.p.rapidapi.com,POST:getEmployeesByLeftBeforeTimeByPeriod,Returns employees who left work earlier and the number of violations over some period,,[{}],"[{'参数名': ['limit'], '参数类型': ['STRING'], '参数注意事项': ['Number of user to be retrived']}]"
0.20978911221027374,MyCompany,https://rapidapi.com/olahav/api/mycompany/,olahav-my_company-v1.p.rapidapi.com,POST:lll,lala,,[{}],[{}]
0.20976373553276062,REST COUNTRY,https://rapidapi.com/santrarahul7070/api/rest-country/,rest-country.p.rapidapi.com,GET:Calling by Alpha Code,Calling by Alpha Code,,"[{'参数名': ['aphacode'], '参数类型': ['STRING'], '参数注意事项': ['']}]",[{}]
0.2093529850244522,Unofficial Redfin,https://rapidapi.com/apidojo/api/unofficial-redfin/,unofficial-redfin.p.rapidapi.com,GET:properties/list,"List properties for sales, sold, etc… with options and filters",properties,[{}],"[{'参数名': ['sf', 'num_homes', 'max_listing_approx_size', 'min_listing_approx_size', 'max_parcel_size', 'min_parcel_size', 'max_price', 'min_price', 'max_price_per_sqft', 'min_price_per_sqft', 'max_stories', 'min_stories', 'max_year_built', 'min_year_built', 'num_baths', 'num_beds', 'pkg', 'sold_within_days', 'time_on_market_range', 'open_house', 'virtual_tour', 'excl_ar', 'rd', 'excl_ss', 'excl_ll', 'fixer', 'pool_types', 'include_outdoor_parking', 'rv_parking', 'ac', 'fireplace', 'primary_bed_on_main', 'wf', 'view', 'basement_types', 'pets_allowed', 'wd', 'guest_house', 'accessible', 'elevator', 'green', 'walk_score', 'transit_score', 'bike_score', 'school_rating', 'school_types', 'unrated_schools', 'hoa', 'max_property_tax', 'financing_type'], '参数类型': ['STRING', 'NUMBER', 'NUMBER', 'NUMBER', 'NUMBER', 'NUMBER', 'NUMBER', 'NUMBER', 'NUMBER', 'NUMBER', 'NUMBER', 'NUMBER', 'NUMBER', 'NUMBER', 'NUMBER', 'NUMBER', 'STRING', 'NUMBER', 'STRING', 'NUMBER', 'BOOLEAN', 'BOOLEAN', 'STRING', 'BOOLEAN', 'BOOLEAN', 'BOOLEAN', 'NUMBER', 'BOOLEAN', 'BOOLEAN', 'BOOLEAN', 'BOOLEAN', 'BOOLEAN', 'BOOLEAN', 'BOOLEAN', 'STRING', 'BOOLEAN', 'BOOLEAN', 'BOOLEAN', 'BOOLEAN', 'BOOLEAN', 'BOOLEAN', 'STRING', 'STRING', 'STRING', 'STRING', 'STRING', 'BOOLEAN', 'NUMBER', 'NUMBER', 'NUMBER'], '参数注意事项': ['MLS listings, uses of the following : 1,7-Agent listed Homes|2-MLS listed foreclosures|3-For sale by owner|4-Foreclosures|5,6-New construction\nSeparated by comma for multiple options. Ex : 1,2,3,5,6,7', 'Number of items per response (Max 400). Redfin always return max 400 properties for every search, there is no paging feature.', 'Square Feet', 'Square Feet', 'Lot size', 'Lot size', 'Filter by price', 'Filter by price', 'Filter by price per sqft', 'Filter by price per sqft', 'Filter by stories', 'Filter by stories', 'Filter by year built', 'Filter by year built', 'Filter by number of baths at least. Ex : 2.5', 'Filter by number of beds room at least. Ex : 2', 'Garage spots 1-|2-|3-|4-|5- (You need to put the minus behind every numbers)', 'Use this parameter to list SOLD properties. If you pass this parameter, leave sf parameter empty.', 'Time on Redfin, you need to put the minus before/after every numbers. Ex :\n1-:Less than 1 day|3-:Less than 3 days|7-|14-|30-|-30:More than 30 days|-60|-120|-:For any time', '1-Any time|2-This weekend', 'true|false', 'true : Exclude 55+ communities', 'Price reduce, you need to put the minus before/after every numbers. Ex :\n1-:Less than 1 day|3-:Less than 3 days|7-|14-|30-|-30:More than 30 days|-60|-120|-:For any time', 'true : Exclude short sales', 'true : Exclude land leases', 'true : Fixer Uppers Only', 'One of the following : 1-Private pool|2-Community pool|3-Private or Community pool|4-No private pool', 'true : Include outdoor parking', 'true : Include RV parking', 'true : has air conditioning', 'true : has fireplace', 'true : has primary bedroom on main floor', 'true : has water front', 'true : Must have view', 'One of the following : 1-Finished|3-Unfinished. Separated by comma for multiple options. Ex : 1,3', 'true : allow pets', 'true : has washer/dryer hookup', 'true : has guest house', 'true : Accessible Home', 'true : has elevator', 'true : Green Home', 'Filter by walk score, you need to put the minus after every numbers. Ex : 10-|20-|30-|etc…', 'Filter by transit score, you need to put the minus after every numbers. Ex : 10-|20-|30-|etc…', 'Filter by bike score, you need to put the minus after every numbers. Ex : 10-|20-|30-|etc…', 'Filter by school rate, you need to put the minus after every numbers. Ex : 1-|2-|3-|…|10-', 'Use along with school_rating parameter. One of the following : 1-Elementary schools|2-Middle schools|3-High schools. Separated by comma for multiple options. Ex : 1,2,3', 'true : Include unrated schools. Use along with school_rating parameter.', 'HOA fees. Ex : 0|25|50|75|…|2000', 'Max property tax. Ex : 750', 'Accepted Financing, one of the following : 1-FHA|2-VA']}]"
0.20912733674049377,Czech Republic and Slovakia Data,https://rapidapi.com/tqpwo9r1mt/api/czech-republic-and-slovakia-data/,czech-republic-and-slovakia-data.p.rapidapi.com,GET:ECV,ecv,,[{}],[{}]
0.20828795433044434,0MMO,https://rapidapi.com/0mmonet/api/0mmo/,0mmo.p.rapidapi.com,GET:0MMO,"0MMO is the number 1 site offering the very best software designed for Internet Marketers from 2008!
Address Novokosinskaya 14k7, Moscow,119034, Russia
Hotline 0945273782
Email: support@0mmo.net",,[{}],[{}]
0.20814266800880432,Self-help Quotes,https://rapidapi.com/kazamos/api/self-help-quotes/,self-help-quotes.p.rapidapi.com,GET:Get all available self-help books,Get a list of all available books in addition to the total count of quotes available from that book,,[{}],[{}]
0.2081173062324524,Self-help Quotes,https://rapidapi.com/kazamos/api/self-help-quotes/,self-help-quotes.p.rapidapi.com,GET:Get a random self-help quote,Get a random hand-picked self-help quote in addition to its tags and the book it was taken from,,[{}],[{}]
0.2079179584980011,helloApi,https://rapidapi.com/jfwu2008-Xf3Ou9hFiOB/api/helloapi1/,helloapi1.p.rapidapi.com,GET:/hello/wrold_copy,this is helo,,[{}],[{}]
0.20782147347927094,Melo,https://rapidapi.com/Fullstck/api/melo/,melo.p.rapidapi.com,GET:Search Properties,Return properties matching given criteria.,,[{}],"[{'参数名': ['propertyTypes[]', 'propertyTypes[]'], '参数类型': ['STRING', 'STRING'], '参数注意事项': ['', '']}]"
0.20775431394577026,Paperlit,https://rapidapi.com/Paperlit/api/paperlit/,paperlit.p.rapidapi.com,POST:Register Receipt,Validate and register purchases from App Store and Google Play,Paperlit Store,[{}],[{}]
0.2072943150997162,davide,https://rapidapi.com/dattorossoneri/api/davide1/,davide1.p.rapidapi.com,GET:cities,get cities to json,,[{}],[{}]
0.20683488249778748,Financial & Business News API,https://rapidapi.com/mj-api-development-mj-api-development-default/api/financial-business-news-api/,financial-business-news-api.p.rapidapi.com,GET:Get Articles By Page Number,This returns articles grouped by page numbers grouped from newest articles to oldest for instance page 1 articles will contain newer articles and page 2 older articles and so on,,"[{'参数名': ['page_number'], '参数类型': ['NUMBER'], '参数注意事项': ['']}]",[{}]
0.20673218369483948,Apartments.com,https://rapidapi.com/epctex-epctex-default/api/apartments-com1/,apartments-com1.p.rapidapi.com,GET:getProperty,Returns all the detailed information of a property by its ID,Property,"[{'参数名': ['propertyId'], '参数类型': ['STRING'], '参数注意事项': ['Property ID']}]",[{}]
0.20664045214653015,Realty in US,https://rapidapi.com/apidojo/api/realty-in-us/,realty-in-us.p.rapidapi.com,GET:agents/list,List agents with filters and options,agents,[{}],"[{'参数名': ['offset', 'limit', 'sort', 'name', 'types', 'agent_type', 'recommendations_count_min', 'agent_rating_min', 'price_min', 'price_max'], '参数类型': ['NUMBER', 'NUMBER', 'STRING', 'STRING', 'STRING', 'STRING', 'NUMBER', 'NUMBER', 'NUMBER', 'NUMBER'], '参数注意事项': ['The offset of items to be ignored in response for paging', 'For paging purpose (max 20)', 'One of the followings : recent_activity_high|recently_sold_high|for_sale_count_high|recommendations_count_high|agent_rating_high', 'Search for agent or team or company by name', 'One of the followings : agent | team | office', 'One of the followings or leave empty : buyer | seller', 'Number of recommendations (max 10)', 'Rating (max 5)', 'Option filter by setting min price', 'Option filter by setting max price']}]"
0.2065369188785553,I-Test,https://rapidapi.com/pathx-pathx-default/api/i-test1/,i-test1.p.rapidapi.com,POST:Base,Base description,,[{}],[{}]
0.2064269781112671,ALT Coins,https://rapidapi.com/MihirKumar12/api/alt-coins/,alt-coins.p.rapidapi.com,GET:meme,Provide memes,,[{}],[{}]
0.20623047649860382,vCloud Air Ondemand Calculator,https://rapidapi.com/vipulrajdeep/api/vcloud-air-ondemand-calculator/,vipulrajdeep-vcloud-ondemand-calculator-v1.p.rapidapi.com,GET:/ondemand/os,For fetching OS Data,OnDemand API,[{}],[{}]
0.2061651051044464,Gardening Course,https://rapidapi.com/fantastic-academy-london-fantastic-academy-london-default/api/gardening-course/,gardening-course.p.rapidapi.com,GET:gardening course,Fantastic Academy,,[{}],[{}]
0.2057066112756729,AcroSuite Auther,https://rapidapi.com/AcroChannel/api/acrosuite-auther/,acrosuite-auther.p.rapidapi.com,POST:Verify Authentication,"Verify one-time or multi-time authentication access by AccessKey,Password,Access times and validate period.",,[{}],[{}]
0.20538298785686493,Jooble,https://rapidapi.com/jooble-jooble-default/api/jooble/,jooble.p.rapidapi.com,GET:Jooble - the best,ty,,[{}],[{}]
0.20535673201084137,Useful Business 1001 Functions,https://rapidapi.com/tec-2-scale-tec-2-scale-default/api/useful-business-1001-functions/,useful-business-1001-functions.p.rapidapi.com,POST:Validate Address,"The ""Validate Address"" endpoint is an API to validate addresses. To use this endpoint, users must provide an address as an input. The endpoint then checks the address if it is valid.",Business,[{}],[{}]
0.20525869727134705,Realty in AU,https://rapidapi.com/apidojo/api/realty-in-au/,realty-in-au.p.rapidapi.com,GET:schools/list,List schools around a GEO location,,"[{'参数名': ['lat', 'lon'], '参数类型': ['NUMBER', 'STRING'], '参数注意事项': ['The latitude of GEO location', 'The longitude of GEO location']}]",[{}]
0.20522180199623108,Dock API,https://rapidapi.com/dock-labs-ag-dock-labs-ag-default/api/dock-api1/,dock-api1.p.rapidapi.com,POST:/messaging/decrypt,Decrypts a JSON Web Message,messaging,[{}],[{}]
0.2051505595445633,new88top,https://rapidapi.com/new88top/api/new88top/,new88top.p.rapidapi.com,GET:new88,"new88top.com - new88 Nhà cái uy tín hàng đầu Châu Á, Link vào new88 chính thức cung cấp các game cá cược như: thể thao, đá gà, casino online… #nạp tiền new88 #rút tiền new88 #đăng nhập new88 #đăng ký new88 #NEW88
SDT 0971.97.63.63
Địa chỉ : 266 P. Minh Khai, Ma...",,[{}],[{}]
0.2049998939037323,UAE Real Estate,https://rapidapi.com/dotlas-dotlas-default/api/uae-real-estate/,uae-real-estate.p.rapidapi.com,GET:get_property_sub_types_catalogue_property_sub_types_get,About:,API Catalogue,"[{'参数名': ['property_type'], '参数类型': ['STRING'], '参数注意事项': ['']}]",[{}]
0.20482975244522095,RobotChat,https://rapidapi.com/smartcloudex/api/robotchat/,smartcloudex-robotchat-v1.p.rapidapi.com,POST:chat,Chat with robot to get the smartest answer to Chinese language questions,,[{}],"[{'参数名': ['lon', 'lat', 'loc'], '参数类型': ['STRING', 'STRING', 'STRING'], '参数注意事项': ['East longitude, accurate to the 6th decimal place, but the value does not include the decimal （东经23.114155，小数点后保留6位，需要写为23114155）', 'North latitude, , accurate to the 6th decimal place, but the value does not include the decimal （北纬113.318977，小数点后保留6位，需要写为113318977）', 'The location of the people who is chating（位置信息，编码方式为UTF-8）']}]"
0.20477239787578583,Useful Business 1001 Functions,https://rapidapi.com/tec-2-scale-tec-2-scale-default/api/useful-business-1001-functions/,useful-business-1001-functions.p.rapidapi.com,POST:ValidateVATID,"This endpoint can be used to check whether a value-added tax identification (VAT ID) is valid or not. The input can take two different forms: the VAT ID can be passed as a whole string, or it can be split in country code and VAT number. Examples for both requests are below thi...",Business,[{}],[{}]
0.2047571986913681,Idealista,https://rapidapi.com/apidojo/api/idealista2/,idealista2.p.rapidapi.com,GET:properties/list,"List properties for sale or rent in Italy, Spain, Portugal with options and filters",properties,[{}],"[{'参数名': ['numPage', 'maxItems', 'sort', 'locale', 'country', 'distance', 'zoiId', 'isPoi', 'accessible', 'airConditioning', 'gayPartners', 'hasHouseKeeper', 'elevator', 'terrace', 'couplesAllowed', 'swimmingPool', 'privateToilet', 'privateOwner', 'showRuledOuts', 'garden', 'childrenAllowed', 'ownerNotLiving', 'smokingPolicy', 'floorHeights', 'sinceDate', 'petsPolicy', 'newGender', 'housemates', 'gallery', 'luxury', 'garage', 'builtinWardrobes', 'storeRoom', 'auction', 'bedType', 'maxSize', 'minSize', 'maxPrice', 'minPrice', 'shape', 'propertyType'], '参数类型': ['NUMBER', 'NUMBER', 'STRING', 'STRING', 'STRING', 'NUMBER', 'STRING', 'BOOLEAN', 'BOOLEAN', 'BOOLEAN', 'BOOLEAN', 'BOOLEAN', 'BOOLEAN', 'BOOLEAN', 'BOOLEAN', 'BOOLEAN', 'BOOLEAN', 'BOOLEAN', 'BOOLEAN', 'BOOLEAN', 'BOOLEAN', 'BOOLEAN', 'STRING', 'STRING', 'STRING', 'STRING', 'STRING', 'STRING', 'BOOLEAN', 'BOOLEAN', 'BOOLEAN', 'BOOLEAN', 'BOOLEAN', 'STRING', 'STRING', 'NUMBER', 'NUMBER', 'NUMBER', 'NUMBER', 'STRING', 'STRING'], '参数注意事项': ['The page index for paging purpose', 'The number of items per response for paging purpose', 'One of the following desc|asc', 'One of the following en|es|it|pt|de|fr|ro|ru|pl|sv|fi|nb|nl', 'One of the following it|es|pt', 'The radius to look for properties inside', 'The value of zoiId field returned in …/auto-complete endpoint. Do NOT use together with locationId parameter', 'true|false - Whether or not is it a point of interest, this parameter only works with zoiId parameter', 'true|false - Whether or not is the property accessible', 'true|false', 'true|false', 'true|false', 'true|false', 'true|false', 'true|false', 'true|false', 'true|false', 'true|false', 'true|false', 'true|false', 'true|false', 'true|false', 'allowed|disallowed', 'One of the following topFloor|intermediateFloor|groundFloor (separated by comma for multiple values. Ex : topFloor,groundFloor)', 'One of the following Y|W|M (Last 48 hours|Last week|Last month)', 'allowed|disallowed', 'male|female', 'One of the following 2|3|4 (separated by comma for multiple values, Ex : 3,4)', 'true|false', 'true|false', 'true|false', 'true|false', 'true|false', 'Leave empty or one of the following : excludeAuctions|onlyAuctions', 'One of the following none|single|double|twoBeds', 'Max area size', 'Min area size', 'Max price', 'Min price', 'The value of shape field returned in …/zois/detail endpoint. Simply pass the json object as string. Do NOT use together with locationId or zoiId. Ex : {\\\\\\\\\\\\\\\\\\\\\\\\\\\\\\\\""coordinates\\\\\\\\\\\\\\\\\\\\\\\\\\\\\\\\"":[[[[9.20289,45.469786,0],…,[9.20289,45.469786,0]]]],\\\\\\\\\\\\\\\\\\\\\\\\\\\\\\\\""type\\\\\\\\\\\\\\\\\\\\\\\\\\\\\\\\"":\\\\\\\\\\\\\\\\\\\\\\\\\\\\\\\\""MultiPolygon\\\\\\\\\\\\\\\\\\\\\\\\\\\\\\\\""}', 'One of the following : homes|bedrooms|newDevelopments|offices|premises|garages|lands|storageRooms|buildings']}]"
0.20469534397125244,Pamfax,https://rapidapi.com/pamfax/api/pamfax/,pamfax-pamfax.p.rapidapi.com,GET:ListCurrencies,Returns the list of supported currencies. Result contains convertion rates too. If $code is given will only return the specified currency's information.,Common,[{}],"[{'参数名': ['code'], '参数类型': ['STRING'], '参数注意事项': ['CurrencyCode']}]"
0.20439401268959045,Realty in US,https://rapidapi.com/apidojo/api/realty-in-us/,realty-in-us.p.rapidapi.com,GET:properties/list-for-rent (Deprecated),List properties for rent,properties,[{}],"[{'参数名': ['postal_code', 'sort', 'radius', 'baths_min', 'beds_min', 'price_min', 'price_max', 'sqft_min', 'sqft_max', 'prop_type', 'mapi_community_features', 'listed_date_min', 'allows_dogs', 'allows_cats', 'no_pets_allowed', 'lat_max', 'lat_min', 'lng_max', 'lng_min'], '参数类型': ['STRING', 'STRING', 'NUMBER', 'NUMBER', 'NUMBER', 'NUMBER', 'NUMBER', 'NUMBER', 'NUMBER', 'STRING', 'STRING', 'STRING', 'BOOLEAN', 'BOOLEAN', 'BOOLEAN', 'NUMBER', 'NUMBER', 'NUMBER', 'NUMBER'], '参数注意事项': ['Zip code or postal code (do not use this parameter with city and state_code)', 'One of the followings : completeness,photos,freshest|price_low|price_high|photos|newest', 'Radius in miles to look for properties', 'Option filter by setting at least the number of bathrooms', 'Option filter by setting at least the number of bedrooms', 'Option filter by setting min price', 'Option filter by setting max price', 'Min size of the properties', 'Max size of the properties', 'One of the followings (separated by comma for multiple values): apartment,single_family,mapi_condo_townhome,other', 'One of the followings (separated by comma for multiple values): community_washer_dryer,community_parking,central_air,community_pool,community_gym', ""Date string format yyyy-MM-dd'T'HH:mm:ss'Z' , such as : 2019-08-01T16:24:40Z .The date from which the properties have been on realtor.com"", 'true/false - Dogs are allowed or not (cannot be used with no_pets_allowed)', 'true/false - Cats are allowed or not (cannot be used with no_pets_allowed)', 'true/false - Pets are allowed or not (cannot be used with allows_dogs, allows_cats)', 'Look for properties in bounding box, this is the max latitude of the coordinate.\nHas no affect if postal_code, or city or state_code parameter has value.', 'Look for properties in bounding box, this is the min latitude of the coordinate.\nHas no affect if postal_code, or city or state_code parameter has value.', 'Look for properties in bounding box, this is the max longitude of the coordinate.\nHas no affect if postal_code, or city or state_code parameter has value.', 'Look for properties in bounding box, this is the min longitude of the coordinate.\nHas no affect if postal_code, or city or state_code parameter has value.']}]"
0.2043513059616089,Domainr,https://rapidapi.com/domainr/api/domainr/,domainr.p.rapidapi.com,GET:/v2/register,Responds with an HTTP redirect to a supporting registrar.,v2,[{}],"[{'参数名': ['registrar'], '参数类型': ['STRING'], '参数注意事项': [""The registrar's root domain.""]}]"
0.20433694124221802,REIT Property Data,https://rapidapi.com/reit-data-market-reit-data-market-default/api/reit-property-data1/,reit-property-data1.p.rapidapi.com,GET:feature-search,Search for features within distance of a latitude/longitude coordinate pair.,,[{}],"[{'参数名': ['distance', 'feature_type'], '参数类型': ['NUMBER', 'STRING'], '参数注意事项': ['Distance is in meters. Defaults to 5000.', '']}]"
0.20429998636245728,Yaware.TimeTracker,https://rapidapi.com/api4yaware/api/yaware-timetracker/,api4yaware-yaware-data.p.rapidapi.com,POST:getGroups,Returns groups by passed parameters,,[{}],"[{'参数名': ['searchData[name]', 'searchData[manager_email]', 'searchData[created]'], '参数类型': ['STRING', 'STRING', 'STRING'], '参数注意事项': ['Name of group', 'Email of manager of group', 'Group creation date']}]"
0.20422150194644928,Business Starter API,https://rapidapi.com/Bmbus/api/business-starter-api/,business-starter-api.p.rapidapi.com,GET:Business Slogan,Generate a slogan for you Business name,,"[{'参数名': ['name'], '参数类型': ['STRING'], '参数注意事项': ['']}]",[{}]
0.20353993773460388,Photo Reader,https://rapidapi.com/dittolabs/api/photo-reader/,dittolabs-photo-reader-v1.p.rapidapi.com,GET:/find,Process an image,,"[{'参数名': ['url', 'uid', 'client_id'], '参数类型': ['STRING', 'STRING', 'STRING'], '参数注意事项': ['A URL to an image', 'A unique identifier of your choice', 'Please contact help@dittolabs.io to get a unique API key for Ditto Photo Reader']}]",[{}]
0.20352691411972046,Zoopla,https://rapidapi.com/apidojo/api/zoopla/,zoopla.p.rapidapi.com,GET:properties/list,List properties for sale or rent with options and filters,properties,[{}],"[{'参数名': ['identifier', 'listing_id', 'category', 'created_since', 'furnished', 'include_featured_properties', 'include_rented', 'include_retirement_homes', 'include_shared_accommodation', 'include_shared_ownership', 'include_sold', 'keywords', 'listing_status', 'maximum_beds', 'minimum_beds', 'maximum_price', 'minimum_price', 'order_by', 'ordering', 'page_number', 'page_size', 'property_type', 'radius', 'pets_allowed', 'price_frequency', 'step_back_used', 'bills_included', 'floor_area_max', 'floor_area_min', 'floor_area_units', 'new_homes'], '参数类型': ['STRING', 'STRING', 'STRING', 'STRING', 'STRING', 'NUMBER', 'NUMBER', 'STRING', 'STRING', 'STRING', 'NUMBER', 'STRING', 'STRING', 'NUMBER', 'NUMBER', 'NUMBER', 'NUMBER', 'STRING', 'STRING', 'NUMBER', 'NUMBER', 'STRING', 'NUMBER', 'STRING', 'STRING', 'NUMBER', 'STRING', 'NUMBER', 'NUMBER', 'STRING', 'STRING'], '参数注意事项': ['The value of suggestions/identifier json object returned in …/auto-complete endpoint with listings as search_type. You must use EXACTLY the value returned by the endpoint.', ""The value of listing_id field returned right in this endpoint.\n*'listing_id' OR 'area' parameter must be provided to get this endpoint working."", 'One of the following residential|commercial', 'The date time from which properties added. The format must be yyyy-MM-dd HH:mm:ss, Ex : 2020-09-16 15:00:00', 'One of the following furnished|part_furnished|unfurnished', 'One of the following 1 | 0', 'One of the following 1 | 0', 'One of the following yes | no', 'One of the following yes | no', 'One of the following yes | no', 'One of the following 1 | 0', 'Any word or term, ex : garden,wooden floors', 'One of the following sale | rent', 'Max number of bed rooms (1 - 10)', 'Min number of bed rooms (1 - 10)', 'Maximum sale or rent price', 'Minimum sale or rent price', 'One of the following age|price|price_change|view_count', 'One of the following ascending|descending', 'The page index for paging purpose', 'The number of items per response (max 40)', 'One of the following and separated by comma for multiple values : flats|farms_land|terraced|semi_detached|detached|bungalow|park_home|offices|retail|industrial|hospitality|land', 'The radius (miles) to look for properties (1 - 40)', 'One of the following yes | no', 'One of the following per_month|per_year', 'One of the following 1 | 0', 'One of the following yes | no', 'Maximum floor area, only use with commercial category.', 'Minimum floor area, only use with commercial category.', 'One of the following sq_feet|sq_metres', 'One of the following yes | no']}]"
0.20342092216014862,chkSS,https://rapidapi.com/jsavajols/api/chkss/,chkss.p.rapidapi.com,GET:checkss,checkss,,"[{'参数名': ['numss'], '参数类型': ['STRING'], '参数注意事项': ['']}]",[{}]
0.2034161239862442,ZenPayroll,https://rapidapi.com/zenpayroll/api/zenpayroll/,community-zenpayroll.p.rapidapi.com,GET:Get Payrolls for a Company,"Array of all payrolls, current and past, for a company.",Payrolls,"[{'参数名': ['access_token', 'company_id'], '参数类型': ['STRING', 'STRING'], '参数注意事项': ['See http://docs.zenpayroll.com/v1/examples/authentication/', '']}]",[{}]
0.20338194072246552,YC Hacker news official,https://rapidapi.com/RapidDevRel/api/yc-hacker-news-official/,yc-hacker-news-official.p.rapidapi.com,GET:user by id,Users are identified by case-sensitive ids,,"[{'参数名': ['id'], '参数类型': ['STRING'], '参数注意事项': ['User ID']}]",[{}]
0.2030489444732666,Best Florida Taxi Service,https://rapidapi.com/gueshebakunx/api/best-florida-taxi-service/,best-florida-taxi-service.p.rapidapi.com,GET:Manage dispatch,"Manage dispatch calls for existing taxis (using VIN number as identifier), - contact us for access.",default,[{}],"[{'参数名': ['vin'], '参数类型': ['STRING'], '参数注意事项': ['']}]"
0.20294420421123505,Ido test,https://rapidapi.com/idoalon/api/ido-test2/,ido-test2.p.rapidapi.com,GET:Required fields,All the required fields for the query.,,"[{'参数名': ['apikey', 'function', 'symbol'], '参数类型': ['STRING', 'STRING', 'STRING'], '参数注意事项': ['', '', '']}]",[{}]
0.20275026559829712,German Company Data,https://rapidapi.com/Implisense/api/german-company-data/,german-company-data.p.rapidapi.com,POST:/companies/events,"This endpoint returns the latest events about the company with the given identifier since the given timestamp, much as GET /companies/{id}/events does. The difference is that you don't need the company identifier in advance. This endpoint assists in finding companies and their...",Get Data,[{}],[{}]
0.20262590050697327,ZenPayroll,https://rapidapi.com/zenpayroll/api/zenpayroll/,community-zenpayroll.p.rapidapi.com,GET:/api/v1/companies/:company_id/pay_periods,"Array of all pay periods, past and current, for a company.",Pay Periods,[{}],"[{'参数名': ['start_date', 'end_date'], '参数类型': ['STRING', 'STRING'], '参数注意事项': ['', '']}]"
0.20235727727413177,USPTO Trademark,https://rapidapi.com/pentium10/api/uspto-trademark/,uspto-trademark.p.rapidapi.com,POST:v1/batchOwnerSearch,"Does a search on owner name or postcode in BATCH mode and returns details about the trademarks found for that owner. Duplicate owner results can be returned by this endpoint, especially when an owner had an address change.",,[{}],[{}]
0.20226344466209412,Useful Business 1001 Functions,https://rapidapi.com/tec-2-scale-tec-2-scale-default/api/useful-business-1001-functions/,useful-business-1001-functions.p.rapidapi.com,POST:IPtoGEOLocation,"The ""IPtoGEOLocation"" REST endpoint is an API that maps IP addresses to geographical locations. Users must provide an IP address as input to retrieve the corresponding geographical location. This endpoint uses IP geolocation data to identify the latitude and longitude of the p...",Business,[{}],[{}]
0.20203065872192383,Currency Exchange Rates,https://rapidapi.com/standingapi-standingapi-default/api/currency-exchange-rates3/,currency-exchange-rates3.p.rapidapi.com,GET:Getting historical exchange rate(s),"The /historical/ endpoint functions almost exactly like the /live/ endpoint, except it requires you to request a date parameter, and subsequently returns the returns the most recent exchange rate(s) for a given set of currencies.",,[{}],"[{'参数名': ['target'], '参数类型': ['STRING'], '参数注意事项': ['The target currency or currencies to get the exchange rate of versus the base currency. Like the base parameters, any currency passed here follows the ISO 4217 standard. If multiple currencies are passed in the target, they should be separated by commas (e.g., &target=EUR,CAD,AUD).']}]"
0.2019931674003601,Validate VAT,https://rapidapi.com/api-tier1-apitier-team/api/validate-vat/,validate-vat.p.rapidapi.com,GET:Validate VAT,"“Validate VAT” validates VAT numbers, get company information, including address, returned for each VAT number.",,"[{'参数名': ['vat_number'], '参数类型': ['STRING'], '参数注意事项': ['']}]",[{}]
0.20153877139091492,USPTO Trademark,https://rapidapi.com/pentium10/api/uspto-trademark/,uspto-trademark.p.rapidapi.com,POST:v1/batchTrademarkSearch,"Does a keyword search in BATCH mode and returns trademark name, serial number, services code, status, owner, address, filing date and registration date.",,[{}],[{}]
0.20117315649986267,0,https://rapidapi.com/pas2020m/api/0007/,0007.p.rapidapi.com,GET:Ppp,Ppp,,[{}],[{}]
0.2010938972234726,stock market holidays,https://rapidapi.com/felian/api/stock-market-holidays/,stock-market-holidays.p.rapidapi.com,GET:GET Remaining Stock Market holidays of the year,It returns the remaining holidays of the current stock market year,,[{}],[{}]
0.20092107355594635,API de plaque d'immatriculation (France),https://rapidapi.com/immatriculationapi-Sf2chpuXeWt/api/api-de-plaque-d-immatriculation-france/,api-de-plaque-d-immatriculation-france.p.rapidapi.com,GET:plaque,Plaque d'immatriculation française,,[{}],"[{'参数名': ['with_k_type'], '参数类型': ['NUMBER'], '参数注意事项': [""Demandez le code TecDoc k-Type en définissant l'attribut with_k_type=1 , par défaut est 0.""]}]"
0.20091038942337036,Random 1001 Functions,https://rapidapi.com/tec-2-scale-tec-2-scale-default/api/random-1001-functions/,random-1001-functions.p.rapidapi.com,POST:GetRandomCity,"Call this endpoint to get the name of a city randomly selected. Explore the world with GetRandomCity, an API endpoint that effortlessly generates the name of a random city from around the globe. Perfect for travel enthusiasts, trivia buffs, and creative professionals seeking i...",,[{}],[{}]
0.20046968758106232,Useful Business 1001 Functions,https://rapidapi.com/tec-2-scale-tec-2-scale-default/api/useful-business-1001-functions/,useful-business-1001-functions.p.rapidapi.com,POST:Calculate Week,An empty body returns data about the current week.,Business,[{}],[{}]
0.20023508369922638,AutoQuote Processor,https://rapidapi.com/icontinuum-icontinuum-default/api/autoquote-processor/,autoquote-processor.p.rapidapi.com,POST:Automotive Quote Processor,Returns full results parsed from submitted PDF Estimate document.,,[{}],[{}]
0.200008362531662,Financial & Business News API,https://rapidapi.com/mj-api-development-mj-api-development-default/api/financial-business-news-api/,financial-business-news-api.p.rapidapi.com,GET:Get Articles Published By Date,"This returns articles published on a specific date,",,"[{'参数名': ['published_date'], '参数类型': ['DATE (YYYY-MM-DD)'], '参数注意事项': ['']}]",[{}]
0.19998857378959656,DVLA OPEN DATA,https://rapidapi.com/tyacambranksighpe/api/dvla-open-data/,dvla-open-data.p.rapidapi.com,GET:alternative,Search for alternative formats,default,[{}],"[{'参数名': ['vrm', 'apikey', 'format'], '参数类型': ['STRING', 'STRING', 'STRING'], '参数注意事项': ['', '', '']}]"
0.19986467063426971,Business Starter API,https://rapidapi.com/Bmbus/api/business-starter-api/,business-starter-api.p.rapidapi.com,GET:Business name for,Generate a Business name for existing idea,,"[{'参数名': ['idea'], '参数类型': ['STRING'], '参数注意事项': ['']}]",[{}]
0.1994638741016388,Comparable Companies,https://rapidapi.com/ComparableCompanies/api/comparable-companies/,comparable-companies.p.rapidapi.com,GET:/logo,The Logo API is used to show company logos in the frontend. The API link is already included in results returned by the Similar companies API.,logo,"[{'参数名': ['domain'], '参数类型': ['STRING'], '参数注意事项': ['(Required) The company domain for which you want to retrieve a logo for']}]",[{}]
0.19943922758102417,Timeneye Time Tracking,https://rapidapi.com/dmdigital/api/timeneye-time-tracking/,dmdigital-timeneye-time-tracking.p.rapidapi.com,POST:getProject,"Returns a project's details. fixedAmount and hourlyRate are returned only if user has permissions to see them. If the requester is a Project Manager or an Account Owner, access data is returned too (including access type - ""public"" or ""private"" - and the list of users that can...",,[{}],[{}]
0.1992851197719574,Pamfax,https://rapidapi.com/pamfax/api/pamfax/,pamfax-pamfax.p.rapidapi.com,GET:SetCover,Sets the cover template for the current fax. IMPORTANT NOTE: This method allowed only selection of cover template using the cover_id argument up to and including API 3.4MR8. We kept that argument valid in API 3.5 meaning that the UUIDs for the standard covers are the same as ...,FaxJob,[{}],"[{'参数名': ['template_id', 'text', 'template_uuid', 'data'], '参数类型': ['STRING', 'STRING', 'STRING', 'STRING'], '参数注意事项': ['The id of the cover. Use 0 to remove cover.', 'Cover text as pure text.', ""Cover UUID as returned by UserInfoAPI::ListCovers (default: '*')"", 'Optional data to fill placeholders in the coverpage template (key-value pairs)']}]"
0.1986599564552307,YC Hacker news official,https://rapidapi.com/RapidDevRel/api/yc-hacker-news-official/,yc-hacker-news-official.p.rapidapi.com,GET:max item,Get the current largest item id,,[{}],[{}]
0.19849178194999695,Unofficial Redfin,https://rapidapi.com/apidojo/api/unofficial-redfin/,unofficial-redfin.p.rapidapi.com,GET:properties/get-agent,Get agent info relating to a property,properties,"[{'参数名': ['propertyId', 'listingId'], '参数类型': ['STRING', 'STRING'], '参数注意事项': ['The value of propertyId field returned in …/properties/list endpoint.', 'The value of listingId field returned in …/properties/list endpoint.']}]",[{}]
0.19837133586406708,QRCode API With Logo,https://rapidapi.com/edgeapis/api/qrcode-api-with-logo/,qrcode-api-with-logo.p.rapidapi.com,POST:Generate QR Code,Generates a QR Code for you.,,[{}],[{}]
0.19828960299491882,DolarAPI,https://rapidapi.com/mariano1colombo/api/dolarapi/,dolarapi.p.rapidapi.com,GET:Dolar Blue,Cotizacion del Dolar Blue/Paralelo/Negro,,[{}],[{}]
0.1977529525756836,Add,https://rapidapi.com/sipp11/api/add2/,add2.p.rapidapi.com,GET:add,addtion of numbers,,"[{'参数名': ['a', 'b'], '参数类型': ['NUMBER', 'NUMBER'], '参数注意事项': ['', '']}]",[{}]
0.19775113463401794,Pamfax,https://rapidapi.com/pamfax/api/pamfax/,pamfax-pamfax.p.rapidapi.com,GET:ListProviders,Returns a list of supported providers.,OnlineStorage,[{}],"[{'参数名': ['attach_settings'], '参数类型': ['STRING'], '参数注意事项': ['']}]"
0.19774308800697327,Domain Name Generator,https://rapidapi.com/sskrishkk411/api/domain-name-generator/,domain-name-generator.p.rapidapi.com,POST:Create,Generate Unique Domain Names For Your Business In Seconds,,[{}],[{}]
0.19764889776706696,SDM,https://rapidapi.com/mittrocktracacrep/api/sdm1/,sdm1.p.rapidapi.com,GET:insurance,seguros,default,[{}],"[{'参数名': ['key', 'source', 'plate'], '参数类型': ['STRING', 'STRING', 'STRING'], '参数注意事项': ['', '', '']}]"
0.19734510779380798,Random 1001 Functions,https://rapidapi.com/tec-2-scale-tec-2-scale-default/api/random-1001-functions/,random-1001-functions.p.rapidapi.com,POST:Randomnumericstring,"Experience our Random Numeric String generator, a powerful tool designed to produce unique sequences of numbers with a customizable length. Ideal for developers, testers, or anyone in need of random numeric data for various applications.",,[{}],[{}]
0.19729085266590118,Sandbox API,https://rapidapi.com/audox-ingenieria-spa-audox-ingenieria-spa-default/api/sandbox-api1/,sandbox-api1.p.rapidapi.com,GET:Hello World,Hello World API,,[{}],"[{'参数名': ['entryPoint'], '参数类型': ['STRING'], '参数注意事项': ['']}]"
0.1965949535369873,gamebaitop1club,https://rapidapi.com/gamebaitop1club/api/gamebaitop1club/,gamebaitop1club.p.rapidapi.com,GET:Game Bài Top 1,"Game Bài Top 1 là một trang chuyên đánh giá, phân tích và xếp hạng các cổng game bài đổi thưởng, nhà cái quốc tế hàng đầu dành cho các anh em có đam mê.
Mọi thông tin liên quan đến link tải các slots game đổi thưởng, game bắn cá đổi thưởng,… Đặc biệt là những game bài đổ...",,[{}],[{}]
0.19648335874080658,German Company Data,https://rapidapi.com/Implisense/api/german-company-data/,german-company-data.p.rapidapi.com,POST:/companies/jobs,"This endpoint returns the latest job postings about the company with the given identifier since the given timestamp, much as GET /companies/{id}/jobs does. The difference is that you don't need the company identifier in advance. This endpoint assists in finding companies and t...",Get Data,[{}],[{}]
0.19629137217998505,Pamfax,https://rapidapi.com/pamfax/api/pamfax/,pamfax-pamfax.p.rapidapi.com,GET:ListVersions,"Lists the current Versions. Result contains versions for the PamFax Gadget, Client etc and returns the version and update url",Common,"[{'参数名': ['apikey', 'apicheck'], '参数类型': ['STRING', 'STRING'], '参数注意事项': ['description', 'description']}]",[{}]
0.19611909985542297,Email Scraper,https://rapidapi.com/WRT/api/email-scraper/,email-scraper.p.rapidapi.com,GET:dashboard_free_access,Call this endpoint (or click 'Test Endpoint') to get access to the dashboard.,,"[{'参数名': ['get_dash_url'], '参数类型': ['STRING'], '参数注意事项': ['']}]",[{}]
0.19595083594322205,Realty in AU,https://rapidapi.com/apidojo/api/realty-in-au/,realty-in-au.p.rapidapi.com,GET:properties/list,List properties with options and filters,,[{}],"[{'参数名': ['page', 'pageSize', 'sortType', 'propertyTypes', 'surroundingSuburbs', 'minimumBedrooms', 'maximumBedrooms', 'minimumLandSize', 'minimumBathroom', 'minimumCars', 'minimumPrice', 'maximumPrice', 'ex-under-contract', 'constructionStatus', 'keywords'], '参数类型': ['NUMBER', 'NUMBER', 'STRING', 'STRING', 'BOOLEAN', 'NUMBER', 'NUMBER', 'NUMBER', 'NUMBER', 'NUMBER', 'NUMBER', 'NUMBER', 'BOOLEAN', 'STRING', 'STRING'], '参数注意事项': ['For paging purpose', 'The number of items returned per response. For paging purpose (max is 30)', 'One of the following relevance|new-asc|new-desc|price-asc|price-desc', 'Ignore or one of the following : townhouse|unit apartment|retire|acreage|land|unitblock|house|villa|rural. Separated by comma for multiple options. Ex : townhouse,house,villa', '', '', '', 'In m2', '', '', '', '', '', 'Ignore or one of the following : established|new', 'Facilities you are looking for. Separated by comma for multiple options. Ex : pool,garage,etc…']}]"
0.1956469714641571,Media Service[ The API provided to producer users],https://rapidapi.com/tvu-networks-tvu-networks-default/api/media-service-the-api-provided-to-producer-users/,media-service-the-api-provided-to-producer-users.p.rapidapi.com,GET:getBaseEnv,get base env,,[{}],[{}]
0.195570170879364,Realty in US,https://rapidapi.com/apidojo/api/realty-in-us/,realty-in-us.p.rapidapi.com,GET:properties/v2/list-sold (Deprecated),List sold properties,properties,[{}],"[{'参数名': ['postal_code', 'sort', 'prop_type', 'radius', 'baths_min', 'beds_min', 'price_min', 'price_max', 'lot_sqft_min', 'lot_sqft_max', 'age_min', 'age_max', 'sqft_min', 'sqft_max', 'lat_max', 'lat_min', 'lng_max', 'lng_min'], '参数类型': ['STRING', 'STRING', 'STRING', 'NUMBER', 'NUMBER', 'NUMBER', 'NUMBER', 'NUMBER', 'NUMBER', 'NUMBER', 'NUMBER', 'NUMBER', 'NUMBER', 'NUMBER', 'NUMBER', 'NUMBER', 'NUMBER', 'NUMBER'], '参数注意事项': ['Zip code or postal code (do not use this parameter with city and state_code)', 'One of the followings : sold_date|beds_high|price_low|price_high|lot_sqft_high', 'One of the followings (separated by comma for multiple values): single_family,multi_family,condo,mobile,land,farm,other', 'Radius in miles to look for properties (1 to 20)', 'Min baths of properties', 'Min beds of properties', 'Option filter by setting min price', 'Option filter by setting max price', 'Min Lot/Acreage size', 'Max Lot/Acreage size', 'Min age of home', 'Max age of home', 'Min size of the properties', 'Max size of the properties', 'Look for properties in bounding box, this is the max latitude of the coordinate.\nHas no affect if postal_code, or city or state_code parameter has value.', 'Look for properties in bounding box, this is the min latitude of the coordinate.\nHas no affect if postal_code, or city or state_code parameter has value.', 'Look for properties in bounding box, this is the max longitude of the coordinate.\nHas no affect if postal_code, or city or state_code parameter has value.', 'Look for properties in bounding box, this is the min longitude of the coordinate.\nHas no affect if postal_code, or city or state_code parameter has value.']}]"
0.19544309377670288,Realty in US,https://rapidapi.com/apidojo/api/realty-in-us/,realty-in-us.p.rapidapi.com,POST:properties/v3/list,"List properties for sale, rent, sold with options and filters",properties,[{}],[{}]
0.19511376321315765,Dock API,https://rapidapi.com/dock-labs-ag-dock-labs-ag-default/api/dock-api1/,dock-api1.p.rapidapi.com,POST:/anchors/verify,Verify inclusion proof of documents in a merkle tree with given root. The documents are hashed to form leafs.,anchors,[{}],[{}]
0.1949298232793808,Paperlit,https://rapidapi.com/Paperlit/api/paperlit/,paperlit.p.rapidapi.com,POST:Register Transactions,Register transactions made in other stores or related to offline subscriptions,Paperlit Store,[{}],[{}]
0.19471332430839539,VIN decoder,https://rapidapi.com/theomalbucklidun/api/vin-decoder34/,vin-decoder34.p.rapidapi.com,GET:Decode,"Decode a VIN number, passing the VIN and the region (ZA , EU or US), for a region-specific VIN decode",,"[{'参数名': ['code', 'vin', 'region'], '参数类型': ['STRING', 'STRING', 'STRING'], '参数注意事项': ['', '', '']}]",[{}]
0.19470086693763733,Seloger,https://rapidapi.com/apidojo/api/seloger/,seloger.p.rapidapi.com,GET:properties/count,Count total properties returned with options and filters,,[{}],"[{'参数名': ['districtIds', 'realtyTypes', 'transactionType', 'sortBy', 'includeNewConstructions', 'minimumFloor', 'maximumFloor', 'minimumGroundArea', 'maximumGroundArea', 'minimumLivingArea', 'maximumLivingArea', 'maximumPrice', 'bedrooms', 'rooms'], '参数类型': ['STRING', 'NUMBER', 'NUMBER', 'NUMBER', 'BOOLEAN', 'NUMBER', 'NUMBER', 'NUMBER', 'NUMBER', 'NUMBER', 'NUMBER', 'NUMBER', 'STRING', 'STRING'], '参数注意事项': [""Either zipCodes OR districtIds parameter is required. The value of id fields under 'districts' JSON object returned in …/locations/search endpoint. Separated by comma for multiple values. Ex : 133051,133137,…"", 'One of the following : 1-Appartement | 2-Maison et Villa | 2048-Chateau | 128-Loft/Atelier/Surface | 4096-Hotel Particulier | 4-Parking/Box | 8-Terrain | 512-Immeuble | 1024-Batiment | 16-Boutique | 32-Local Commercial | 64-Bureau', 'One of the following : 1-Louer | 2-Acheter | 5-Viager | 6-Investir', 'One of the following : 0-Pertinence | 1-Prix croissant | 2-Prix decroissant | 10-Du + recent au + ancien | 9-Du + ancien au + recent | 5-Surface croissante | 6-Surface decroissante', 'Whether or not includes new constructions in listing', 'Filter by minimum number of floors', 'Filter by maximum number of floors', 'Filter by minimum ground area', 'Filter by maximum ground area', 'Filter by minimum living area', 'Filter by maximum living area', 'Filter by maximum price', 'Filter by number of bedrooms (1-5). Separated by comma for multiple values. Ex : 2,3', 'Filter by number of rooms (1-5). Separated by comma for multiple values. Ex : 2,3']}]"
0.19464784860610962,mikiiShop,https://rapidapi.com/mikiishop/api/mikiishop/,mikiishop.p.rapidapi.com,GET:Mikiishop,"Mikiishop với kinh nghiệm 3 năm order các mặt hàng túi xách, ví, giày nam nữ cao cấp kể cả hàng khó, tự tin sẽ giúp các quý anh chị lựa chọn được những sản phẩm fake cao cấp nhất",,[{}],[{}]
0.1945818066596985,Concord Contract Management,https://rapidapi.com/concordworldwide/api/concord-contract-management/,concordworldwide-concord-contract-management-v1.p.rapidapi.com,GET:List all Versions,Returns a list of all versions of a contract associated with a unique identifier.,,[{}],[{}]
0.19439327716827393,name,https://rapidapi.com/99panoply99-99panoply99-default/api/h1-name-h1/,h1-name-h1.p.rapidapi.com,GET:qsds,qsd,,[{}],[{}]
0.19437289237976074,Bookify,https://rapidapi.com/animeshshukla1518/api/bookify/,bookify.p.rapidapi.com,GET:getBooks,You can get all the books related to the query.,,[{}],[{}]
0.19419194757938385,whatsapp,https://rapidapi.com/nfor20/api/whatsapp78/,whatsapp78.p.rapidapi.com,GET:result,result,,[{}],[{}]
0.19411557912826538,Pamfax,https://rapidapi.com/pamfax/api/pamfax/,pamfax-pamfax.p.rapidapi.com,GET:ListStrings,Returns a list of strings translated into the given language.,Common,[{}],"[{'参数名': ['ids', 'culture'], '参数类型': ['STRING', 'STRING'], '参数注意事项': ['array of String identifiers. You may also pass a comma separated list as $ids0.', 'culture identifier, defaults to users culture. Accepts full culture-codes like en-US, de-DE and just a language code like en, de, …']}]"
0.19405029714107513,Realty in US,https://rapidapi.com/apidojo/api/realty-in-us/,realty-in-us.p.rapidapi.com,GET:properties/v3/list-similar-homes,List similar homes,properties,[{}],"[{'参数名': ['limit', 'status'], '参数类型': ['NUMBER', 'STRING'], '参数注意事项': ['The number of items per response, for paging purpose', 'One of the following : for_sale|ready_to_build|for_rent|sold|off_market|other|new_community']}]"
0.1936354637145996,LD,https://rapidapi.com/kcrbsd/api/ld/,ld.p.rapidapi.com,GET:LD,LD,,"[{'参数名': ['id'], '参数类型': ['STRING'], '参数注意事项': ['']}]",[{}]
0.1935429573059082,Yaware.TimeTracker,https://rapidapi.com/api4yaware/api/yaware-timetracker/,api4yaware-yaware-data.p.rapidapi.com,POST:getAbsentEmployees,Returns employees not being active today,,"[{'参数名': ['access_key'], '参数类型': ['STRING'], '参数注意事项': ['Example: 943d5027a30a2800f53e3b62bcbf67e2-1293709475']}]",[{}]
0.19344276189804077,Yaware.TimeTracker,https://rapidapi.com/api4yaware/api/yaware-timetracker/,api4yaware-yaware-data.p.rapidapi.com,POST:getEmployeesProductivityTime,Returns productivity time for user over some period,,[{}],[{}]
0.19293849170207977,Blog,https://rapidapi.com/tusharv/api/blog19/,blog19.p.rapidapi.com,POST:getorderbyid,for valid response try integer id,,[{}],[{}]
0.19287662208080292,Unofficial Redfin,https://rapidapi.com/apidojo/api/unofficial-redfin/,unofficial-redfin.p.rapidapi.com,GET:properties/get-amenities,Get all amenities of a property,properties,"[{'参数名': ['propertyId', 'listingId'], '参数类型': ['STRING', 'STRING'], '参数注意事项': ['The value of propertyId field returned in …/properties/list endpoint.', 'The value of listingId field returned in …/properties/list endpoint.']}]",[{}]
0.1922985315322876,AcroSuite Auther,https://rapidapi.com/AcroChannel/api/acrosuite-auther/,acrosuite-auther.p.rapidapi.com,POST:Issue Authentication,"Issue one-time or multi-time authentication access with notice mail including AccessKey and Password. Access times and validate period are defined in advance. After calling the API, you may ve...",,[{}],[{}]
0.19214116036891937,QR Code Generator with Colors,https://rapidapi.com/dot357/api/qr-code-generator-with-colors/,qr-code-generator-with-colors.p.rapidapi.com,POST:Generate QR,This end point generate qr code for you. Using hex you can generate with different set of colours. Returns base64 png image,,[{}],[{}]
0.19208814203739166,Zillow Working API,https://rapidapi.com/sorowerhossan01/api/zillow-working-api/,zillow-working-api.p.rapidapi.com,GET:/rapidapi/test2,This endpoint is for checking if rapid api is down or not.,Custom Endpoints (clients),"[{'参数名': ['propertyaddress'], '参数类型': ['STRING'], '参数注意事项': ['']}]",[{}]
0.19200165569782257,IBAN Validation,https://rapidapi.com/standingapi-standingapi-default/api/iban-validation2/,iban-validation2.p.rapidapi.com,GET:Validation Endpoint,Validating IBAN's is a critical step to reducing costly payment and other financially-related errors.,,"[{'参数名': ['iban'], '参数类型': ['STRING'], '参数注意事项': ['The IBAN to validate. Note that the API will accept white spaces, so BE71 0961 2345 6769 is considered as valid as BE71096123456769.']}]",[{}]
0.19187259674072266,PinkPer,https://rapidapi.com/pinkpercom1/api/pinkper/,pinkper.p.rapidapi.com,GET:Pink Per,"This is PinkPer, which is one of the leading brands specializing in paper cut light boxes, 3d shadow boxes and 3d silhouette light box template, glossy boxes and more recently in cutter and cricut designs. Over 300 free SVG files with designs from talented designers are added ...",,[{}],[{}]
0.19166728854179382,Docket Alarm,https://rapidapi.com/speedplane/api/docket-alarm/,docketalarm.p.rapidapi.com,GET:Get Docket,Retrieve docket information about a particular case.,Search,"[{'参数名': ['login_token', 'client_matter', 'court', 'docket'], '参数类型': ['STRING', 'STRING', 'STRING', 'STRING'], '参数注意事项': ['The login token you retrieved from the login command.', 'An invoice number to make billing easier.', 'The name of the court (retrieved using the search pacer command)', 'The docket number']}]",[{}]
0.1915116012096405,Transliteration for FMCG domain,https://rapidapi.com/reverie-language-technologies-reverie-language-technologies-default/api/transliteration-for-fmcg-domain/,transliteration-for-fmcg-domain.p.rapidapi.com,POST:transliteration,Converts the content related to FMCG into Indian Languages,,[{}],[{}]
0.19129709899425507,Realty in US,https://rapidapi.com/apidojo/api/realty-in-us/,realty-in-us.p.rapidapi.com,GET:agents/get-profile,Get agent profile,agents,"[{'参数名': ['advertiser_id', 'nrds_id'], '参数类型': ['NUMBER', 'STRING'], '参数注意事项': ['The value of advertiser_id field returned in …/agents/list endpoint', 'The value of nrds_id field returned in …/agents/list endpoint']}]",[{}]
0.19086295366287231,BetVisa,https://rapidapi.com/betvisaus/api/betvisa/,betvisa.p.rapidapi.com,GET:Betvisa,"Betvisa - betvisa.us | BetVisa chuyên giải trí cá cược game online, tỉ lệ kèo đa dạng, tỉ lệ lô đề 1 ăn 99.5, Link vào betvisa chính thức mới nhất 2022.",,[{}],[{}]
0.19080211222171783,Plagiarism Checker,https://rapidapi.com/nlp-hub-nlp-hub-default/api/plagiarism-checker1/,plagiarism-checker1.p.rapidapi.com,POST:Check Plagiarism,"High performance, and efficient plagiarism checker api",,[{}],[{}]
0.19048604369163513,Paperlit,https://rapidapi.com/Paperlit/api/paperlit/,paperlit.p.rapidapi.com,GET:Obtain Issue with Variants,Retrieve information about a specific issue with related variants,Issues,"[{'参数名': ['projectid', 'publicationid', 'issueid'], '参数类型': ['STRING', 'STRING', 'STRING'], '参数注意事项': ['', '', '']}]",[{}]
0.19048593938350677,Self-help Quotes,https://rapidapi.com/kazamos/api/self-help-quotes/,self-help-quotes.p.rapidapi.com,GET:Get a random quote from a specific book,Get a random self-help quote from a specific book by passing the book_id,,"[{'参数名': ['book_id'], '参数类型': ['STRING'], '参数注意事项': ['']}]",[{}]
0.19032645225524902,Timeneye Time Tracking,https://rapidapi.com/dmdigital/api/timeneye-time-tracking/,dmdigital-timeneye-time-tracking.p.rapidapi.com,POST:startTracking,Notifies Timeneye that the user has started working on a particular project (this information is reflected on the Status page).,,[{}],[{}]
0.19023817777633667,Dock API,https://rapidapi.com/dock-labs-ag-dock-labs-ag-default/api/dock-api1/,dock-api1.p.rapidapi.com,GET:/registries,Get all registries created by user. More info about List Registries,registries,[{}],"[{'参数名': ['offset', 'limit'], '参数类型': ['NUMBER', 'NUMBER'], '参数注意事项': ['How many items to offset by for pagination', 'How many items to return at one time (max 64)']}]"
0.19004809856414795,Consulta CPF ou CNPJ,https://rapidapi.com/agilconsulta/api/consulta-cpf-ou-cnpj/,consulta-cpf-ou-cnpj.p.rapidapi.com,POST:Homologação CPF,Consulta de CPF no ambiente de homologação,,"[{'参数名': ['cpf'], '参数类型': ['STRING'], '参数注意事项': ['']}]",[{}]
0.18987935781478882,Myanmar 2D,https://rapidapi.com/icecreamuta/api/myanmar-2d/,myanmar-2d.p.rapidapi.com,GET:Table by Date,get 2d result by date. Date must be in this pattern DD-MM-YYYY .,,"[{'参数名': ['date'], '参数类型': ['STRING'], '参数注意事项': ['']}]",[{}]
0.1898019164800644,AI Meta Description Generator,https://rapidapi.com/fortytwoai-fortytwoai-default/api/ai-meta-description-generator/,ai-meta-description-generator.p.rapidapi.com,POST:Meta Description AI,"Generate SEO/SERP optimized meta descriptions, generated by AI.",,[{}],[{}]
0.18963474035263062,Email Scraper,https://rapidapi.com/WRT/api/email-scraper/,email-scraper.p.rapidapi.com,GET:dashboard_pro_access,Call this endpoint (or click 'Test Endpoint') to get access to the dashboard with all features.,,"[{'参数名': ['get_dash_url'], '参数类型': ['STRING'], '参数注意事项': ['']}]",[{}]
0.18953678011894226,Bettingtop,https://rapidapi.com/bettingtopnet/api/bettingtop/,bettingtop.p.rapidapi.com,GET:Bettingtopnet,"Bettingtop.net chuyên Review chi tiết các nhà cái game bài, slot game, game bài đổi thưởng cá cược trực tuyến mới nhất được cập nhật liên tục mỗi ngày.",,[{}],[{}]
0.18926934897899628,Seloger,https://rapidapi.com/apidojo/api/seloger/,seloger.p.rapidapi.com,GET:properties/list-in-boundary,List properties in a bounding box with options and filters,,[{}],"[{'参数名': ['districtIds', 'realtyTypes', 'transactionType', 'sortBy', 'includeNewConstructions', 'minimumFloor', 'maximumFloor', 'minimumGroundArea', 'maximumGroundArea', 'minimumLivingArea', 'maximumLivingArea', 'maximumPrice', 'bedrooms', 'rooms'], '参数类型': ['STRING', 'NUMBER', 'NUMBER', 'NUMBER', 'BOOLEAN', 'NUMBER', 'NUMBER', 'NUMBER', 'NUMBER', 'NUMBER', 'NUMBER', 'NUMBER', 'STRING', 'STRING'], '参数注意事项': [""Either zipCodes OR districtIds parameter is required. The value of id fields under 'districts' JSON object returned in …/locations/search endpoint. Separated by comma for multiple values. Ex : 133051,133137,…"", 'One of the following : 1-Appartement | 2-Maison et Villa | 2048-Chateau | 128-Loft/Atelier/Surface | 4096-Hotel Particulier | 4-Parking/Box | 8-Terrain | 512-Immeuble | 1024-Batiment | 16-Boutique | 32-Local Commercial | 64-Bureau', 'One of the following : 1-Louer | 2-Acheter | 5-Viager | 6-Investir', 'One of the following : 0-Pertinence | 1-Prix croissant | 2-Prix decroissant | 10-Du + recent au + ancien | 9-Du + ancien au + recent | 5-Surface croissante | 6-Surface decroissante', 'Whether or not includes new constructions in listing', 'Filter by minimum number of floors', 'Filter by maximum number of floors', 'Filter by minimum ground area', 'Filter by maximum ground area', 'Filter by minimum living area', 'Filter by maximum living area', 'Filter by maximum price', 'Filter by number of bedrooms (1-5). Separated by comma for multiple values. Ex : 2,3', 'Filter by number of rooms (1-5). Separated by comma for multiple values. Ex : 2,3']}]"
0.1891438364982605,Random 1001 Functions,https://rapidapi.com/tec-2-scale-tec-2-scale-default/api/random-1001-functions/,random-1001-functions.p.rapidapi.com,POST:Getrandomname,"Introducing the GetRandomName feature, a convenient tool for generating unique and diverse names on-demand. Perfect for fictional characters, user profiles, or creative projects, effortlessly generate names without the hassle.",,[{}],[{}]
0.1888565868139267,PlayTVs,https://rapidapi.com/Thawtarlamin/api/playtvs/,playtvs.p.rapidapi.com,GET:HightLight,highlight,,[{}],[{}]
0.18846353888511658,Pamfax,https://rapidapi.com/pamfax/api/pamfax/,pamfax-pamfax.p.rapidapi.com,GET:ListTimezones,List all supported timezones. TimezonesList result list will contain attributes 'default' and (if a user is logged in) 'user_timezone' which contain that values. Additionally the corresponding list entries are marked with attributes 'is_default' and 'is_user_timezone'.,Common,"[{'参数名': ['apikey', 'apicheck'], '参数类型': ['STRING', 'STRING'], '参数注意事项': ['description', 'description']}]",[{}]
0.18843339383602142,OFAC Service,https://rapidapi.com/archieamarsanaa/api/ofac-service/,ofac-service.p.rapidapi.com,GET:GET /data/entity/{uid},Gets an entity record by uid.,,"[{'参数名': ['uid'], '参数类型': ['NUMBER'], '参数注意事项': ['']}]",[{}]
0.18840239942073822,Calendar,https://rapidapi.com/tstep916/api/calendar22/,calendar22.p.rapidapi.com,GET:Read calendar,Get the information associated with a calendar. Queried by the ID returned in creation.,,"[{'参数名': ['calendarId'], '参数类型': ['STRING'], '参数注意事项': ['']}]",[{}]
0.1884005069732666,Woo-temp,https://rapidapi.com/matigrat/api/woo-temp/,woo-temp.p.rapidapi.com,GET:levels,Get levels,,[{}],[{}]
0.1881943941116333,Business Starter API,https://rapidapi.com/Bmbus/api/business-starter-api/,business-starter-api.p.rapidapi.com,GET:Business Idea,Generate a business idea,,[{}],[{}]
0.18818974494934082,Nivito,https://rapidapi.com/AndrewSchaaf1652092570/api/nivito3/,nivito3.p.rapidapi.com,GET:nivito,nivito,,[{}],[{}]
0.18810150027275085,Calendar,https://rapidapi.com/tstep916/api/calendar22/,calendar22.p.rapidapi.com,GET:Read calendars,Get the calendar IDs associated with your user.,,[{}],[{}]
0.18766385316848755,Useful Business 1001 Functions,https://rapidapi.com/tec-2-scale-tec-2-scale-default/api/useful-business-1001-functions/,useful-business-1001-functions.p.rapidapi.com,POST:IsWeekendDetctor,"The ""IsWeekendDetector"" endpoint is an API that detects whether a given date is a weekend or not.",Business,[{}],[{}]
0.1876111775636673,Realty in US,https://rapidapi.com/apidojo/api/realty-in-us/,realty-in-us.p.rapidapi.com,GET:properties/v3/get-commute-time,Get commute time to travel to a location,properties,[{}],"[{'参数名': ['transportation_type', 'with_traffic'], '参数类型': ['STRING', 'BOOLEAN'], '参数注意事项': ['One of the following : bicycling|driving|transit|walking', 'Whether or not calculate the time in rush hours']}]"
0.18742793798446655,REST COUNTRY,https://rapidapi.com/santrarahul7070/api/rest-country/,rest-country.p.rapidapi.com,GET:Calling by Alpha Code 3,Calling by Alpha Code 3,,"[{'参数名': ['alpha3code'], '参数类型': ['STRING'], '参数注意事项': ['']}]",[{}]
0.18671458959579468,Import Export Verification,https://rapidapi.com/idfy-idfy-default/api/import-export-verification/,import-export-verification.p.rapidapi.com,POST:Import Export Verification,"Make your onboarding process safer, faster, and smarter by verifying the legitimacy of your merchants by using their import export certification.",,[{}],[{}]
0.18670368194580078,Currencystack,https://rapidapi.com/Currencystack/api/currencystack/,currencystack.p.rapidapi.com,GET:/currency,Get the latest currency conversion data for a particular currency.,,"[{'参数名': ['target', 'base'], '参数类型': ['STRING', 'STRING'], '参数注意事项': ['Target currency', 'Base currency']}]",[{}]
0.1865246593952179,Fake Brightcove,https://rapidapi.com/siltest/api/fake-brightcove/,fake-brightcove.p.rapidapi.com,GET:Temp Upload URLs,Generate Temp Upload URLs,,"[{'参数名': ['source_name', 'video_id', 'account_id'], '参数类型': ['STRING', 'STRING', 'STRING'], '参数注意事项': ['', '', '']}]",[{}]
0.18642812967300415,Procoders,https://rapidapi.com/procoders-tech-procoders-tech-default/api/procoders1/,procoders1.p.rapidapi.com,GET:procoders,procoders,,[{}],[{}]
0.1864183247089386,SEA Games 31,https://rapidapi.com/seagamesinfo/api/sea-games-31/,sea-games-31.p.rapidapi.com,GET:SEA Games 31,"Cổng thông tin chính thức của SEA Games 31 - Việt Nam 2021. Đại hội Thể thao Đông Nam Á 2021. Đại hội Thể thao Đông Nam Á - SEA Games 2021, sẽ diễn ra ở Hà Nội, Việt Nam từ ngày 12 tháng 5 đến ngày 23 tháng 5 năm 2022.
Website",,[{}],[{}]
0.18639396131038666,EU-LOTL Certificate Validation,https://rapidapi.com/Trust1Team/api/eu-lotl-certificate-validation/,trust1team-eu-lotl-certificate-validation-v1.p.rapidapi.com,POST:Validate Certificate Chain,"This endpoint validates a Certificate chain and performs an OCSP/CRL check. The first certificate must be the leaf certificate, followed by one or more intermediate certificates. The last certificate in the chain must be the root issuer. The leaf certificate should start with ...",Certificates,[{}],[{}]
0.1863471418619156,Oanh viela,https://rapidapi.com/Oanhviela/api/oanh-viela/,oanhviela-oanh-viela-v1.p.rapidapi.com,POST:Oanh viela API,Oanh viela API,,[{}],[{}]
0.18631625175476074,автомобілі,https://rapidapi.com/m7rrb0b8me/api/avtomobili/,avtomobili.p.rapidapi.com,GET:автомобілі,автомобілі,,"[{'参数名': ['dysk'], '参数类型': ['STRING'], '参数注意事项': ['']}]",[{}]
0.18629804253578186,Yaware.TimeTracker,https://rapidapi.com/api4yaware/api/yaware-timetracker/,api4yaware-yaware-data.p.rapidapi.com,POST:getPresentEmployees,Returns employees being active today,,"[{'参数名': ['access_key'], '参数类型': ['STRING'], '参数注意事项': ['Example: 943d5027a30a2800f53e3b62bcbf67e2-1293709475']}]",[{}]
0.18627160787582397,Paperlit,https://rapidapi.com/Paperlit/api/paperlit/,paperlit.p.rapidapi.com,GET:Get Transactions,Get the user transactions,App Accounts,"[{'参数名': ['paperlitid', 'projectid'], '参数类型': ['STRING', 'STRING'], '参数注意事项': ['the id retrieved form the login app account call', 'the project']}]",[{}]
0.1862097531557083,Business Starter API,https://rapidapi.com/Bmbus/api/business-starter-api/,business-starter-api.p.rapidapi.com,GET:Businessplan,Generate a Businessplan for your idea,,"[{'参数名': ['idea'], '参数类型': ['STRING'], '参数注意事项': ['']}]",[{}]
0.18574358522891998,Find Vehicle,https://rapidapi.com/quantum4u-lab-pvt-ltd-quantum4u-lab-pvt-ltd-default/api/find-vehicle/,find-vehicle.p.rapidapi.com,GET:quantum4u,test,,[{}],[{}]
0.18554112315177917,,https://rapidapi.com/panoply1/api/img-src-x2/,img-src-x2.p.rapidapi.com,GET:ds,test,,[{}],[{}]
0.1849687695503235,Paperlit,https://rapidapi.com/Paperlit/api/paperlit/,paperlit.p.rapidapi.com,GET:Issue,Retrieve information about a specific issue,Issues,"[{'参数名': ['projectid', 'publicationid', 'issueid'], '参数类型': ['STRING', 'STRING', 'STRING'], '参数注意事项': ['', '', '']}]",[{}]
0.1849057376384735,Realty in US,https://rapidapi.com/apidojo/api/realty-in-us/,realty-in-us.p.rapidapi.com,GET:properties/v2/list-similar-rental-homes (Deprecated),List similar properties for rent,properties,"[{'参数名': ['postal_code', 'property_id'], '参数类型': ['STRING', 'STRING'], '参数注意事项': ['The value of postal_code field returned in all list endpoints', 'The value of property_id field returned in …/properties/list-…. or …/properties/v2/list-… endpoints.']}]",[{}]
0.18448370695114136,Dock API,https://rapidapi.com/dock-labs-ag-dock-labs-ag-default/api/dock-api1/,dock-api1.p.rapidapi.com,GET:/anchors,Get all anchors created by user. More info about List Anchors,anchors,[{}],"[{'参数名': ['offset', 'limit'], '参数类型': ['NUMBER', 'NUMBER'], '参数注意事项': ['How many items to offset by for pagination', 'How many items to return at one time (max 64)']}]"
0.18442310392856598,Yaware.TimeTracker,https://rapidapi.com/api4yaware/api/yaware-timetracker/,api4yaware-yaware-data.p.rapidapi.com,POST:getReportByDay,Generate report by given date,,[{}],"[{'参数名': ['group', 'user'], '参数类型': ['STRING', 'STRING'], '参数注意事项': ['Group ID', 'User ID']}]"
0.1843663454055786,ev,https://rapidapi.com/ivanyolgin--9AX_QCYTOW/api/ev1/,ev1.p.rapidapi.com,GET:ev,"get data, place parameter page to paginate list by 1000 object. ex.: ?page=2",,[{}],"[{'参数名': ['page'], '参数类型': ['NUMBER'], '参数注意事项': ['']}]"
0.18416646122932434,Texploro,https://rapidapi.com/inpro/api/texploro3/,texploro3.p.rapidapi.com,GET:All,Returns all documents,,[{}],"[{'参数名': ['languages[]', 'languages[]', 'languages[]'], '参数类型': ['STRING', 'STRING', 'STRING'], '参数注意事项': ['', '', '']}]"
0.1835179626941681,Myanmar 2D,https://rapidapi.com/icecreamuta/api/myanmar-2d/,myanmar-2d.p.rapidapi.com,GET:Today,Get today 2D Table,,[{}],[{}]
0.1832641363143921,Huge context LLM,https://rapidapi.com/lapidh/api/huge-context-llm/,huge-context-llm.p.rapidapi.com,POST:answer,gives an answer from a given context to a given question,,[{}],[{}]
0.18284955620765686,Unofficial Redfin,https://rapidapi.com/apidojo/api/unofficial-redfin/,unofficial-redfin.p.rapidapi.com,GET:properties/get-estimate,Get Redfin's estimate of a property,properties,"[{'参数名': ['propertyId', 'listingId'], '参数类型': ['STRING', 'STRING'], '参数注意事项': ['The value of propertyId field returned in …/properties/list endpoint.', 'The value of listingId field returned in …/properties/list endpoint.']}]",[{}]
0.18258443474769592,hyhryh,https://rapidapi.com/aliha15551/api/hyhryh/,hyhryh.p.rapidapi.com,GET:fdvfv,dfbvv,,[{}],[{}]
0.18252107501029968,Useful Business 1001 Functions,https://rapidapi.com/tec-2-scale-tec-2-scale-default/api/useful-business-1001-functions/,useful-business-1001-functions.p.rapidapi.com,POST:CalculateBody-MassIndex(BMI),Takes two attributes height and weight to calculate and return the corresponding category in the body-mass index.,Business,[{}],[{}]
0.18226537108421326,Yaware.TimeTracker,https://rapidapi.com/api4yaware/api/yaware-timetracker/,api4yaware-yaware-data.p.rapidapi.com,POST:getSummaryByPeriod,Returns summary by period,,[{}],"[{'参数名': ['user', 'groupedBy[]'], '参数类型': ['STRING', 'STRING'], '参数注意事项': ['User ID', 'Group result by: day || week || month']}]"
0.18213708698749542,Yaware.TimeTracker,https://rapidapi.com/api4yaware/api/yaware-timetracker/,api4yaware-yaware-data.p.rapidapi.com,POST:getAbsentUsers,Returns users not being active today,,"[{'参数名': ['access_key'], '参数类型': ['STRING'], '参数注意事项': ['Example: 943d5027a30a2800f53e3b62bcbf67e2-1293709475']}]",[{}]
0.18202811479568481,Bayut,https://rapidapi.com/apidojo/api/bayut/,bayut.p.rapidapi.com,GET:properties/list,List properties with options and filters,,[{}],"[{'参数名': ['purpose', 'hitsPerPage', 'page', 'lang', 'sort', 'rentFrequency', 'categoryExternalID', 'agencyExternalIDs', 'priceMin', 'priceMax', 'areaMin', 'areaMax', 'roomsMin', 'roomsMax', 'bathsMin', 'bathsMax', 'furnishingStatus', 'hasVideo', 'hasFloorPlan', 'hasPanorama'], '参数类型': ['STRING', 'NUMBER', 'NUMBER', 'STRING', 'STRING', 'STRING', 'NUMBER', 'STRING', 'NUMBER', 'NUMBER', 'NUMBER', 'NUMBER', 'NUMBER', 'NUMBER', 'NUMBER', 'NUMBER', 'STRING', 'BOOLEAN', 'BOOLEAN', 'BOOLEAN'], '参数注意事项': ['One of the following : for-rent|for-sale', 'For paging purpose', 'For paging purpose', 'One of the following : en|ar', 'One of the following : price-desc|price-asc|city-level-score|date-desc|verified-score', 'One of the following : monthly|yearly|weekly|daily', 'Apartment -> 4|Townhouses -> 16|Villas -> 3|Penthouses -> 18|Hotel Apartments -> 21|Villa Compound -> 19|Residential Plot -> 14|Residential Floor -> 12|Residential Building -> 17|Office -> 5|Shop -> 6|Warehouse -> 7|Labour camp -> 9|Commercial Villa -> 25|Bulk Units -> 20|Commercial Plot -> 15|Commercial Floor -> 13|Commercial Building -> 10|Factory -> 8|Industrial Land -> 22|Mixed Use Land -> 23|Showroom -> 24|Other Commercial -> 11', 'The externalID fields returned in …/agencies/list endpoint. Separated by comma for multiple agencies. Ex : 7737,5002', '', '', '', '', '', '', '', '', 'One of the following : unfurnished|furnished', '', '', '']}]"
0.18183168768882751,CalendarEvents,https://rapidapi.com/fraigo/api/calendarevents/,calendarevents.p.rapidapi.com,GET:Calendar Events,Retrieve Google Calendar Events from a public calendar,,[{}],"[{'参数名': ['months'], '参数类型': ['NUMBER'], '参数注意事项': ['Number of months of events to retireve.\nDefault is 2. Max is 12.']}]"
0.18180596828460693,Pamfax,https://rapidapi.com/pamfax/api/pamfax/,pamfax-pamfax.p.rapidapi.com,GET:VerifyUser,Verifies a PamFax user via username/password,Session,"[{'参数名': ['apikey', 'apicheck', 'username', 'password'], '参数类型': ['STRING', 'STRING', 'STRING', 'STRING'], '参数注意事项': ['description', 'description', ""Username of the user or the md5 of user's username. That's what he has entered when he registered"", 'The password (or the md5 of the password) that the user entered in the registration process for the given username (case sensitive)']}]",[{}]
0.1814953088760376,Dock API,https://rapidapi.com/dock-labs-ag-dock-labs-ag-default/api/dock-api1/,dock-api1.p.rapidapi.com,GET:/anchors/{anchor},Gets a specific anchor by ID,anchors,"[{'参数名': ['anchor'], '参数类型': ['STRING'], '参数注意事项': ['An anchor']}]",[{}]
0.1814277172088623,User Auth,https://rapidapi.com/tvu-networks-tvu-networks-default/api/user-auth2/,user-auth2.p.rapidapi.com,GET:getInfoJSON,get user by session,,"[{'参数名': ['session'], '参数类型': ['STRING'], '参数注意事项': ['']}]",[{}]
0.181354358792305,test ecohub marketplace,https://rapidapi.com/rahman.abdur4420/api/test-ecohub-marketplace/,test-ecohub-marketplace.p.rapidapi.com,GET:get all posts,get all posts description,,[{}],[{}]
0.18135285377502441,Dock API,https://rapidapi.com/dock-labs-ag-dock-labs-ag-default/api/dock-api1/,dock-api1.p.rapidapi.com,POST:/credentials,Creates and issues a verifiable credential with supplied data. More info about Issue a Credential,credentials,[{}],[{}]
0.1813221424818039,imglory,https://rapidapi.com/imgloryco/api/imglory/,imglory.p.rapidapi.com,GET:IMGlory,"IMGlory is a membership site that sharing all the MMO courses from big authors around of the world, all in one place",,[{}],[{}]
0.1811639368534088,eSignly,https://rapidapi.com/esignly/api/esignly/,esignly.p.rapidapi.com,GET:API EndPoint,main end point to access api,,[{}],"[{'参数名': ['v1'], '参数类型': ['STRING'], '参数注意事项': ['']}]"
0.1810915768146515,EmailSendAPI - Send Emails with custom domains,https://rapidapi.com/jmctaba/api/emailsendapi-send-emails-with-custom-domains/,emailsendapi-send-emails-with-custom-domains.p.rapidapi.com,POST:send_mail,"The /send_mail endpoint allows you to send emails programmatically by making a POST request to the API. It provides a convenient way to automate email sending from your applications, services, or systems.",,[{}],[{}]
0.18106675148010254,Realty in US,https://rapidapi.com/apidojo/api/realty-in-us/,realty-in-us.p.rapidapi.com,GET:properties/v2/list-by-mls (Deprecated),List properties by MLS ID,properties,[{}],"[{'参数名': ['prop_status', 'offset', 'limit'], '参数类型': ['STRING', 'NUMBER', 'NUMBER'], '参数注意事项': ['One of the followings : for_sale|for_rent|recently_sold', 'The offset of items to be ignored in response for paging', 'The number of items per response']}]"
0.18106432259082794,PlayTVs,https://rapidapi.com/Thawtarlamin/api/playtvs/,playtvs.p.rapidapi.com,GET:Live TV,tvScreen,,[{}],[{}]
0.1810237169265747,currencylayer,https://rapidapi.com/apilayer/api/currencylayer/,apilayer-currencylayer-v1.p.rapidapi.com,"GET:""timeframe"" endpoint - request exchange rates for a specified timeframe","Appending a valid ""start_date"" and ""end_date"", the API's ""timeframe"" endpoint will return exchange rates for this specified period.",,[{}],"[{'参数名': ['currencies', 'source'], '参数类型': ['STRING', 'STRING'], '参数注意事项': ['""currencies"" - request only specific currencies (e.g. EUR,CAD,GBP)', '""source"" - the currency to which all other exchange rates are relative (""Source Currency"")']}]"
0.18015757203102112,Calendar,https://rapidapi.com/tstep916/api/calendar22/,calendar22.p.rapidapi.com,GET:Read events,Read events within a given date and time range on a calendar with calendar ID,,"[{'参数名': ['calendarId', 'startTime', 'endTime'], '参数类型': ['STRING', 'STRING', 'STRING'], '参数注意事项': ['', '', '']}]",[{}]
0.1801377236843109,december,https://rapidapi.com/eranb/api/december/,december.p.rapidapi.com,GET:end,point,,[{}],[{}]
0.17971421778202057,Unofficial Redfin,https://rapidapi.com/apidojo/api/unofficial-redfin/,unofficial-redfin.p.rapidapi.com,GET:properties/get-walk-score,Get walk score of a property,properties,"[{'参数名': ['propertyId', 'listingId'], '参数类型': ['STRING', 'STRING'], '参数注意事项': ['The value of propertyId field returned in …/properties/list endpoint.', 'The value of listingId field returned in …/properties/list endpoint.']}]",[{}]
0.17940640449523926,mgs,https://rapidapi.com/kaynat1234/api/mgs2/,mgs2.p.rapidapi.com,GET:blogs_copy,MGS Blogs,,[{}],[{}]
0.17907120287418365,CalAPI,https://rapidapi.com/riteshtyagi/api/calapi/,calapi.p.rapidapi.com,GET:AddNumbers,Add 2 numbers,,"[{'参数名': ['valA', 'valB'], '参数类型': ['NUMBER', 'NUMBER'], '参数注意事项': ['', '']}]",[{}]
0.1788407862186432,Yaware.TimeTracker,https://rapidapi.com/api4yaware/api/yaware-timetracker/,api4yaware-yaware-data.p.rapidapi.com,POST:getEmployeesWorkedHours,Returns the employee's total working hours over some period,,"[{'参数名': ['access_key', 'dateFrom', 'dateTo', 'employeeId'], '参数类型': ['STRING', 'STRING', 'STRING', 'STRING'], '参数注意事项': ['Example: 943d5027a30a2800f53e3b62bcbf67e2-1293709475', 'Start date', 'End date', 'ID of employee']}]",[{}]
0.17883597314357758,currencylayer,https://rapidapi.com/apilayer/api/currencylayer/,apilayer-currencylayer-v1.p.rapidapi.com,"GET:""convert"" endpoint - convert any amount from one currency to another","The ""convert"" endpoint lets you convert any amount from one currency to another using real-time exchange rates. If you append an additional ""date"" parameter, exchange rates of the specified dates will be used for your conversion.",,[{}],"[{'参数名': ['date'], '参数类型': ['STRING'], '参数注意事项': ['""date"" (format: YYYY-MM-DD) - perform the conversion with historical data from the date you specify']}]"
0.1774541288614273,ZenPayroll,https://rapidapi.com/zenpayroll/api/zenpayroll/,community-zenpayroll.p.rapidapi.com,GET:/api/v1/companies/:company_id,Returns: Get information about a particular company,Companies,"[{'参数名': ['access_token', 'company_id'], '参数类型': ['STRING', 'STRING'], '参数注意事项': ['See http://docs.zenpayroll.com/v1/examples/authentication/', '']}]",[{}]
0.17727455496788025,test,https://rapidapi.com/chinmayg015/api/test14394/,test14394.p.rapidapi.com,GET:test,test,,[{}],"[{'参数名': ['wallet_address'], '参数类型': ['STRING'], '参数注意事项': ['']}]"
0.17720498144626617,Realty Mole Property,https://rapidapi.com/realtymole/api/realty-mole-property-api/,realty-mole-property-api.p.rapidapi.com,GET:Property Rental Listing by Id,"Returns a single property rental listing matching the specified id, if it exists. Property ids can be obtained via the /properties, /saleListings or /rentalListings endpoints.",Property Listings,"[{'参数名': ['propertyId'], '参数类型': ['STRING'], '参数注意事项': ['The id of the property listing to return']}]",[{}]
0.17687249183654785,Paperlit,https://rapidapi.com/Paperlit/api/paperlit/,paperlit.p.rapidapi.com,GET:List Projects,Projects that the user has access to,Projects,[{}],[{}]
0.17624521255493164,resumetsy,https://rapidapi.com/edeveloper17/api/resumetsy/,resumetsy.p.rapidapi.com,POST:/api/coverletter,Endpoint Name: Personalized Cover Letter Generator,,[{}],[{}]
0.176113560795784,YC Hacker news official,https://rapidapi.com/RapidDevRel/api/yc-hacker-news-official/,yc-hacker-news-official.p.rapidapi.com,GET:top stories,Returns the current top 100 stories.,,[{}],[{}]
0.1758890450000763,CONTUS MirrorFly,https://rapidapi.com/professional-blogger-professional-blogger-default/api/contus-mirrorfly/,contus-mirrorfly.p.rapidapi.com,GET:Sample,Sample,,[{}],[{}]
0.17551873624324799,Concord Contract Management,https://rapidapi.com/concordworldwide/api/concord-contract-management/,concordworldwide-concord-contract-management-v1.p.rapidapi.com,GET:Get last Version,Returns the latest version of a contract based upon the unique identifier passed as a parameter.,,[{}],[{}]
0.1749509572982788,Dock API,https://rapidapi.com/dock-labs-ag-dock-labs-ag-default/api/dock-api1/,dock-api1.p.rapidapi.com,POST:/dids/{did}/export,Exports the DID document and keys as an encrypted Universal Wallet JSON-LD document,dids,[{}],[{}]
0.17454898357391357,PDF Converter,https://rapidapi.com/AtticSoftware/api/pdf-converter/,atticsoftware-pdf-converter-v1.p.rapidapi.com,POST:Convert File,"Converts pdf files to html, docx, xlsx, json and txt files",,[{}],[{}]
0.17446368932724,https://docs.apis.is/,https://rapidapi.com/disvonatewi/api/https-docs-apis-is/,https-docs-apis-is.p.rapidapi.com,GET:authenticate,Authenticate,,[{}],[{}]
0.1740972250699997,Price Generator,https://rapidapi.com/lundysolutions/api/price-generator/,price-generator.p.rapidapi.com,GET:Calculate Revenue After Fees,"Calculate the revenue you are left with once fees, you may wish to charge or you may be charged in addition to the amount of revenue you'd like to make per transaction, have been accounted for.",,[{}],"[{'参数名': ['decimal_places'], '参数类型': ['STRING'], '参数注意事项': ['The number of decimal places to round the final price to.\nIf your currency only uses whole numbers use 0 for this value.\nThis value defaults to 2 decimal places if not specified.']}]"
0.17407628893852234,Rotating Proxies,https://rapidapi.com/proxyrotator/api/rotating-proxies/,rotating-proxy-api.p.rapidapi.com,GET:Rotating Proxy API,API will respond with a random proxy currently active in the pool upon each request.,,"[{'参数名': ['apiKey'], '参数类型': ['STRING'], '参数注意事项': ['Signup at https://www.proxyrotator.com to receive a free apiKey.']}]",[{}]
0.17392781376838684,Paperlit,https://rapidapi.com/Paperlit/api/paperlit/,paperlit.p.rapidapi.com,GET:List Subscriptions,List of subscription products,Paperlit Store,"[{'参数名': ['projectid'], '参数类型': ['STRING'], '参数注意事项': ['']}]",[{}]
0.17347562313079834,Domainr,https://rapidapi.com/domainr/api/domainr/,domainr.p.rapidapi.com,GET:/v2/status,Check domain availability.,v2,"[{'参数名': ['mashape-key', 'domain'], '参数类型': ['STRING', 'STRING'], '参数注意事项': ['Your RapidAPI API key', 'A single domain to check.']}]",[{}]
0.17344427108764648,Thuasd,https://rapidapi.com/raymonddavis186/api/thuasd/,thuasd.p.rapidapi.com,GET:sssssss,saaaaaaaaaaaa,,[{}],"[{'参数名': ['query'], '参数类型': ['STRING'], '参数注意事项': ['']}]"
0.1727588027715683,YC Hacker news official,https://rapidapi.com/RapidDevRel/api/yc-hacker-news-official/,yc-hacker-news-official.p.rapidapi.com,GET:job stories,Up to 200 of the latest Job HN Stories!,,[{}],[{}]
0.17270514369010925,QR Code Generator,https://rapidapi.com/progwhiz1/api/qr-code-generator109/,qr-code-generator109.p.rapidapi.com,POST:createqrcode,"The Progwhiz QR Generator empowers Companies & Individuals
the ability to Easily Create & Integrate Professional QR Codes.",,[{}],[{}]
0.1725558191537857,Yaware.TimeTracker,https://rapidapi.com/api4yaware/api/yaware-timetracker/,api4yaware-yaware-data.p.rapidapi.com,POST:getSummaryByDay,Returns summary by day,,[{}],"[{'参数名': ['group', 'user', 'groupedBy[]'], '参数类型': ['STRING', 'STRING', 'STRING'], '参数注意事项': ['Group ID', 'User ID', 'Group result by: day || week || month']}]"
0.17255017161369324,Paperlit,https://rapidapi.com/Paperlit/api/paperlit/,paperlit.p.rapidapi.com,GET:List Children Items,List of items that are children of the specific item,Channel Items,"[{'参数名': ['projectid', 'channelid', 'itemid'], '参数类型': ['STRING', 'STRING', 'STRING'], '参数注意事项': ['', '', '']}]",[{}]
0.17251358926296234,Paperlit,https://rapidapi.com/Paperlit/api/paperlit/,paperlit.p.rapidapi.com,GET:List Publications,List of publications included in the specified project,Publications,"[{'参数名': ['projectid'], '参数类型': ['STRING'], '参数注意事项': ['']}]",[{}]
0.1723674088716507,Realty Mole Property,https://rapidapi.com/realtymole/api/realty-mole-property-api/,realty-mole-property-api.p.rapidapi.com,GET:Property Sale Listing by Id,"Returns a single property sale listing matching the specified id, if it exists. Property ids can be obtained via the /properties, /saleListings or /rentalListings endpoints.",Property Listings,"[{'参数名': ['propertyId'], '参数类型': ['STRING'], '参数注意事项': ['The id of the property listing to return']}]",[{}]
0.1721314787864685,Myanmar 2D,https://rapidapi.com/icecreamuta/api/myanmar-2d/,myanmar-2d.p.rapidapi.com,GET:2D,get current 2d statistic.,,[{}],[{}]
0.17162883281707764,YC Hacker news official,https://rapidapi.com/RapidDevRel/api/yc-hacker-news-official/,yc-hacker-news-official.p.rapidapi.com,GET:best stories,Returns up to the current best 500 stories.,,[{}],[{}]
0.1713249832391739,Fake Brightcove,https://rapidapi.com/siltest/api/fake-brightcove/,fake-brightcove.p.rapidapi.com,POST:Ingest Video,Ingest Video,,[{}],[{}]
0.17081782221794128,generar codigos qr Seguros Bolivar,https://rapidapi.com/henry-ANvNL4D9C/api/generar-codigos-qr-seguros-bolivar/,generar-codigos-qr-seguros-bolivar.p.rapidapi.com,GET:generar,generar qr,,[{}],[{}]
0.1705951690673828,QuoteAPI,https://rapidapi.com/iamkhader/api/quoteapi/,iamkhader-quotapi-v1.p.rapidapi.com,GET:/quotes/{symbol},gets the quotes of the stock for the last 60 days,,"[{'参数名': ['symbol'], '参数类型': ['STRING'], '参数注意事项': ['']}]",[{}]
0.17013806104660034,vpngate,https://rapidapi.com/yemingfeng-Il9MSBXaM/api/vpngate4/,vpngate4.p.rapidapi.com,GET:vpngate,get vpngate nodes,,[{}],[{}]
0.17007605731487274,Dock API,https://rapidapi.com/dock-labs-ag-dock-labs-ag-default/api/dock-api1/,dock-api1.p.rapidapi.com,POST:/messaging/verify,Verifies a JWS in its compacted form,messaging,[{}],[{}]
0.17005470395088196,Currency Converter,https://rapidapi.com/neeraga/api/currency-converter11/,currency-converter11.p.rapidapi.com,GET:Currency Convert,This endpoint will convert currency from one type to another.,MailChimp,"[{'参数名': ['to', 'from', 'amount'], '参数类型': ['STRING', 'STRING', 'NUMBER'], '参数注意事项': ['', '', '']}]",[{}]
0.1697450876235962,Dock API,https://rapidapi.com/dock-labs-ag-dock-labs-ag-default/api/dock-api1/,dock-api1.p.rapidapi.com,GET:/registries/{id},"Get the details of an existing registry, such as policy, add-only status, when it was last updated, and controller(s). More info about Get Registry",registries,"[{'参数名': ['id'], '参数类型': ['STRING'], '参数注意事项': ['Registry Id']}]",[{}]
0.16950801014900208,Dock API,https://rapidapi.com/dock-labs-ag-dock-labs-ag-default/api/dock-api1/,dock-api1.p.rapidapi.com,POST:/messaging/encrypt,Messaging encrypt,messaging,[{}],[{}]
0.16939473152160645,KEKKH,https://rapidapi.com/nachopkeybeauti/api/kekkh/,kekkh.p.rapidapi.com,GET:kekkh,api,default,[{}],"[{'参数名': ['client_key', 'client_secret', 'search', 'output'], '参数类型': ['STRING', 'NUMBER', 'STRING', 'STRING'], '参数注意事项': ['', '', '', '']}]"
0.16938672959804535,Unofficial Redfin,https://rapidapi.com/apidojo/api/unofficial-redfin/,unofficial-redfin.p.rapidapi.com,GET:properties/get-tour-insights,Get tour insights of a property,properties,"[{'参数名': ['propertyId', 'listingId'], '参数类型': ['STRING', 'STRING'], '参数注意事项': ['The value of propertyId field returned in …/properties/list endpoint.', 'The value of listingId field returned in …/properties/list endpoint.']}]",[{}]
0.16908082365989685,Yaware.TimeTracker,https://rapidapi.com/api4yaware/api/yaware-timetracker/,api4yaware-yaware-data.p.rapidapi.com,POST:getDynamicByGroups,Get dynamics of groups time over some period,,[{}],[{}]
0.1688159704208374,Paperlit,https://rapidapi.com/Paperlit/api/paperlit/,paperlit.p.rapidapi.com,GET:Channel,Retrieve information about a specific channel,Feed Channels,"[{'参数名': ['projectid', 'channelid'], '参数类型': ['STRING', 'STRING'], '参数注意事项': ['', '']}]",[{}]
0.16880935430526733,apidesign,https://rapidapi.com/esmaeel.nemati/api/apidesign/,apidesign.p.rapidapi.com,GET:restApiDeSend,restApiDeSend,,[{}],[{}]
0.16853532195091248,Realty in US,https://rapidapi.com/apidojo/api/realty-in-us/,realty-in-us.p.rapidapi.com,GET:properties/v2/detail (Deprecated),Get property detail information,properties,"[{'参数名': ['property_id'], '参数类型': ['STRING'], '参数注意事项': ['The value of property_id field returned in …/properties/list-…. or …/properties/v2/list-… endpoints.']}]",[{}]
0.16851601004600525,login,https://rapidapi.com/ecologyk/api/login467/,login467.p.rapidapi.com,POST:Recuperar senha,logged brbcard,,[{}],[{}]
0.16826294362545013,trongoogol,https://rapidapi.com/smirnovvvasyl/api/trongoogol/,trongoogol.p.rapidapi.com,POST:trongoogol,@@@,,[{}],[{}]
0.1673838049173355,My public interface,https://rapidapi.com/panoply1/api/my-public-interface/,my-public-interface.p.rapidapi.com,GET:Root endpoint,Description,,[{}],[{}]
0.1673354059457779,Media Service[ The API provided to producer users],https://rapidapi.com/tvu-networks-tvu-networks-default/api/media-service-the-api-provided-to-producer-users/,media-service-the-api-provided-to-producer-users.p.rapidapi.com,POST:ListOutputAccount,query output account list,,[{}],[{}]
0.16724692285060883,Yaware.TimeTracker,https://rapidapi.com/api4yaware/api/yaware-timetracker/,api4yaware-yaware-data.p.rapidapi.com,POST:getPresentUsers,Returns users being active today,,"[{'参数名': ['access_key'], '参数类型': ['STRING'], '参数注意事项': ['Example: 943d5027a30a2800f53e3b62bcbf67e2-1293709475']}]",[{}]
0.1670001894235611,Woo-temp,https://rapidapi.com/matigrat/api/woo-temp/,woo-temp.p.rapidapi.com,GET:product_category,get product category,,[{}],[{}]
0.16693291068077087,Domain Logo Scraper API,https://rapidapi.com/zyla-labs-zyla-labs-default/api/domain-logo-scraper-api/,domain-logo-scraper-api.p.rapidapi.com,POST:Logo Extractor,This endpoint will allow you to extract the Logo from any domain of your preference.,,[{}],[{}]
0.16684068739414215,Route planner,https://rapidapi.com/geoapify-gmbh-geoapify/api/route-planner/,route-planner.p.rapidapi.com,GET:Route and directions,"Calculate route between provided waypoints, including turn by turn directions",,"[{'参数名': ['waypoints', 'mode'], '参数类型': ['STRING', 'STRING'], '参数注意事项': ['List of two or more lat,lon coordinates, separated by the pipe symbol \\""|\\""', 'Routing mode - drive, truck, bicycle, walk or transit']}]",[{}]
0.16668656468391418,Paperlit,https://rapidapi.com/Paperlit/api/paperlit/,paperlit.p.rapidapi.com,POST:Login App Account,User's credentials,App Accounts,[{}],[{}]
0.16659891605377197,Yaware.TimeTracker,https://rapidapi.com/api4yaware/api/yaware-timetracker/,api4yaware-yaware-data.p.rapidapi.com,POST:getReportByPeriod,Generate report by given period,,[{}],"[{'参数名': ['group', 'limit', 'user', 'groupedBy[]'], '参数类型': ['STRING', 'STRING', 'STRING', 'STRING'], '参数注意事项': ['Group ID', 'Number of users to be retrieved', 'User ID', 'Group result by: day || week || month']}]"
0.166450634598732,Startup Name Generator,https://rapidapi.com/ArcticFalcon/api/startup-name-generator/,startup-name-generator.p.rapidapi.com,GET:Get Random Startup Names,Enter a keyword and get random startup names,,"[{'参数名': ['keyword'], '参数类型': ['STRING'], '参数注意事项': ['']}]",[{}]
0.165918231010437,Timeneye Time Tracking,https://rapidapi.com/dmdigital/api/timeneye-time-tracking/,dmdigital-timeneye-time-tracking.p.rapidapi.com,POST:saveEntry,"Stores an entry, inserting or editing it (set entryId = -1 for inserts).",,[{}],[{}]
0.1658399999141693,Useful Business 1001 Functions,https://rapidapi.com/tec-2-scale-tec-2-scale-default/api/useful-business-1001-functions/,useful-business-1001-functions.p.rapidapi.com,POST:Nation To ISO,"The ""Nation to ISO"" REST endpoint is an API that converts a nation's name to its corresponding ISO country code, or vice versa. Users can input either the nation name or the ISO code, and the endpoint will return the corresponding output. For example, if the input is ""South Af...",Business,[{}],[{}]
0.16573885083198547,USPTO Trademark,https://rapidapi.com/pentium10/api/uspto-trademark/,uspto-trademark.p.rapidapi.com,POST:v1/batchSerialSearch,Does a serial number search in BATCH mode and returns,,[{}],[{}]
0.16503798961639404,Zoopla,https://rapidapi.com/apidojo/api/zoopla/,zoopla.p.rapidapi.com,GET:house-prices/get-running-costs,Get running costs,house prices,"[{'参数名': ['property_id'], '参数类型': ['NUMBER'], '参数注意事项': ['The value of property_id field returned in …/house-prices/estimate endpoint.']}]",[{}]
0.16491639614105225,VAT validation and tax rates,https://rapidapi.com/standingapi-standingapi-default/api/vat-validation-and-tax-rates/,vat-validation-and-tax-rates.p.rapidapi.com,GET:VAT price calculation API endpoint,"The Calculate Endpoint makes it easy to calculate a VAT compliant price given a country and price, as well as such optional values as the type of goods.",,[{}],"[{'参数名': ['vat_category'], '参数类型': ['STRING'], '参数注意事项': ['Some countries give reduced VAT rates for certain categories of goods. If you pass the VAT category in the request, the API will check if there is a reduced VAT rate for that country and category. For example, below is a request to get the VAT for 500 EUR worth of books in Germany']}]"
0.1648927628993988,regex_everything,https://rapidapi.com/walidmoultamis/api/regex_everything/,regex_everything.p.rapidapi.com,GET:to lower case,this endpoint is to lower case,,"[{'参数名': ['value'], '参数类型': ['STRING'], '参数注意事项': ['']}]",[{}]
0.16477134823799133,Paperlit,https://rapidapi.com/Paperlit/api/paperlit/,paperlit.p.rapidapi.com,GET:Publication,Retrieve information about a specific publication,Publications,"[{'参数名': ['projectid', 'publicationid'], '参数类型': ['STRING', 'STRING'], '参数注意事项': ['', '']}]",[{}]
0.16474440693855286,Shwe 2D Live Api,https://rapidapi.com/Thawtarlamin/api/shwe-2d-live-api/,shwe-2d-live-api.p.rapidapi.com,GET:Holidays of 2D,Holidays of 2D,,[{}],[{}]
0.16453540325164795,Shwe 2D Live Api,https://rapidapi.com/Thawtarlamin/api/shwe-2d-live-api/,shwe-2d-live-api.p.rapidapi.com,GET:3D Live,3D Live,,[{}],[{}]
0.16440853476524353,HTML to PDF conversion with CSS and JavaScript,https://rapidapi.com/tkdchamp/api/html-to-pdf-conversion-with-css-and-javascript/,tkdchamp-html-to-pdf-conversion-with-css-and-javascript.p.rapidapi.com,GET:urltopdf,URL / web page to PDF,,[{}],"[{'参数名': ['width', 'height', 'top', 'bottom', 'left', 'right', 'header', 'footer', 'cmt', 'encryption', 'noprint', 'nocopy', 'nomodify', 'wm', 'wm_x', 'wm_y', 'wm_angle', 'wm_opac', 'wm_sx', 'wm_sy', 'bg', 'bg2', 'bg3', 'bg_x', 'bg_y', 'bg_opac', 'bg_angle', 'bg_sx', 'bg_sy'], '参数类型': ['NUMBER', 'NUMBER', 'NUMBER', 'NUMBER', 'NUMBER', 'NUMBER', 'STRING', 'STRING', 'STRING', 'STRING', 'BOOLEAN', 'BOOLEAN', 'BOOLEAN', 'STRING', 'NUMBER', 'NUMBER', 'NUMBER', 'NUMBER', 'NUMBER', 'NUMBER', 'STRING', 'STRING', 'STRING', 'NUMBER', 'NUMBER', 'NUMBER', 'NUMBER', 'NUMBER', 'NUMBER'], '参数注意事项': ['width of the PDF', 'width of the PDF, 0 means one long page', 'top margin', 'bottom margin', 'left margin', 'right margin', 'location of custom header html', 'location of custom footer HTML', 'CSS media type, either print or screen', 'specifies encryption type', 'If set, Acrobat Reader does not allow printing', 'If set, Acrobat Reader does not allow copying', 'If set, Acrobat Reader does not allow modifying the PDF', 'The full URL where we can find the image you want to use as watermark', 'x location of the watermark', 'y location of the watermark', 'rotation angle of the watermark', 'opacity of the watermark', 'scaling factor for horizontal sizing', 'scaling factor for vertical sizing', 'Location of background image for the PDF', 'Location of second background image for the PDF', 'Location of third background image for the PDF', 'x location of background', 'y location of background', 'opacity of the background', 'rotation angle for the background', 'horizontal scaling for the background, 0 means scale to full width', 'vertical scaling for the background, 0 means scale to full height']}]"
0.16432040929794312,UGPROXY,https://rapidapi.com/ugproxy/api/ugproxy/,ugproxy.p.rapidapi.com,GET:Rotating Proxy API,API will respond with a random proxy currently active in the pool upon each request.,,[{}],[{}]
0.16311348974704742,Русский автомобильный апи,https://rapidapi.com/reviresmira/api/russkiy-avtomobilnyy-api/,russkiy-avtomobilnyy-api.p.rapidapi.com,GET:поиск,поиск,,[{}],[{}]
0.1629057675600052,Timeneye Time Tracking,https://rapidapi.com/dmdigital/api/timeneye-time-tracking/,dmdigital-timeneye-time-tracking.p.rapidapi.com,POST:authorizeUser,Exchanges email and password with an authToken.,,[{}],[{}]
0.16267907619476318,Dock API,https://rapidapi.com/dock-labs-ag-dock-labs-ag-default/api/dock-api1/,dock-api1.p.rapidapi.com,GET:/schemas,Get all schemas created by user. More info about List Schemas,schemas,[{}],"[{'参数名': ['limit', 'offset'], '参数类型': ['NUMBER', 'NUMBER'], '参数注意事项': ['How many items to return at one time (max 64)', 'How many items to offset by for pagination']}]"
0.16242501139640808,Quick Barcodes,https://rapidapi.com/Panda123a/api/quick-barcodes/,quick-barcodes.p.rapidapi.com,POST:Create Barcode,"Generate your barcode,
{""barcode_type"":<BARCODE_TYPE>, ""text"":<TEXT>}",,[{}],[{}]
0.162199467420578,Dock API,https://rapidapi.com/dock-labs-ag-dock-labs-ag-default/api/dock-api1/,dock-api1.p.rapidapi.com,POST:/data/deletestaging,"Deletes all data stored on our servers relating to your user account (credentials, dids, profiles - not authentication/account data). Thus can only be used in staging environments",data,[{}],[{}]
0.1621370166540146,Paperlit,https://rapidapi.com/Paperlit/api/paperlit/,paperlit.p.rapidapi.com,GET:Push,get Push,Push,"[{'参数名': ['projectid'], '参数类型': ['STRING'], '参数注意事项': ['']}]",[{}]
0.1618354171514511,Realty in US,https://rapidapi.com/apidojo/api/realty-in-us/,realty-in-us.p.rapidapi.com,GET:properties/list-similarities (Deprecated),List similar properties,properties,"[{'参数名': ['property_id', 'limit', 'prop_status'], '参数类型': ['NUMBER', 'NUMBER', 'STRING'], '参数注意事项': ['The value of property_id field returned in …/properties/list-…. or …/properties/v2/list-… endpoints.', 'The number of items responded', 'One of the followings : for_sale|for_rent']}]",[{}]
0.16157323122024536,TestPRivateRakuten,https://rapidapi.com/team-15/api/testprivaterakuten/,testprivaterakuten.p.rapidapi.com,GET:testing,blah,,[{}],[{}]
0.16145427525043488,Realty in US,https://rapidapi.com/apidojo/api/realty-in-us/,realty-in-us.p.rapidapi.com,GET:properties/detail (Deprecated),Get property detail information,properties,"[{'参数名': ['listing_id', 'prop_status', 'property_id'], '参数类型': ['STRING', 'STRING', 'STRING'], '参数注意事项': ['The value of listing_id field returned in …/properties/list-…. or …/properties/v2/list-… endpoints.', 'One of the followings : for_sale|for_rent', 'The value of property_id field returned in …/properties/list-…. or …/properties/v2/list-… endpoints.']}]",[{}]
0.1613306999206543,Testing out Sharing w/ Rachael,https://rapidapi.com/fortellis-apisteam/api/testing-out-sharing-w-rachael/,testing-out-sharing-w-rachael.p.rapidapi.com,GET:Input test,description of the endpoint,,"[{'参数名': ['testing'], '参数类型': ['STRING'], '参数注意事项': ['']}]",[{}]
0.1611832082271576,Add,https://rapidapi.com/sipp11/api/add2/,add2.p.rapidapi.com,GET:multiply,number multiplication,,"[{'参数名': ['a', 'b'], '参数类型': ['NUMBER', 'NUMBER'], '参数注意事项': ['', '']}]",[{}]
0.16055701673030853,Ultimate SERP Project,https://rapidapi.com/relu-consultancy-relu-consultancy-default/api/ultimate-serp-project/,ultimate-serp-project.p.rapidapi.com,GET:WebCapture: URL to PDF,"This API allows users to easily transform any publicly accessible webpage into a high-quality PDF. Simply input the URL of your desired webpage, and our API will capture a full-page screenshot and convert it into a shareable PDF.",,"[{'参数名': ['token', 'url'], '参数类型': ['STRING', 'STRING'], '参数注意事项': ['', '']}]",[{}]
0.1601477712392807,Dock API,https://rapidapi.com/dock-labs-ag-dock-labs-ag-default/api/dock-api1/,dock-api1.p.rapidapi.com,POST:/anchors,"Anchor one or more documents. If more than one docs are given, a merkle tree is created and root is anchored. More info about Anchors Creation",anchors,[{}],[{}]
0.16008448600769043,RapidAPI Credits,https://rapidapi.com/developer-relations/api/rapidapi-credits/,rapidapi-credits.p.rapidapi.com,GET:Step 2: Check Account Balance,Check your current account balance. Press [Test Endpoint] button (no config).,,[{}],[{}]
0.160040020942688,Dock API,https://rapidapi.com/dock-labs-ag-dock-labs-ag-default/api/dock-api1/,dock-api1.p.rapidapi.com,POST:/verify,Verifies a VCDM credential or presentation JSON-LD object. More info about Verify Credentials/Presentations,verify,[{}],[{}]
0.1599643975496292,Wow,https://rapidapi.com/sanity-eran-org-default/api/wow/,wow.p.rapidapi.com,GET:posts,posts,,[{}],[{}]
0.15976391732692719,Calendar,https://rapidapi.com/tstep916/api/calendar22/,calendar22.p.rapidapi.com,GET:Read event,Read an event by event ID on a calendar with calendar ID,,"[{'参数名': ['calendarId', 'eventId'], '参数类型': ['STRING', 'STRING'], '参数注意事项': ['', '']}]",[{}]
0.15974430739879608,South African VAT API,https://rapidapi.com/appaio/api/south-african-vat-api/,south-african-vat-api.p.rapidapi.com,POST:Verify South African VAT number,Verify a south african VAT Number,,[{}],[{}]
0.1592070758342743,Media Service[ The API provided to producer users],https://rapidapi.com/tvu-networks-tvu-networks-default/api/media-service-the-api-provided-to-producer-users/,media-service-the-api-provided-to-producer-users.p.rapidapi.com,POST:getOutputAccount,get output account by id,,[{}],[{}]
0.15883725881576538,Test,https://rapidapi.com/stephenchristophercreative-VsG3d3saq36/api/test7237/,test7237.p.rapidapi.com,GET:firstendpoint,ddddd,,[{}],"[{'参数名': ['d'], '参数类型': ['STRING'], '参数注意事项': ['']}]"
0.15870514512062073,VAT validation and tax rates,https://rapidapi.com/standingapi-standingapi-default/api/vat-validation-and-tax-rates/,vat-validation-and-tax-rates.p.rapidapi.com,GET:VAT rates & categories API endpoint,"The /categories/ endpoint makes it easy to get the latest VAT rates, including the reduced rates for certain categories, for a specific country.",,"[{'参数名': ['country_code'], '参数类型': ['STRING'], '参数注意事项': ['The two letter ISO 3166-1 alpha-2 code of the country in which the transaction takes place.']}]",[{}]
0.1584463268518448,Realty Mole Property,https://rapidapi.com/realtymole/api/realty-mole-property-api/,realty-mole-property-api.p.rapidapi.com,GET:Property Record by Id,"Returns a single property record matching the specified id, if it exists. Property ids can be obtained via the /properties, /saleListings or /rentalListings endpoints.",Property Data,"[{'参数名': ['propertyId'], '参数类型': ['STRING'], '参数注意事项': ['The id of the property record to return']}]",[{}]
0.1583530604839325,FatturaCheck,https://rapidapi.com/simontribus1996/api/fatturacheck/,fatturacheck.p.rapidapi.com,POST:XML to PDF Endpoint,"Converts a ""Fattura elettronica""-XML into a PDF file",,[{}],[{}]
0.15809044241905212,Paperlit,https://rapidapi.com/Paperlit/api/paperlit/,paperlit.p.rapidapi.com,GET:List Publication's Issues,List of publication's issues,Issues,"[{'参数名': ['projectid', 'publicationid'], '参数类型': ['STRING', 'STRING'], '参数注意事项': ['', '']}]",[{}]
0.15780675411224365,Woo-temp,https://rapidapi.com/matigrat/api/woo-temp/,woo-temp.p.rapidapi.com,GET:levels_category,get levels category,,[{}],[{}]
0.15762440860271454,WINART,https://rapidapi.com/winart/api/winart/,winart.p.rapidapi.com,GET:WINART,"WINART là nhà cung cấp các giải pháp thi công lắp đặt hàng đầu về mành rèm tại thị trường Hà Nội nói riêng và Việt Nam nói chung. WinArt mang đến cho bạn một thế giới mành rèm với đa dạng kiểu dáng, mẫu mã và những công năng ưu việt.Dây chuyền và nguyên vật liệu sản xuất đồng ...",,[{}],[{}]
0.15762361884117126,Paperlit,https://rapidapi.com/Paperlit/api/paperlit/,paperlit.p.rapidapi.com,GET:Project,Retrieve information about the specific project,Projects,"[{'参数名': ['projectid'], '参数类型': ['STRING'], '参数注意事项': ['']}]",[{}]
0.15715935826301575,VAT validation and tax rates,https://rapidapi.com/standingapi-standingapi-default/api/vat-validation-and-tax-rates/,vat-validation-and-tax-rates.p.rapidapi.com,GET:VAT validation API endpoint,"The Validate Endpoint takes a VAT number in the request, checks if that number is valid, and if it is valid, returns addition details about the company associated with that VAT number.",,"[{'参数名': ['vat_number'], '参数类型': ['STRING'], '参数注意事项': ['The VAT number to validate.']}]",[{}]
0.156782329082489,Random 1001 Functions,https://rapidapi.com/tec-2-scale-tec-2-scale-default/api/random-1001-functions/,random-1001-functions.p.rapidapi.com,POST:Generate Number,"Experience the convenience of our GenerateDecimal service, designed to produce random numbers within a specified range. Ideal for developers, testers, and professionals in need of unique numerical data for various applications.",,[{}],[{}]
0.1567727029323578,Apartments.com,https://rapidapi.com/epctex-epctex-default/api/apartments-com1/,apartments-com1.p.rapidapi.com,GET:getPropertyImages,Returns all the images and virtual tour links of a property by its ID,Image,"[{'参数名': ['propertyId'], '参数类型': ['STRING'], '参数注意事项': ['Property ID']}]",[{}]
0.15652525424957275,Quotation Service for Domestic Helper Insurance,https://rapidapi.com/duttagoutam/api/quotation-service-for-domestic-helper-insurance/,quotation-service-for-domestic-helper-insurance.p.rapidapi.com,POST:quote,Accept type for the current request,,[{}],[{}]
0.15622250735759735,User Auth,https://rapidapi.com/tvu-networks-tvu-networks-default/api/user-auth2/,user-auth2.p.rapidapi.com,GET:listBoxServices,获取九宫格列表,,"[{'参数名': ['session'], '参数类型': ['STRING'], '参数注意事项': ['']}]",[{}]
0.1562015414237976,HTML to PDF,https://rapidapi.com/proapi/api/html-to-pdf/,html-to-pdf.p.rapidapi.com,GET:HTML to PDF,Submit the URL of the HTML you want to convert. You can also provide a list of space-separated URLs that will be merged into the same PDF-File.,,[{}],"[{'参数名': ['viewport', 'margin-left', 'margin-bottom', 'margin-top', 'dpi', 'output', 'grayscale', 'format', 'margin', 'margin-right'], '参数类型': ['STRING', 'NUMBER', 'NUMBER', 'NUMBER', 'STRING', 'STRING', 'BOOLEAN', 'STRING', 'NUMBER', 'NUMBER'], '参数注意事项': ['Size of the ""browser window"" that renders your page (default: 1366x768)', 'margin in millimeters on left border', 'margin in millimeters on bottom border', 'margin in millimeters on top border', 'change the dpi of the document (default: 75)', 'What to return: ""data"": binary data of pdf or ""fileurl"": url of generated pdf-file for download', 'Render the pdf in greyscale (default: false)', 'Paper format: A4, letter, A3, … (default: A4)', 'margin in millimeters on all 4 borders (default: 0)', 'margin in millimeters on right border']}]"
0.15564647316932678,Idealista,https://rapidapi.com/scraperium/api/idealista7/,idealista7.p.rapidapi.com,GET:List Commercial Properties,List Commercial Properties.,Properties Listing,[{}],"[{'参数名': ['minPrice', 'maxPrice', 'minSize', 'maxSize', 'buildingTypes'], '参数类型': ['STRING', 'STRING', 'STRING', 'STRING', 'STRING'], '参数注意事项': ['', '', '', '', 'Pick between: premises|industrialBuilding. To use both, join with comma (String should be premises,industrialBuilding).']}]"
0.15532991290092468,Datafield,https://rapidapi.com/antoinederoche/api/datafield-1/,community-datafield.p.rapidapi.com,POST:*Get Token,A token is mandatory to call an API successfully. The provided user must be an account admin.,,[{}],[{}]
0.15528340637683868,ZenPayroll,https://rapidapi.com/zenpayroll/api/zenpayroll/,community-zenpayroll.p.rapidapi.com,PUT:Update Payroll,"This endpoint allows you to update information for one or more employees for a specific payroll. The payrolls are identified by their pay periods' start_date and end_date. Both are required and must correspond with an existing, unprocessed payroll. If the dates do not match, ...",Payrolls,"[{'参数名': ['access_token', 'company_id', 'pay_period_start_date'], '参数类型': ['STRING', 'STRING', 'STRING'], '参数注意事项': ['See http://docs.zenpayroll.com/v1/examples/authentication/', '', '']}]",[{}]
0.1544913351535797,CPF Format Validation,https://rapidapi.com/mainrenzossn/api/cpf-format-validation/,cpf-format-validation.p.rapidapi.com,GET:TOKEN,Returns the authentication token.,,[{}],[{}]
0.15429863333702087,Realty in US,https://rapidapi.com/apidojo/api/realty-in-us/,realty-in-us.p.rapidapi.com,GET:properties/v3/get-photos,Get photos of a property,properties,"[{'参数名': ['property_id'], '参数类型': ['STRING'], '参数注意事项': ['The value of property_id field returned in …/properties/…/list endpoint']}]",[{}]
0.15400294959545135,What3WordsConverter,https://rapidapi.com/gwhitdev/api/what3wordsconverter/,what3wordsconverter.p.rapidapi.com,POST:convert-single-postcode,Convert a single postcode.,,[{}],[{}]
0.15388794243335724,Concord Contract Management,https://rapidapi.com/concordworldwide/api/concord-contract-management/,concordworldwide-concord-contract-management-v1.p.rapidapi.com,GET:Get PDF,Requests the PDF version of a contract using the contract's unique identifier.,,[{}],[{}]
0.1529064178466797,Maintenanceman.nl asset management API,https://rapidapi.com/bheijkoop/api/maintenanceman-nl-asset-management-api/,maintenanceman-nl-asset-management-api.p.rapidapi.com,POST:getSchedule,Array of schedule items.,schedule,[{}],[{}]
0.15267035365104675,Idealista,https://rapidapi.com/scraperium/api/idealista7/,idealista7.p.rapidapi.com,GET:List New Homes,"List new home properties with the requested parameters. Buy/Rent > New home. Filters are optional parameters, please make sure the request follows the rules in each parameter.",Properties Listing,[{}],"[{'参数名': ['minPrice', 'maxPrice', 'housesOrChalets', 'flats', 'bedrooms0', 'bedrooms1', 'bedrooms2', 'bedrooms3', 'bedrooms4', 'rentToOwn', 'finished', 'stateSubsidized', 'bankOffer'], '参数类型': ['STRING', 'STRING', 'BOOLEAN', 'BOOLEAN', 'BOOLEAN', 'BOOLEAN', 'BOOLEAN', 'BOOLEAN', 'BOOLEAN', 'BOOLEAN', 'BOOLEAN', 'BOOLEAN', 'BOOLEAN'], '参数注意事项': ['', '', '', '', '', '', '', '', 'Set true if you want to filter by 4 or more bedrooms.', 'Set true if you want to filter by: For rent with buying option', 'Set true if you want to filter by: Finished new home', 'Set true if you want to filter by: Subsidized housing', '']}]"
0.15219414234161377,Test Plan,https://rapidapi.com/RapidSri/api/test-plan/,test-plan.p.rapidapi.com,POST:translate,translate,,[{}],[{}]
0.15129175782203674,Add,https://rapidapi.com/sipp11/api/add2/,add2.p.rapidapi.com,GET:pow,number power,,"[{'参数名': ['base', 'exponent'], '参数类型': ['NUMBER', 'NUMBER'], '参数注意事项': ['', '']}]",[{}]
0.15051326155662537,Currency Exchange Rates,https://rapidapi.com/standingapi-standingapi-default/api/currency-exchange-rates3/,currency-exchange-rates3.p.rapidapi.com,GET:Getting the latest exchange rate(s),"The /live/ endpoint returns the most recent exchange rate(s) for a given set of currencies. The base currency is the currency you're converting FROM, while the target currency or currencies are what you're converting TO.",,[{}],"[{'参数名': ['target'], '参数类型': ['STRING'], '参数注意事项': ['The target currency or currencies to get the exchange rate of versus the base currency. Like the base parameters, any currency passed here follows the ISO 4217 standard. If multiple currencies are passed in the target, they should be separated by commas (e.g., &target=EUR,CAD,AUD).']}]"
0.15048810839653015,Timeneye Time Tracking,https://rapidapi.com/dmdigital/api/timeneye-time-tracking/,dmdigital-timeneye-time-tracking.p.rapidapi.com,POST:getEntries,"Returns a list of the latest entries. You can filter it by projectId, dateFrom, dateTo or userId (the latter is only available for project managers or account owners to get another user's entries, or all users' entries using '-1'); you can use offset and limit to paginate the ...",,[{}],[{}]
0.15012134611606598,Paperlit,https://rapidapi.com/Paperlit/api/paperlit/,paperlit.p.rapidapi.com,GET:List Project's Issues,List of issues between all project's publications,Issues,"[{'参数名': ['projectid'], '参数类型': ['STRING'], '参数注意事项': ['']}]",[{}]
0.14993757009506226,Paperlit,https://rapidapi.com/Paperlit/api/paperlit/,paperlit.p.rapidapi.com,GET:List Channels,List of feed channels,Feed Channels,"[{'参数名': ['projectid'], '参数类型': ['STRING'], '参数注意事项': ['']}]",[{}]
0.14975515007972717,Realtor,https://rapidapi.com/epctex-epctex-default/api/realtor26/,realtor26.p.rapidapi.com,GET:searchSoldProperties,Returns all the sold properties that matches up by the filters,Property,[{}],"[{'参数名': ['minPrice', 'type', 'page', 'minBath', 'maxPrice', 'maxBed', 'maxBath', 'minBed', 'sort'], '参数类型': ['STRING', 'STRING', 'STRING', 'STRING', 'STRING', 'STRING', 'STRING', 'STRING', 'STRING'], '参数注意事项': ['Minimum price filter for search results', 'Type of the properties', 'Page for the pagination of the search results', 'Minimum baths filter for search results', 'Maximum price filter for search results', 'Maximum beds filter for search results', 'Maximum baths filter for search results', 'Minimum beds filter for search results', 'Sorting of the search results']}]"
0.14968165755271912,Dock API,https://rapidapi.com/dock-labs-ag-dock-labs-ag-default/api/dock-api1/,dock-api1.p.rapidapi.com,GET:/revocationStatus/{regId}/{revId},Get the revocation status of a credential. More info about Revocation Status,revocationStatus,"[{'参数名': ['regId', 'revId'], '参数类型': ['STRING', 'STRING'], '参数注意事项': ['Revocation registry id', 'Credential revocation id']}]",[{}]
0.14933384954929352,my-test-3,https://rapidapi.com/yonaszamare-tdd3wc8Bo1Y/api/my-test-3/,my-test-3.p.rapidapi.com,GET:Third-test-api,"My third test api, published on public portal",,[{}],[{}]
0.14921149611473083,Concord Contract Management,https://rapidapi.com/concordworldwide/api/concord-contract-management/,concordworldwide-concord-contract-management-v1.p.rapidapi.com,GET:Create a new Version,"Creates a new, updated version of a contract using a unique identifier (uid) to identify the contract.",,[{}],[{}]
0.14864987134933472,USPTO Trademark,https://rapidapi.com/pentium10/api/uspto-trademark/,uspto-trademark.p.rapidapi.com,POST:/v1/trademarkExpiring,"Based on start_dateand end_datereturns trademarks where the projected renewal/expiration date is between.
Please note that the expiration_date date is the last day until legally the renewal can be filled in.",,[{}],[{}]
0.14810755848884583,Realty in US,https://rapidapi.com/apidojo/api/realty-in-us/,realty-in-us.p.rapidapi.com,GET:properties/v2/list-similar-homes (Deprecated),List similar properties for sale,properties,"[{'参数名': ['property_id'], '参数类型': ['STRING'], '参数注意事项': ['The value of property_id field returned in …/properties/list-…. or …/properties/v2/list-… endpoints.']}]",[{}]
0.14790815114974976,Apartments.com,https://rapidapi.com/epctex-epctex-default/api/apartments-com1/,apartments-com1.p.rapidapi.com,GET:searchProperty,Returns all the properties that matches up by the filters,Property,[{}],"[{'参数名': ['minRent', 'minBed', 'maxRent', 'page', 'maxBed', 'maxBath', 'minBath', 'sort'], '参数类型': ['STRING', 'STRING', 'STRING', 'STRING', 'STRING', 'STRING', 'STRING', 'STRING'], '参数注意事项': ['Minimum rent filter for search results', 'Minimum beds filter for search results', 'Maximum rent filter for search results', 'Page for the pagination of the search results', 'Maximum beds filter for search results', 'Maximum baths filter for search results', 'Minimum baths filter for search results', 'Sort the search results']}]"
0.14739620685577393,Validate VAT Number,https://rapidapi.com/futureapi-futureapi-default/api/validate-vat-number/,validate-vat-number.p.rapidapi.com,GET:VAT validation API endpoint,Input,,"[{'参数名': ['vat'], '参数类型': ['STRING'], '参数注意事项': ['VAT identification number with country prefix, e.g. IE8256796U']}]",[{}]
0.1473463475704193,Cron,https://rapidapi.com/geekfeed/api/cron/,cron.p.rapidapi.com,POST:/validator,validate cron(Minutes Hours Day-of-month Month Day-of-week Year) expressions,,[{}],[{}]
0.14665746688842773,currencylayer,https://rapidapi.com/apilayer/api/currencylayer/,apilayer-currencylayer-v1.p.rapidapi.com,"GET:""change"" endpoint - request a currency's change parameters","Using the ""change"" API endpoint, you can obtain the ""change"" parameters (margin and percentage) of one or more currencies, optionally within a specific time-frame. Important: If you do not specify a time-frame, change parameters for ""yesterday to now"" will be displayed.",,[{}],"[{'参数名': ['currencies', 'start_date', 'end_date', 'source'], '参数类型': ['STRING', 'STRING', 'STRING', 'STRING'], '参数注意事项': ['""currencies"" - request only specific currencies (e.g. EUR,CAD,GBP)', '""start_date"" - optional - the starting date of the time-frame you want to specify (format: YYYY-MM-DD)', '""end_date"" - optional - the end date of the time-frame you want to specify (format: YYYY-MM-DD)', '""source"" - the currency to which all other exchange rates are relative (""Source Currency"")']}]"
0.14637073874473572,Paperlit,https://rapidapi.com/Paperlit/api/paperlit/,paperlit.p.rapidapi.com,GET:List Source Feeds,List of source feeds set in the specified channel,Feed Channels,"[{'参数名': ['projectid', 'channelid'], '参数类型': ['STRING', 'STRING'], '参数注意事项': ['', '']}]",[{}]
0.14634573459625244,ZenPayroll,https://rapidapi.com/zenpayroll/api/zenpayroll/,community-zenpayroll.p.rapidapi.com,GET:/api/v1/me,Returns: Information pertaining to the currently authenticated user.,,"[{'参数名': ['access_token'], '参数类型': ['STRING'], '参数注意事项': ['See http://docs.zenpayroll.com/v1/examples/authentication/']}]",[{}]
0.1462245136499405,resumetsy,https://rapidapi.com/edeveloper17/api/resumetsy/,resumetsy.p.rapidapi.com,POST:/api/translate,The /api/translate endpoint is a sophisticated Multilingual PDF-to-JSON Translator designed to handle resumes in PDF format and convert them into JSON representations while also providing the option to translate the content into other languages,,[{}],[{}]
0.14597690105438232,GTmetrix,https://rapidapi.com/gtmetrix/api/gtmetrix/,gtmetrix-gtmetrix.p.rapidapi.com,GET:results,"Fetch the results of a launched test, and when complete, access the test data and resources.",,"[{'参数名': ['test_id'], '参数类型': ['STRING'], '参数注意事项': ['Test ID']}]",[{}]
0.1459699273109436,Custom QR Code,https://rapidapi.com/qrgraphix1/api/custom-qr-code1/,custom-qr-code1.p.rapidapi.com,POST:Upload Logo,"Upload logo to be displayed on your QR Code. You can also upload logo at following link:
https://www.qrgraphix.com/upload-logo",,[{}],[{}]
0.14546088874340057,h2s,https://rapidapi.com/pukhrajcode2stay-2tqosgKmr9T/api/h2s/,h2s.p.rapidapi.com,GET:H2s,H2s,,[{}],[{}]
0.1451864242553711,test,https://rapidapi.com/pupix/api/test1780/,test1780.p.rapidapi.com,GET:test,test,,[{}],[{}]
0.1451864242553711,Clean NYC test,https://rapidapi.com/printingdigital/api/clean-nyc-test/,clean-nyc-test.p.rapidapi.com,GET:Test,test,,[{}],[{}]
0.1451864242553711,Brisbane Agency,https://rapidapi.com/voltomedia/api/brisbane-agency/,brisbane-agency.p.rapidapi.com,GET:Test,test,,[{}],[{}]
0.1451864242553711,Printing Brooklyn test,https://rapidapi.com/printingdigital/api/printing-brooklyn-test/,printing-brooklyn-test.p.rapidapi.com,GET:Test,test,,[{}],[{}]
0.1451864242553711,Luxury Printing test,https://rapidapi.com/printingdigital/api/luxury-printing-test/,luxury-printing-test.p.rapidapi.com,GET:Test,test,,[{}],[{}]
0.1451864242553711,Printing New York Test,https://rapidapi.com/printingdigital/api/printing-new-york-test/,printing-new-york-test.p.rapidapi.com,GET:Test,test,,[{}],[{}]
0.1451864242553711,AIzaSyA0F6Xwf9qEuXyqkdkuTEuGveD4d2LglDk,https://rapidapi.com/ayousseef/api/aizasya0f6xwf9qeuxyqkdkuteugved4d2lgldk/,aizasya0f6xwf9qeuxyqkdkuteugved4d2lgldk.p.rapidapi.com,GET:test,test,,[{}],[{}]
0.1451864242553711,Sales Tax USA,https://rapidapi.com/brisbaneagency/api/sales-tax-usa/,sales-tax-usa.p.rapidapi.com,GET:Test,Test,,[{}],[{}]
0.1451864242553711,Test dazdu,https://rapidapi.com/bj8712/api/test-dazdu/,test-dazdu.p.rapidapi.com,GET:Test,test,,[{}],[{}]
0.1451864242553711,WooCommerce Sales Tax,https://rapidapi.com/presetylightroom/api/woocommerce-sales-tax/,woocommerce-sales-tax.p.rapidapi.com,GET:Test,Test,,[{}],[{}]
0.1451864242553711,Gorilla Printing test,https://rapidapi.com/printingdigital/api/gorilla-printing-test/,gorilla-printing-test.p.rapidapi.com,GET:Test,test,,[{}],[{}]
0.1451864242553711,Million Dollar Gift Club,https://rapidapi.com/voltomedia/api/million-dollar-gift-club/,million-dollar-gift-club.p.rapidapi.com,GET:Test,Test,,[{}],[{}]
0.1451864242553711,1800 Printing Test,https://rapidapi.com/printingdigital/api/1800-printing-test/,1800-printing-test.p.rapidapi.com,GET:Test,Test,,[{}],[{}]
0.1451864242553711,checkmail,https://rapidapi.com/phanchitam.info/api/checkmail1/,checkmail1.p.rapidapi.com,GET:test,test,,[{}],[{}]
0.14516186714172363,Price Generator,https://rapidapi.com/lundysolutions/api/price-generator/,price-generator.p.rapidapi.com,GET:Generate Price After Fees,Calculate the price you have to charge customers to take account of fees you may wish to charge or you may be charged in addition to the amount of revenue you'd like to make per transaction.,,[{}],"[{'参数名': ['decimal_places'], '参数类型': ['STRING'], '参数注意事项': ['The number of decimal places to round the final price to.\nIf your currency only uses whole numbers use 0 for this value.\nThis value defaults to 2 decimal places if not specified.']}]"
0.14500710368156433,ZenPayroll,https://rapidapi.com/zenpayroll/api/zenpayroll/,community-zenpayroll.p.rapidapi.com,GET:/api/v1/companies/:company_id/employees,Array of all employees currently employeed with this company.,Employees,"[{'参数名': ['access_token', 'company_id'], '参数类型': ['STRING', 'STRING'], '参数注意事项': ['See http://docs.zenpayroll.com/v1/examples/authentication/', '']}]",[{}]
0.1449984908103943,Pamfax,https://rapidapi.com/pamfax/api/pamfax/,pamfax-pamfax.p.rapidapi.com,GET:ListLanguages,List all available languages. Result may be filtered to that only languages are returned that are at least translated $min_percent_translated %,Common,[{}],"[{'参数名': ['min_percent_translated'], '参数类型': ['STRING'], '参数注意事项': ['the percentage value the languages have to be translated (default: 75)']}]"
0.143789604306221,Dock API,https://rapidapi.com/dock-labs-ag-dock-labs-ag-default/api/dock-api1/,dock-api1.p.rapidapi.com,POST:/presentations,Creates and signs a verifiable presentation out of one or more Verifiable Credentials. More info about Presentations,presentations,[{}],[{}]
0.14368689060211182,mgs,https://rapidapi.com/kaynat1234/api/mgs2/,mgs2.p.rapidapi.com,POST:Sell your Gun,Sell your Gun,,[{}],[{}]
0.14343589544296265,Realtor,https://rapidapi.com/epctex-epctex-default/api/realtor26/,realtor26.p.rapidapi.com,GET:searchPropertyForSell,Returns all the properties for sell that matches up by the filters,Property,[{}],"[{'参数名': ['minPrice', 'maxBed', 'minBath', 'maxBath', 'sort', 'type', 'minBed', 'maxPrice', 'page'], '参数类型': ['STRING', 'STRING', 'STRING', 'STRING', 'STRING', 'STRING', 'STRING', 'STRING', 'STRING'], '参数注意事项': ['Minimum price filter for search results', 'Maximum beds filter for search results', 'Minimum baths filter for search results', 'Maximum baths filter for search results', 'Sorting of the search results', 'Type of the properties', 'Minimum beds filter for search results', 'Maximum price filter for search results', 'Page for the pagination of the search results']}]"
0.14336396753787994,Broadway Wine,https://rapidapi.com/broadway-wine-n-liquor-broadway-wine-n-liquor-default/api/broadway-wine/,broadway-wine.p.rapidapi.com,GET:Test,Test ending,,[{}],[{}]
0.14279532432556152,Financial & Business News API,https://rapidapi.com/mj-api-development-mj-api-development-default/api/financial-business-news-api/,financial-business-news-api.p.rapidapi.com,GET:Get Article by UUID,Will return an article matching a specific UUID number supplied as path parameter.,,"[{'参数名': ['UUID'], '参数类型': ['STRING'], '参数注意事项': ['']}]",[{}]
0.1424071490764618,Test,https://rapidapi.com/umangp/api/test6914/,test6914.p.rapidapi.com,GET:test,this is test endpoint,,[{}],[{}]
0.14191213250160217,Zoopla,https://rapidapi.com/apidojo/api/zoopla/,zoopla.p.rapidapi.com,GET:properties/get-running-costs,Get running costs,properties,[{}],"[{'参数名': ['category', 'section'], '参数类型': ['STRING', 'STRING'], '参数注意事项': ['One of the following residential|commercial', 'One of the following for-sale|to-rent']}]"
